transaction_id,is_fraud
TXN29219741,0
TXN47370973,1
TXN58067641,1
TXN19763371,0
TXN75897578,1
TXN74311023,1
TXN76552878,0
TXN49619105,0
TXN82960359,1
TXN23387536,1
TXN05998884,1
TXN56536537,0
TXN27435300,0
TXN81313141,0
TXN24624890,0
TXN77438581,1
TXN73919696,0
TXN58062970,0
TXN86091524,0
TXN87549713,1
TXN10711063,0
TXN57597482,1
TXN18632873,1
TXN66279919,0
TXN29221620,0
TXN55058523,0
TXN53986595,1
TXN57937051,0
TXN06572942,0
TXN97261252,0
TXN60142384,1
TXN32821256,1
TXN60438059,0
TXN95580212,0
TXN06814855,0
TXN22615957,0
TXN24179523,0
TXN72633424,0
TXN55998919,0
TXN01246259,1
TXN32278207,1
TXN99403860,1
TXN62184149,0
TXN61632527,1
TXN59520442,0
TXN70989904,1
TXN72865979,0
TXN23677631,0
TXN27488858,1
TXN28165170,1
TXN06471282,0
TXN68654357,0
TXN36545152,0
TXN89229763,0
TXN46177037,0
TXN24952187,1
TXN29346629,0
TXN86719292,0
TXN20841031,1
TXN29018257,0
TXN99389689,0
TXN84369747,1
TXN50633847,1
TXN80707307,0
TXN29769115,1
TXN82692144,1
TXN17389200,1
TXN42653040,1
TXN18870876,0
TXN59896532,0
TXN81097863,1
TXN94357211,1
TXN10053495,0
TXN71962431,1
TXN43001858,0
TXN67572461,0
TXN44241817,1
TXN24335310,0
TXN14163669,0
TXN32601127,0
TXN25730426,1
TXN20614510,0
TXN81501556,1
TXN89758027,1
TXN78423665,1
TXN69148569,1
TXN60255724,1
TXN26697893,1
TXN98800458,0
TXN48862882,1
TXN16260714,0
TXN55183645,1
TXN53944922,0
TXN06470582,0
TXN10775364,0
TXN79831825,0
TXN11533203,1
TXN81349268,1
TXN91437231,1
TXN74842758,1
TXN64962840,1
TXN22970954,0
TXN98443557,0
TXN11302172,0
TXN66020462,1
TXN26094732,1
TXN17554425,1
TXN08626263,0
TXN20250360,1
TXN43598309,0
TXN64069817,0
TXN61041497,0
TXN44871531,1
TXN66564483,0
TXN58652896,1
TXN30550246,1
TXN58258906,1
TXN76825989,0
TXN38306399,1
TXN77757709,0
TXN93379663,1
TXN72604285,1
TXN96600483,1
TXN60754096,0
TXN72752468,0
TXN63958832,1
TXN09814748,1
TXN33543273,1
TXN21418605,1
TXN26863048,0
TXN35649906,0
TXN55407882,1
TXN79045704,1
TXN41498091,0
TXN04925995,0
TXN95348746,0
TXN85409565,0
TXN22876446,0
TXN24805995,0
TXN73952299,0
TXN89858604,1
TXN48265938,0
TXN25894644,1
TXN36244252,1
TXN85582020,0
TXN78097432,0
TXN74599338,0
TXN47799472,1
TXN94577866,0
TXN56685464,0
TXN45563027,0
TXN09389218,1
TXN69126214,1
TXN23235326,1
TXN74373008,0
TXN43272491,0
TXN01425576,1
TXN48672720,0
TXN47326131,0
TXN33604250,0
TXN56946431,1
TXN53566972,1
TXN48966448,1
TXN78726452,0
TXN37391768,0
TXN35881976,0
TXN29321593,0
TXN28645898,0
TXN83586340,0
TXN51129339,0
TXN98507231,0
TXN29081968,0
TXN30015049,0
TXN40671664,1
TXN87691483,0
TXN23839703,0
TXN52637571,0
TXN26094200,1
TXN03454814,0
TXN85904253,1
TXN66877683,0
TXN32043220,1
TXN31369247,1
TXN22912446,0
TXN32150240,1
TXN90107679,0
TXN69488805,0
TXN14418365,1
TXN16710780,1
TXN21101778,1
TXN92059154,0
TXN80840317,0
TXN16727430,0
TXN66539059,0
TXN06601976,1
TXN09897335,0
TXN00445060,1
TXN15034582,0
TXN10740141,0
TXN92280912,1
TXN80491830,1
TXN07466965,0
TXN08589447,1
TXN51438798,0
TXN69071290,0
TXN46152719,0
TXN66714132,1
TXN24808481,0
TXN63465232,0
TXN63768139,0
TXN46076304,1
TXN51496369,0
TXN73500803,0
TXN90503978,1
TXN96134380,0
TXN87305417,1
TXN56419156,1
TXN64991838,0
TXN10786024,1
TXN66012110,1
TXN22706699,1
TXN30482485,0
TXN45903040,1
TXN60636041,0
TXN16832218,0
TXN27418037,0
TXN39565892,0
TXN46842053,1
TXN19389338,1
TXN30058686,0
TXN13242475,1
TXN34859685,1
TXN13806617,1
TXN42302625,1
TXN56009215,1
TXN23052161,1
TXN88438776,0
TXN65729700,1
TXN52481799,1
TXN49861749,0
TXN98843030,0
TXN91061559,0
TXN35228506,0
TXN06789282,0
TXN77580941,1
TXN14748816,1
TXN53739239,1
TXN52547143,1
TXN25354053,1
TXN93731396,0
TXN39675853,0
TXN84344915,0
TXN20157454,0
TXN99581363,1
TXN67583942,0
TXN41883120,1
TXN75312513,1
TXN09732789,0
TXN84502802,1
TXN73027479,0
TXN63428912,0
TXN04589947,1
TXN80097220,0
TXN33288635,1
TXN30408297,0
TXN59493617,1
TXN28144930,1
TXN25482781,0
TXN26020593,0
TXN53295976,1
TXN34642929,0
TXN56974185,1
TXN11345333,0
TXN41629098,0
TXN18776189,0
TXN32455901,0
TXN87944894,0
TXN22161334,0
TXN10097692,1
TXN39501237,1
TXN76857740,1
TXN72170940,1
TXN40894069,0
TXN89236560,0
TXN43372893,1
TXN18572446,1
TXN73807996,1
TXN63574361,0
TXN00031759,0
TXN76085163,1
TXN31789220,0
TXN89886118,1
TXN27671100,0
TXN74619928,1
TXN96829985,0
TXN10078502,1
TXN69287579,1
TXN33943242,1
TXN10193530,0
TXN88042076,0
TXN91822272,1
TXN81939690,0
TXN73448979,0
TXN91629850,0
TXN69724950,1
TXN57452883,1
TXN52898876,0
TXN26222469,1
TXN92778108,1
TXN82408030,0
TXN29537581,1
TXN11757143,0
TXN10972212,0
TXN42840377,0
TXN87241741,0
TXN14633777,1
TXN07084712,1
TXN47388627,0
TXN46680331,0
TXN20268196,0
TXN43737699,1
TXN85166724,0
TXN55954041,1
TXN07315380,1
TXN87886505,0
TXN55215022,1
TXN03557430,0
TXN15173062,0
TXN17449293,0
TXN71289383,0
TXN16858667,0
TXN02707896,0
TXN97848308,1
TXN28536275,1
TXN70422504,1
TXN22749634,1
TXN72309310,0
TXN50618278,0
TXN57727255,1
TXN44374765,1
TXN57691912,0
TXN79708590,1
TXN71429937,0
TXN42910073,1
TXN77353804,1
TXN65403487,0
TXN63632780,1
TXN65639418,1
TXN19637948,0
TXN70525512,0
TXN87356008,1
TXN43166408,1
TXN73534026,0
TXN74782185,1
TXN57522790,0
TXN78842465,1
TXN72721427,1
TXN07163202,0
TXN70829130,0
TXN59551363,0
TXN61524642,0
TXN90822589,1
TXN11874610,1
TXN44737791,1
TXN76418079,1
TXN98399352,1
TXN53630727,0
TXN11438439,0
TXN21137854,1
TXN74563134,1
TXN95123201,0
TXN29950641,0
TXN43096003,0
TXN94682404,0
TXN53537329,1
TXN43602604,0
TXN25836722,1
TXN65999898,0
TXN34459888,0
TXN52585232,1
TXN48702651,1
TXN88233351,1
TXN98693287,1
TXN84617382,1
TXN33463655,1
TXN59070919,0
TXN65078427,1
TXN19124119,1
TXN15635182,1
TXN08892910,0
TXN97546656,1
TXN66070788,0
TXN20230088,1
TXN94336853,0
TXN96775066,1
TXN67538144,1
TXN17536633,1
TXN25116410,0
TXN10817537,0
TXN04620391,0
TXN48233065,0
TXN42836208,0
TXN82621276,0
TXN56035388,0
TXN00022984,1
TXN11409561,1
TXN85621927,1
TXN57452733,1
TXN35878972,0
TXN03040610,0
TXN25070368,1
TXN12779203,0
TXN30995140,1
TXN37362834,0
TXN22578018,1
TXN83303838,0
TXN34217068,1
TXN26801787,0
TXN50512129,1
TXN49388134,0
TXN26604971,0
TXN22082736,1
TXN71436702,0
TXN77535800,0
TXN51454539,1
TXN04438474,1
TXN51662391,0
TXN53365953,1
TXN46323296,1
TXN52577794,1
TXN65087659,0
TXN52029924,0
TXN84254720,1
TXN08002161,1
TXN19709551,0
TXN84981127,1
TXN34014251,0
TXN53429595,1
TXN24615706,1
TXN88774478,0
TXN02180813,0
TXN84257739,1
TXN48412006,1
TXN43828742,1
TXN75709239,1
TXN42088636,0
TXN07041886,0
TXN94002662,0
TXN36092240,1
TXN06946321,0
TXN70101524,1
TXN54278336,1
TXN23395194,0
TXN83066429,0
TXN86268039,0
TXN01523162,0
TXN27265527,1
TXN58527304,0
TXN16746486,0
TXN84443051,0
TXN14691788,0
TXN33156063,0
TXN03219855,1
TXN47100999,1
TXN71719438,1
TXN82119064,1
TXN98916250,0
TXN01225804,0
TXN68183056,0
TXN17341287,0
TXN91468282,0
TXN42808201,0
TXN68105607,1
TXN29563037,1
TXN43117977,0
TXN26577936,0
TXN50096674,0
TXN60107934,0
TXN90493562,0
TXN98488658,0
TXN66684065,1
TXN48327163,1
TXN19697213,0
TXN29239504,1
TXN55407684,0
TXN95353896,0
TXN54189372,1
TXN32924162,0
TXN93875493,0
TXN20778445,1
TXN15743169,1
TXN45930172,0
TXN47508843,1
TXN42518819,1
TXN78072092,1
TXN97313122,1
TXN68211250,1
TXN58812930,0
TXN08407400,1
TXN36358811,0
TXN77174577,0
TXN47251987,0
TXN31302638,0
TXN20902731,0
TXN85936869,1
TXN44279978,1
TXN02847293,0
TXN92481876,0
TXN41648670,0
TXN65335512,0
TXN15903383,1
TXN75082374,1
TXN06740901,0
TXN51770775,0
TXN62698960,1
TXN23921561,0
TXN07179612,0
TXN11483256,0
TXN33070227,1
TXN76567061,1
TXN85470274,1
TXN76368155,1
TXN32505527,1
TXN45727251,0
TXN05553834,0
TXN15817629,1
TXN51189308,0
TXN50212311,0
TXN73939833,0
TXN14172008,1
TXN90381482,1
TXN75876397,1
TXN73502612,0
TXN08225855,1
TXN69251630,1
TXN52580190,0
TXN83792028,1
TXN96555745,1
TXN79536352,1
TXN81517148,1
TXN73007338,0
TXN06755340,1
TXN98577284,1
TXN05132541,0
TXN06026562,0
TXN87132369,1
TXN92185834,0
TXN28612972,0
TXN78763485,1
TXN10914554,1
TXN88527008,0
TXN91968994,1
TXN32158272,1
TXN61473778,0
TXN97917703,1
TXN51071098,1
TXN23752934,1
TXN75704264,1
TXN92921246,1
TXN60844619,1
TXN73878559,1
TXN61636624,1
TXN83426791,1
TXN20778515,0
TXN33324347,0
TXN32686649,1
TXN83711069,1
TXN29510678,0
TXN34119285,1
TXN26516884,1
TXN14267417,0
TXN75827076,0
TXN36303053,0
TXN02834286,1
TXN73430753,1
TXN10399101,1
TXN26392472,1
TXN60467474,0
TXN96398167,1
TXN86679010,1
TXN95191246,0
TXN65870152,0
TXN41855524,0
TXN57857227,1
TXN38857097,0
TXN41765970,1
TXN09272391,1
TXN45331611,1
TXN46308555,1
TXN45392108,1
TXN68880089,1
TXN30769469,0
TXN94445203,0
TXN36819247,1
TXN43095425,0
TXN05824894,1
TXN23288776,1
TXN90483157,0
TXN11090684,1
TXN86790287,0
TXN45496792,1
TXN66025197,1
TXN06563359,0
TXN96753538,0
TXN82140410,1
TXN90656888,0
TXN23177670,0
TXN83051443,1
TXN61529255,0
TXN32267528,0
TXN28387763,0
TXN43333523,0
TXN84814149,0
TXN02230543,0
TXN20694895,0
TXN75764503,1
TXN74975125,0
TXN33144379,0
TXN46614956,1
TXN10730845,0
TXN03298416,0
TXN55855085,0
TXN19760121,0
TXN15070209,0
TXN46783611,1
TXN35256906,0
TXN04199981,0
TXN66715478,1
TXN80357314,0
TXN97819266,0
TXN38523396,1
TXN87476108,0
TXN01528051,1
TXN38083633,0
TXN60743701,1
TXN13917663,0
TXN46185992,1
TXN19624460,1
TXN44994455,0
TXN13571952,0
TXN94740503,0
TXN07977093,1
TXN74701646,0
TXN66915604,1
TXN21798765,1
TXN86183198,1
TXN57516981,1
TXN04892004,0
TXN53372638,0
TXN20380299,1
TXN92697528,1
TXN07186744,1
TXN89718003,0
TXN82662639,0
TXN18552012,0
TXN20487395,0
TXN18593004,1
TXN12667939,0
TXN62797513,0
TXN61488872,1
TXN96424732,1
TXN16807900,1
TXN13382898,0
TXN49033421,0
TXN72997065,1
TXN57048726,1
TXN73329388,1
TXN27835325,1
TXN52005846,0
TXN19376298,0
TXN21905153,1
TXN58100037,0
TXN57316442,1
TXN26568186,1
TXN93092216,1
TXN16792411,0
TXN35488784,0
TXN21637715,1
TXN42490678,0
TXN99314511,0
TXN56776258,0
TXN07237883,0
TXN04704241,0
TXN13063161,1
TXN35670532,0
TXN74100274,0
TXN00981787,1
TXN52920275,0
TXN24053789,0
TXN72127253,0
TXN30769995,1
TXN35094325,0
TXN87684643,1
TXN34236245,0
TXN27553415,0
TXN49532588,1
TXN61660316,0
TXN21268858,0
TXN38142252,1
TXN99711883,0
TXN42124190,0
TXN23128577,1
TXN52453167,1
TXN90335358,1
TXN17150414,0
TXN95835937,0
TXN57839511,1
TXN45919089,1
TXN04054037,1
TXN98547052,1
TXN36592844,0
TXN20125707,0
TXN28035348,1
TXN71431341,1
TXN27205815,0
TXN15298098,0
TXN75263033,1
TXN39829231,1
TXN80682055,1
TXN04600107,1
TXN57804434,1
TXN73657358,0
TXN79639078,1
TXN31351417,0
TXN23939629,0
TXN62427136,1
TXN80166310,0
TXN69641386,0
TXN12423770,0
TXN71101295,1
TXN81319066,0
TXN65271412,0
TXN36092228,1
TXN23640432,0
TXN33540632,0
TXN04344057,1
TXN24559539,0
TXN12940175,1
TXN45507401,0
TXN07220857,0
TXN77667445,0
TXN73088925,0
TXN72481985,1
TXN64020196,1
TXN28586341,1
TXN09684718,1
TXN09829872,1
TXN32091460,0
TXN74769282,0
TXN30069320,1
TXN02925863,1
TXN38601930,0
TXN97590554,0
TXN94866334,1
TXN37625735,1
TXN54632337,0
TXN12013096,0
TXN33560492,1
TXN04020333,1
TXN77748942,0
TXN59038018,0
TXN21243338,1
TXN56827462,1
TXN04885719,0
TXN85328613,0
TXN22461959,0
TXN81754270,1
TXN92940193,1
TXN72266148,1
TXN43379838,1
TXN09260975,1
TXN05244722,1
TXN89228460,0
TXN25635337,0
TXN12556663,0
TXN34575468,1
TXN30560769,0
TXN50668700,0
TXN06275355,0
TXN72836417,1
TXN30447444,1
TXN21453254,1
TXN44791297,0
TXN45691200,0
TXN63687606,1
TXN12309891,1
TXN35354761,0
TXN58542001,1
TXN21630045,0
TXN40819226,1
TXN72923554,0
TXN83129972,1
TXN09867604,0
TXN80992845,1
TXN65685396,0
TXN36504542,1
TXN68243416,0
TXN41999695,0
TXN69461440,1
TXN99032344,0
TXN47730526,1
TXN90955409,1
TXN81161722,0
TXN53051670,0
TXN51546067,0
TXN04499690,1
TXN23909950,0
TXN04588845,1
TXN86891940,1
TXN23027276,0
TXN74658806,0
TXN86450255,0
TXN17239419,0
TXN67849515,0
TXN42424414,1
TXN30185713,0
TXN73665161,1
TXN51075925,0
TXN36511478,0
TXN87489376,0
TXN79447484,0
TXN13396438,0
TXN34377724,1
TXN46703823,1
TXN47828323,0
TXN56259300,0
TXN52728176,1
TXN44212074,1
TXN07221056,1
TXN53530548,0
TXN31226474,1
TXN53788073,1
TXN72580794,0
TXN96546268,1
TXN68609735,1
TXN58136014,0
TXN62928025,1
TXN82720075,1
TXN15736666,0
TXN68893614,0
TXN82403718,1
TXN38626094,0
TXN05255569,1
TXN03611820,1
TXN63571600,0
TXN71497186,1
TXN42746056,0
TXN07294632,0
TXN99854196,1
TXN75536717,1
TXN03172849,1
TXN16659652,1
TXN43722220,1
TXN39920252,1
TXN28764578,0
TXN78761311,1
TXN16186649,1
TXN20467028,0
TXN71544003,0
TXN76977731,1
TXN58730523,1
TXN00864890,1
TXN89733581,1
TXN35658048,0
TXN57335128,0
TXN45799993,0
TXN46602342,1
TXN79809298,0
TXN60993946,1
TXN60499595,1
TXN85534483,0
TXN61605094,0
TXN16317310,1
TXN92765467,1
TXN30285894,0
TXN90084297,0
TXN35603845,0
TXN49088233,0
TXN82652683,1
TXN24248742,1
TXN76484133,0
TXN40687298,0
TXN20398636,1
TXN11685314,0
TXN35017123,1
TXN03700754,1
TXN91300326,1
TXN42231035,0
TXN57278922,0
TXN05665980,0
TXN84204113,1
TXN54125041,1
TXN37097631,1
TXN87070540,1
TXN41683837,0
TXN26761716,0
TXN35508742,1
TXN12983902,1
TXN12307664,1
TXN52836561,1
TXN26670193,1
TXN52197048,0
TXN64623507,1
TXN70038437,1
TXN74360745,1
TXN38090443,0
TXN39454817,0
TXN15385431,1
TXN23774144,1
TXN54034791,0
TXN81568449,0
TXN18192844,0
TXN63628725,0
TXN42195887,0
TXN98531154,0
TXN90564392,0
TXN09509204,0
TXN63008030,0
TXN69510855,1
TXN92488821,1
TXN75908585,1
TXN79111952,1
TXN35976194,0
TXN67322124,0
TXN38599225,0
TXN60725909,1
TXN95863559,1
TXN89345447,0
TXN61629806,1
TXN07379928,1
TXN78872619,0
TXN09640155,0
TXN94004019,0
TXN82189764,1
TXN58142334,0
TXN44421260,0
TXN78066233,1
TXN52556066,1
TXN64018599,0
TXN72333016,0
TXN09711086,1
TXN05093302,1
TXN48198915,0
TXN78589115,0
TXN11092323,1
TXN57041390,0
TXN43719987,1
TXN14777890,1
TXN94971619,0
TXN94595809,0
TXN31844787,0
TXN13985907,1
TXN05981330,1
TXN45600448,1
TXN39457975,0
TXN07339449,1
TXN20385662,1
TXN77360807,1
TXN12022572,0
TXN81271954,1
TXN93332659,1
TXN75072378,0
TXN21911616,1
TXN86126109,0
TXN16298465,0
TXN49008129,0
TXN26293900,1
TXN20009782,0
TXN83175624,1
TXN92419129,0
TXN11457147,0
TXN70177050,1
TXN53209220,1
TXN01487321,1
TXN61125278,0
TXN33914653,1
TXN26186587,1
TXN36437512,1
TXN53686226,1
TXN07158542,0
TXN27051962,1
TXN47368969,1
TXN19057687,0
TXN66994884,1
TXN60062834,0
TXN99852197,0
TXN06754743,0
TXN45207118,1
TXN35813364,0
TXN83540792,1
TXN64204493,1
TXN28999807,0
TXN56660778,1
TXN27372395,1
TXN27602936,0
TXN33671281,0
TXN96279482,0
TXN51143153,0
TXN41953411,1
TXN02901499,0
TXN68168453,1
TXN40591578,0
TXN13491553,0
TXN54852797,1
TXN67057474,0
TXN41909790,0
TXN44018669,0
TXN95589246,1
TXN19896094,0
TXN33654782,0
TXN06191088,1
TXN40557997,1
TXN87154417,0
TXN74075798,0
TXN09604476,0
TXN41593618,1
TXN40939076,0
TXN14012503,0
TXN51585151,1
TXN33029706,0
TXN29141143,0
TXN41571847,1
TXN56351910,0
TXN58074950,0
TXN77682783,1
TXN94736060,0
TXN94698111,1
TXN49449268,0
TXN84832731,1
TXN60557950,0
TXN30518682,1
TXN94039900,0
TXN32989192,0
TXN27514542,0
TXN12959091,1
TXN70865621,1
TXN05535474,1
TXN44430153,1
TXN11622849,1
TXN49830491,1
TXN14032530,1
TXN70873504,0
TXN87241916,1
TXN69535666,1
TXN03749530,0
TXN82135440,0
TXN94686012,0
TXN42769621,0
TXN09350545,0
TXN51882121,0
TXN99324263,0
TXN33551584,0
TXN33639070,0
TXN82487441,0
TXN97781327,0
TXN69762629,0
TXN70611527,0
TXN24788677,0
TXN22321257,1
TXN15120709,1
TXN09261512,1
TXN52793754,1
TXN65753010,1
TXN81845022,1
TXN65925652,1
TXN66168307,0
TXN89025646,1
TXN07084142,1
TXN67576765,0
TXN75323422,1
TXN97350403,0
TXN64363245,0
TXN99341135,0
TXN48647564,1
TXN57422469,0
TXN30379581,0
TXN34777276,0
TXN15191840,0
TXN94688013,1
TXN42814777,0
TXN60746987,1
TXN27612878,0
TXN93125503,1
TXN91297553,1
TXN74125080,0
TXN38664033,1
TXN70988233,1
TXN41810930,1
TXN40098516,1
TXN87984431,0
TXN24968970,0
TXN05659735,0
TXN11614107,1
TXN35077355,1
TXN43256782,1
TXN85603211,1
TXN96151796,1
TXN03886585,1
TXN47720850,0
TXN98490558,0
TXN80199346,1
TXN85332585,1
TXN13965584,1
TXN84308601,1
TXN09772653,1
TXN94987058,1
TXN34853009,0
TXN50496156,0
TXN50039279,0
TXN27904477,1
TXN97506758,0
TXN10955818,0
TXN48742346,0
TXN27265305,1
TXN89328359,1
TXN64037290,1
TXN09252077,0
TXN21994961,0
TXN74314721,0
TXN35573553,1
TXN36142108,1
TXN99164465,0
TXN75320348,1
TXN22621289,1
TXN46012489,1
TXN86978484,1
TXN70416909,1
TXN50043778,1
TXN90280657,0
TXN04825979,0
TXN27557041,1
TXN63342308,1
TXN18218925,1
TXN22797213,0
TXN24159802,0
TXN26853564,0
TXN52440716,1
TXN96802985,1
TXN91268142,0
TXN06536056,1
TXN16554791,0
TXN35953016,0
TXN91228093,0
TXN29532155,0
TXN41469109,1
TXN33237180,1
TXN83568070,1
TXN76088921,0
TXN74932350,1
TXN83016594,1
TXN58782343,1
TXN88941301,1
TXN97078687,0
TXN49981496,0
TXN80837373,0
TXN79631810,1
TXN05869185,1
TXN30009921,0
TXN07559966,0
TXN56713091,0
TXN79468137,1
TXN68688209,0
TXN40445653,1
TXN60394606,0
TXN32547274,0
TXN62047514,0
TXN86466149,0
TXN31831560,1
TXN38686586,1
TXN89812646,1
TXN73052245,0
TXN49012340,0
TXN29612645,1
TXN22805022,0
TXN79079555,0
TXN62539844,1
TXN89361517,0
TXN21232444,1
TXN50850424,1
TXN06698033,0
TXN40889158,1
TXN03621687,1
TXN51267037,1
TXN11408970,0
TXN51346481,0
TXN28986344,0
TXN34423300,1
TXN10311561,0
TXN75161606,0
TXN23185691,0
TXN21553322,0
TXN56602494,0
TXN00246579,0
TXN85084731,1
TXN34763475,1
TXN66349440,0
TXN27924422,1
TXN78240788,0
TXN76754612,0
TXN00738226,1
TXN30131592,0
TXN30586309,1
TXN58837284,1
TXN50684923,1
TXN90033552,0
TXN13466272,1
TXN79587963,0
TXN77290498,0
TXN24821726,0
TXN19215415,1
TXN86336814,0
TXN98423706,1
TXN96014326,0
TXN40669518,0
TXN04074509,0
TXN56674155,1
TXN96886311,1
TXN27934735,1
TXN59317277,1
TXN91664679,0
TXN02698807,0
TXN10041633,1
TXN66853306,1
TXN28685916,0
TXN77598083,0
TXN56604627,1
TXN93314049,1
TXN37802228,0
TXN68790006,1
TXN96620090,1
TXN16605122,1
TXN11362332,1
TXN37759376,1
TXN00344502,0
TXN59111583,0
TXN99822726,1
TXN85734508,1
TXN24676664,0
TXN70410532,1
TXN93524906,1
TXN36744699,1
TXN16345265,0
TXN20306645,0
TXN28307978,0
TXN99124974,1
TXN04587765,0
TXN18614488,1
TXN36460607,0
TXN01156967,0
TXN44872084,0
TXN96389199,0
TXN63408435,1
TXN65457394,0
TXN60321592,0
TXN16544351,0
TXN74613570,0
TXN86951095,1
TXN65073930,0
TXN45081705,0
TXN36786329,1
TXN94141818,0
TXN03463591,1
TXN91593959,0
TXN07028756,0
TXN92933582,0
TXN33394471,0
TXN28521158,0
TXN91114803,0
TXN93059654,0
TXN18700832,0
TXN02507498,1
TXN44234285,0
TXN09703476,0
TXN94211944,0
TXN92328939,1
TXN14717558,0
TXN62701264,0
TXN79451642,0
TXN25467863,1
TXN28234103,1
TXN77881191,1
TXN22116363,1
TXN81407734,0
TXN82760755,0
TXN33822572,1
TXN34182047,1
TXN77060878,0
TXN34129815,0
TXN65084192,0
TXN31994932,0
TXN08311783,0
TXN10944224,0
TXN74184125,0
TXN96064374,0
TXN80133266,0
TXN15239715,0
TXN00674646,0
TXN29776606,0
TXN01703811,1
TXN14987498,0
TXN40860620,1
TXN46450087,1
TXN01460985,1
TXN47098795,1
TXN76098972,0
TXN76157752,1
TXN63442189,1
TXN53429171,0
TXN07961725,1
TXN77709709,1
TXN25525882,0
TXN22384830,0
TXN07586641,1
TXN96720244,1
TXN99974938,0
TXN04986010,1
TXN48486528,1
TXN20318631,0
TXN61639313,1
TXN23199120,1
TXN41559677,0
TXN37020670,0
TXN39804290,1
TXN20027570,1
TXN01513746,1
TXN19696119,0
TXN18471960,0
TXN54387133,0
TXN92052631,0
TXN47466605,0
TXN98344486,0
TXN85239233,1
TXN44155352,1
TXN37588330,1
TXN86734029,0
TXN01067419,0
TXN35240320,1
TXN72876996,0
TXN89706002,1
TXN64616190,1
TXN51455012,0
TXN85366956,0
TXN60929266,1
TXN89239461,0
TXN06738889,1
TXN96078401,0
TXN92819738,0
TXN19458676,1
TXN10381618,0
TXN51725730,1
TXN00802109,0
TXN30872024,0
TXN56562696,0
TXN48958506,0
TXN86093246,1
TXN22014151,0
TXN55676639,1
TXN43408951,0
TXN47255532,0
TXN96417992,0
TXN13059697,0
TXN52555641,1
TXN13920431,0
TXN87487140,0
TXN18605405,1
TXN83571847,0
TXN30399022,1
TXN31313001,1
TXN96934063,0
TXN49249611,0
TXN98512799,0
TXN86766724,1
TXN17534663,1
TXN47811469,1
TXN14524093,1
TXN54088359,1
TXN17897697,1
TXN76159425,0
TXN49497416,1
TXN02624426,0
TXN48689426,0
TXN90536391,0
TXN66207159,1
TXN29798688,0
TXN71840383,1
TXN62241592,0
TXN57815854,1
TXN89088144,0
TXN39426498,0
TXN58836661,1
TXN93957328,0
TXN87852513,1
TXN56329384,0
TXN35076295,0
TXN05331162,0
TXN76465189,1
TXN40853019,1
TXN11732737,0
TXN89290755,1
TXN20087534,1
TXN10115730,1
TXN91964784,1
TXN97772850,1
TXN82052073,1
TXN99121795,1
TXN19807855,0
TXN15920182,0
TXN60898271,0
TXN15538936,1
TXN64448328,1
TXN96160482,1
TXN29485860,0
TXN16822254,1
TXN20857273,1
TXN54066735,0
TXN58844240,1
TXN29012554,1
TXN68676651,0
TXN83658650,1
TXN05828604,0
TXN24933490,1
TXN21364059,0
TXN38458974,0
TXN91625529,1
TXN41466769,1
TXN41549057,0
TXN61344176,1
TXN94146887,1
TXN36058361,0
TXN29484260,1
TXN23726633,1
TXN42943016,1
TXN13620101,1
TXN43683635,1
TXN04391212,1
TXN09776233,1
TXN82035127,1
TXN76709526,1
TXN00391866,1
TXN29245479,1
TXN19962296,0
TXN04307583,1
TXN04899194,0
TXN35198642,0
TXN41603379,0
TXN65206794,1
TXN65404008,1
TXN76373517,0
TXN84051952,1
TXN41540235,1
TXN23814397,0
TXN14426714,1
TXN25238811,1
TXN35418959,0
TXN55350608,0
TXN70153105,1
TXN70292369,0
TXN83156220,0
TXN80687258,0
TXN32434399,0
TXN78784441,1
TXN65748121,1
TXN70886410,0
TXN16378704,0
TXN72868149,0
TXN32594789,1
TXN09891998,1
TXN95643430,0
TXN36856321,0
TXN50912591,1
TXN60131742,1
TXN29740141,0
TXN28591164,1
TXN73196555,1
TXN99045156,0
TXN82309393,1
TXN04202358,1
TXN56232507,1
TXN67086924,1
TXN95735033,1
TXN30108325,0
TXN35166161,1
TXN38389410,0
TXN61110557,1
TXN12898371,0
TXN10392351,1
TXN09810386,1
TXN26866715,0
TXN19954317,0
TXN74961889,0
TXN66426933,1
TXN78594504,1
TXN15910694,0
TXN09879769,0
TXN14569498,0
TXN90347825,1
TXN47570254,1
TXN84181189,1
TXN78104904,0
TXN79556934,0
TXN10708315,0
TXN60875558,0
TXN70791734,0
TXN92376284,1
TXN87585691,0
TXN85456042,0
TXN69502695,0
TXN31463984,1
TXN74161793,1
TXN71966123,1
TXN43595775,1
TXN29437467,0
TXN58789555,0
TXN80603423,1
TXN55111539,0
TXN29385014,0
TXN56672361,0
TXN08732936,0
TXN80487755,0
TXN74104063,0
TXN54951303,0
TXN52225843,1
TXN74687298,1
TXN43968647,1
TXN45997409,1
TXN31486068,0
TXN34166927,0
TXN21991622,1
TXN45513216,1
TXN31717815,0
TXN27332574,1
TXN60012557,1
TXN06882920,0
TXN09616739,0
TXN57160899,0
TXN38273456,0
TXN44105617,0
TXN14768807,0
TXN99137836,1
TXN31441690,1
TXN17795410,1
TXN00471354,1
TXN65479853,0
TXN51841990,1
TXN60746545,1
TXN90290319,0
TXN33376412,1
TXN08974242,1
TXN55550640,0
TXN98110916,1
TXN34099361,0
TXN67290694,1
TXN10790358,1
TXN11737741,1
TXN56160015,0
TXN91574259,1
TXN71182494,1
TXN15479762,1
TXN25991294,0
TXN17208346,1
TXN04723256,1
TXN97933174,1
TXN54608115,0
TXN09050761,0
TXN28629013,0
TXN68232484,0
TXN52141228,1
TXN95304811,0
TXN93801607,0
TXN67731086,1
TXN01857244,0
TXN35525252,0
TXN34202277,0
TXN39141527,0
TXN00098832,0
TXN72049033,1
TXN18495547,0
TXN01393655,1
TXN03636935,1
TXN00510917,1
TXN29286333,1
TXN49731416,1
TXN88061752,0
TXN65597316,1
TXN95112024,1
TXN75604953,0
TXN39597872,1
TXN33071515,1
TXN45916723,0
TXN84742638,0
TXN51052163,0
TXN71332813,0
TXN79251788,0
TXN81012465,1
TXN58747399,1
TXN24087802,1
TXN38026197,1
TXN34104185,1
TXN06526719,1
TXN47961943,0
TXN09370675,0
TXN76569043,0
TXN73050061,0
TXN49929145,0
TXN92918190,1
TXN78056582,1
TXN10542754,0
TXN76025751,0
TXN33098584,0
TXN70704524,0
TXN29891369,0
TXN94984567,0
TXN83864288,1
TXN22037882,1
TXN69090232,1
TXN11269132,0
TXN48797838,0
TXN98225722,0
TXN12941248,0
TXN57049384,0
TXN86618778,1
TXN74020294,1
TXN94126759,0
TXN27282968,1
TXN13821608,0
TXN04475890,1
TXN92867319,0
TXN96133975,1
TXN44797373,0
TXN47116980,0
TXN34163661,0
TXN78316247,0
TXN32970557,0
TXN72116081,0
TXN05507812,0
TXN64158118,0
TXN03711998,0
TXN97084750,1
TXN56086062,1
TXN93801042,1
TXN08365583,0
TXN68017919,1
TXN31698995,1
TXN63312935,1
TXN15716581,1
TXN01984856,0
TXN79880369,0
TXN33120173,1
TXN99144992,0
TXN09968568,0
TXN55355040,0
TXN55453220,1
TXN79659728,1
TXN37530930,1
TXN41456109,0
TXN22767216,1
TXN68234683,1
TXN41270496,1
TXN57628269,0
TXN06951241,0
TXN56093134,1
TXN13697496,0
TXN71358016,0
TXN91643707,0
TXN31313037,0
TXN01255290,0
TXN85891615,1
TXN67404522,1
TXN61870884,1
TXN64331736,0
TXN51039735,0
TXN27422083,1
TXN94989755,0
TXN95786485,1
TXN08777542,1
TXN35159951,1
TXN75658012,1
TXN64760387,1
TXN52355208,1
TXN76507720,1
TXN70107542,1
TXN64350513,0
TXN40298046,0
TXN11657886,0
TXN22914545,1
TXN44162259,1
TXN56650752,0
TXN96192636,1
TXN46526752,0
TXN10518418,0
TXN42804994,0
TXN81147515,0
TXN82808815,0
TXN71603219,1
TXN66952657,0
TXN73938999,0
TXN76295356,0
TXN56039437,1
TXN94243664,1
TXN79895383,1
TXN14663566,0
TXN46762714,0
TXN43257047,0
TXN92232168,0
TXN11418720,0
TXN11343483,0
TXN97793067,1
TXN52960307,0
TXN33844802,1
TXN46205299,0
TXN81478086,0
TXN76923161,0
TXN84424792,0
TXN85022963,1
TXN13926058,0
TXN13157594,1
TXN32750725,0
TXN66043931,0
TXN44164992,1
TXN32977051,1
TXN55100184,0
TXN69653714,0
TXN62768247,0
TXN82259011,0
TXN54318724,0
TXN32244987,0
TXN15326487,0
TXN84846375,1
TXN92801774,0
TXN91329070,1
TXN67072683,1
TXN17952847,1
TXN99604499,1
TXN19266001,1
TXN20233311,1
TXN99649130,1
TXN32365580,1
TXN68335909,1
TXN52070943,1
TXN44757545,0
TXN07162998,0
TXN80092465,0
TXN36353754,0
TXN08277589,0
TXN87153326,0
TXN34932878,0
TXN11226250,0
TXN79634094,1
TXN30431362,0
TXN99727983,1
TXN75489897,0
TXN79772923,1
TXN55616495,0
TXN29692898,0
TXN62973237,1
TXN09801015,0
TXN28775852,0
TXN68567529,1
TXN59709254,1
TXN81291969,0
TXN17072285,0
TXN16472147,1
TXN39097066,0
TXN58311134,1
TXN37884080,1
TXN19962173,0
TXN09556282,0
TXN66144897,0
TXN03485147,0
TXN60476861,0
TXN22067222,0
TXN53852284,0
TXN75355537,1
TXN51936659,1
TXN66633598,1
TXN20419551,1
TXN28856291,0
TXN32975398,0
TXN09496430,1
TXN09368831,0
TXN60526020,0
TXN50724249,0
TXN38236919,1
TXN75487468,0
TXN22965458,0
TXN86229009,0
TXN88314558,0
TXN04812223,1
TXN06538795,0
TXN71895983,0
TXN67674958,0
TXN99171360,0
TXN08342444,0
TXN56910456,1
TXN80596055,0
TXN39004973,1
TXN52782537,1
TXN96278136,1
TXN06948855,1
TXN64952292,1
TXN49337743,0
TXN93238483,0
TXN06321805,1
TXN64847190,0
TXN83193235,1
TXN58536875,1
TXN46042877,1
TXN34114559,1
TXN69129904,0
TXN35196705,1
TXN32002713,0
TXN61128979,1
TXN65558413,0
TXN80928048,0
TXN78187875,1
TXN28269117,0
TXN21062138,0
TXN11018536,1
TXN81613578,0
TXN98036798,1
TXN71012550,0
TXN63336610,0
TXN43267937,1
TXN72511894,0
TXN58778393,1
TXN93327488,0
TXN56096156,1
TXN21263464,0
TXN20261183,1
TXN60787122,1
TXN44369425,1
TXN02615410,1
TXN25107704,0
TXN38162635,0
TXN52680717,0
TXN63096147,0
TXN28583585,1
TXN44465602,0
TXN85438291,0
TXN39745727,0
TXN46957435,0
TXN53389312,0
TXN51652096,1
TXN67802798,1
TXN77026623,1
TXN31003667,0
TXN52479866,1
TXN89205662,1
TXN60271009,0
TXN89740416,1
TXN13042343,1
TXN39858260,0
TXN91605149,0
TXN93979717,0
TXN25648717,1
TXN14079881,0
TXN16298485,1
TXN36520568,1
TXN86389115,1
TXN54393134,0
TXN20788336,0
TXN01445581,0
TXN53304591,1
TXN37598294,0
TXN30653464,1
TXN94364079,1
TXN33362313,1
TXN63475577,1
TXN74807024,1
TXN61321061,1
TXN29272850,1
TXN49381959,1
TXN86662649,0
TXN07409983,0
TXN83166270,0
TXN35470543,0
TXN66678376,0
TXN60313001,1
TXN01356931,0
TXN05573109,0
TXN42692842,0
TXN68434867,1
TXN32146743,0
TXN07704798,0
TXN61619382,0
TXN82863221,1
TXN93420391,0
TXN32966349,0
TXN42584267,1
TXN49006738,1
TXN75846239,1
TXN65394663,1
TXN24648863,1
TXN76207460,1
TXN02580997,0
TXN37607232,1
TXN56129196,1
TXN18163134,0
TXN26389106,0
TXN81134688,1
TXN36758713,1
TXN27470511,0
TXN05917972,1
TXN55857493,0
TXN57183320,1
TXN73263766,1
TXN04698237,1
TXN12645204,0
TXN28517112,1
TXN86397300,1
TXN24628490,1
TXN40230693,0
TXN01721230,0
TXN93415645,1
TXN72607272,1
TXN00181464,1
TXN40318333,0
TXN70609130,0
TXN33878919,1
TXN04773367,0
TXN32941355,1
TXN61607699,1
TXN22234173,1
TXN34045732,1
TXN27672928,1
TXN20046141,1
TXN34314322,0
TXN96881351,0
TXN66764404,1
TXN70564187,0
TXN45418304,0
TXN91522412,0
TXN04341206,0
TXN75741723,0
TXN25263941,1
TXN62150877,1
TXN30744095,0
TXN17016410,0
TXN31787014,0
TXN31411520,1
TXN58087962,1
TXN89800998,0
TXN77626277,1
TXN51043211,0
TXN80866703,0
TXN60366982,0
TXN71786727,0
TXN31540223,0
TXN61207213,0
TXN28999407,0
TXN81959889,1
TXN16465433,1
TXN05538428,1
TXN81064138,1
TXN09157490,1
TXN63371053,1
TXN68619616,1
TXN63974511,1
TXN03670262,0
TXN93533470,1
TXN39869582,0
TXN78337321,0
TXN81384717,0
TXN07024635,0
TXN73538482,0
TXN91562351,1
TXN47896667,0
TXN77427675,0
TXN89398436,1
TXN29989992,1
TXN09649829,1
TXN22111635,0
TXN64188544,0
TXN37330347,0
TXN50983256,0
TXN94627744,0
TXN68480180,1
TXN42632288,1
TXN31721674,0
TXN96731369,0
TXN88115467,1
TXN69260713,0
TXN90365585,1
TXN98475927,0
TXN79803708,0
TXN32041681,0
TXN07906230,1
TXN60661812,1
TXN17843009,1
TXN74474806,0
TXN96063306,1
TXN08843424,1
TXN03997656,0
TXN06399952,0
TXN57579255,0
TXN60004669,0
TXN72959175,0
TXN42229381,0
TXN03521309,1
TXN63736529,0
TXN38866541,1
TXN34467829,1
TXN89272268,1
TXN34334261,1
TXN10010584,0
TXN79724546,1
TXN25392538,1
TXN45584449,0
TXN41595492,1
TXN42584927,1
TXN25133415,0
TXN35029861,0
TXN01152808,1
TXN14188222,0
TXN20954861,0
TXN84985601,0
TXN17960747,1
TXN46094489,1
TXN16031566,0
TXN93060376,0
TXN75631803,1
TXN28377067,1
TXN14039443,0
TXN62655599,1
TXN57502941,0
TXN83746365,1
TXN69381378,0
TXN94633726,0
TXN31559975,0
TXN76830453,1
TXN85232048,0
TXN32219861,1
TXN96032988,1
TXN34972727,0
TXN36232498,1
TXN11228265,1
TXN78825537,0
TXN63578229,0
TXN73605303,0
TXN20878253,1
TXN06378612,1
TXN59834576,1
TXN44390338,0
TXN61291177,1
TXN94593231,0
TXN38197363,1
TXN14208804,0
TXN04112104,0
TXN42960339,1
TXN29003334,1
TXN64053231,0
TXN66018344,0
TXN04110864,1
TXN75662688,1
TXN81968465,1
TXN17511639,1
TXN37664776,1
TXN20827362,0
TXN28727408,1
TXN83100341,1
TXN21461673,0
TXN55000275,1
TXN00932488,0
TXN49214118,0
TXN49453667,1
TXN23139465,1
TXN67210013,0
TXN73362679,0
TXN89562424,0
TXN18454815,1
TXN80214548,1
TXN12720466,1
TXN46422296,1
TXN24582167,0
TXN02968169,1
TXN50093461,0
TXN84172205,0
TXN13181643,0
TXN89378901,1
TXN49305915,1
TXN28357172,0
TXN93835338,0
TXN05468403,1
TXN69751395,0
TXN72166103,1
TXN64550712,0
TXN51508247,0
TXN49111423,1
TXN08400090,1
TXN96758656,0
TXN65487155,1
TXN10140669,1
TXN09251550,1
TXN19053528,0
TXN64850450,0
TXN34289443,1
TXN60457271,0
TXN97850530,1
TXN50885653,1
TXN59500697,1
TXN37620678,0
TXN15810492,0
TXN91761421,1
TXN71271456,1
TXN33988908,1
TXN38229161,1
TXN07783120,0
TXN34566813,0
TXN69951941,0
TXN86846890,0
TXN66726095,0
TXN63778473,0
TXN62604918,1
TXN86209053,1
TXN28607489,1
TXN71547315,1
TXN48803606,0
TXN59611058,0
TXN65135612,0
TXN91853527,0
TXN47520230,1
TXN35166925,1
TXN30941909,0
TXN92743126,0
TXN81227170,1
TXN69624763,1
TXN68956761,1
TXN01570309,1
TXN31699032,0
TXN97362918,1
TXN38003652,1
TXN88246827,0
TXN86513404,0
TXN26505240,1
TXN85413947,1
TXN15089498,0
TXN45092601,0
TXN05487368,1
TXN22366928,1
TXN18671928,1
TXN06207748,1
TXN60671597,1
TXN43442288,1
TXN66609680,0
TXN76884087,1
TXN54307639,0
TXN05545016,0
TXN15571314,1
TXN02460983,1
TXN50940154,1
TXN85529183,0
TXN98389364,1
TXN51211687,1
TXN98044355,0
TXN34456398,0
TXN26086291,1
TXN52656364,0
TXN14400670,1
TXN72726778,1
TXN73800561,0
TXN57360134,0
TXN78726151,0
TXN76294407,1
TXN82941848,0
TXN87062089,0
TXN97135788,0
TXN28671046,0
TXN37683369,1
TXN34825033,0
TXN44731248,1
TXN73052267,0
TXN61018824,1
TXN34886834,0
TXN33496782,0
TXN47024965,0
TXN21112801,1
TXN22968203,0
TXN60808208,1
TXN00018486,1
TXN02430867,0
TXN18980834,0
TXN65042991,1
TXN42659772,0
TXN58276665,0
TXN40850178,1
TXN78048596,0
TXN37017858,1
TXN45752869,1
TXN27332871,0
TXN34808241,0
TXN99220114,0
TXN16338614,0
TXN06406095,1
TXN28055651,1
TXN25211494,0
TXN77382701,1
TXN80326258,0
TXN85607269,0
TXN97813285,0
TXN55012552,1
TXN94787886,0
TXN02790865,1
TXN96393604,0
TXN30683810,1
TXN21195175,0
TXN58484586,1
TXN34221368,0
TXN88831199,0
TXN29842276,1
TXN85502439,0
TXN47724805,0
TXN33167655,1
TXN24551090,0
TXN35335870,0
TXN10646573,1
TXN40555227,0
TXN63154222,1
TXN20597059,1
TXN13536639,0
TXN30300371,1
TXN83204176,0
TXN62381735,1
TXN77949255,1
TXN50564095,1
TXN39249920,0
TXN25520280,0
TXN60157236,1
TXN23776603,1
TXN26536667,1
TXN26165916,0
TXN72958985,1
TXN49087451,0
TXN50797641,0
TXN79165625,1
TXN02385254,1
TXN31080872,1
TXN05224764,1
TXN58446701,1
TXN00758539,0
TXN91734613,0
TXN44280450,1
TXN48885021,0
TXN85191403,1
TXN87973185,0
TXN90372555,1
TXN10581986,0
TXN01240863,1
TXN45715547,1
TXN63427985,0
TXN60021086,0
TXN97238519,0
TXN15789652,0
TXN44540575,0
TXN18061680,1
TXN48520310,0
TXN86576090,1
TXN08540822,0
TXN52322064,1
TXN32589281,1
TXN31814696,1
TXN10039557,0
TXN39330128,0
TXN46088900,0
TXN20962201,1
TXN12154920,0
TXN23466584,1
TXN08853735,1
TXN88556912,0
TXN75289881,1
TXN56013705,0
TXN94254898,0
TXN84480244,1
TXN90566004,0
TXN65190732,0
TXN95864412,1
TXN35840124,1
TXN68011068,1
TXN97777968,0
TXN66102871,0
TXN33587139,1
TXN09969554,0
TXN46595700,0
TXN81805976,0
TXN16653279,0
TXN03227631,0
TXN45156161,0
TXN15813102,1
TXN57176805,1
TXN11744787,0
TXN51180104,1
TXN03184751,0
TXN47524207,1
TXN60443373,0
TXN01181435,0
TXN77524519,0
TXN62336615,1
TXN47382317,1
TXN86792333,0
TXN91927586,1
TXN48172287,0
TXN36578446,0
TXN22920076,0
TXN53335797,1
TXN59759468,0
TXN86996193,0
TXN68870517,0
TXN88272122,1
TXN74701010,1
TXN06612590,0
TXN85649376,0
TXN52588724,1
TXN13944521,0
TXN20262655,0
TXN42402404,0
TXN60751093,1
TXN98102913,1
TXN40553854,0
TXN24993329,1
TXN40883075,0
TXN00417178,1
TXN29382503,0
TXN90366632,1
TXN41986978,0
TXN15307501,0
TXN28417538,1
TXN43394901,0
TXN87055043,0
TXN93037471,0
TXN97883217,1
TXN43027627,0
TXN55001573,0
TXN69375954,0
TXN59305286,0
TXN33425673,0
TXN98447196,1
TXN06989116,0
TXN54643121,1
TXN50652924,1
TXN70826396,0
TXN73225514,0
TXN77019827,1
TXN32142424,0
TXN62361166,0
TXN05341849,1
TXN28596097,0
TXN34553106,1
TXN41021158,1
TXN06231971,1
TXN07014889,0
TXN19002000,1
TXN14595107,1
TXN67484494,1
TXN46772797,1
TXN87318504,1
TXN48869026,1
TXN00863721,1
TXN01288498,1
TXN81503408,1
TXN56424656,1
TXN31479064,1
TXN81044630,0
TXN09326745,0
TXN20999908,0
TXN01214386,1
TXN31192113,0
TXN54504896,1
TXN66440003,0
TXN47838408,0
TXN19413154,1
TXN91295114,0
TXN46016346,0
TXN43459385,0
TXN20112061,1
TXN53098650,0
TXN98273164,0
TXN94327194,1
TXN44711309,1
TXN07587653,0
TXN30180694,1
TXN85927329,0
TXN64782982,1
TXN55014213,0
TXN45041190,1
TXN29409019,1
TXN00179390,0
TXN04859470,0
TXN25444032,1
TXN32945689,0
TXN18885845,1
TXN59453636,0
TXN28432881,1
TXN15395971,1
TXN82565922,1
TXN78926278,1
TXN99316490,0
TXN17692880,0
TXN73713722,0
TXN07986153,0
TXN94819416,1
TXN23170758,1
TXN19522804,1
TXN88424454,0
TXN46057070,1
TXN37575337,1
TXN81975459,0
TXN93624029,1
TXN37513912,0
TXN79030640,0
TXN68173239,0
TXN34814838,0
TXN71661956,1
TXN61461634,0
TXN09738461,1
TXN91376177,1
TXN39137389,0
TXN59757134,1
TXN14259632,1
TXN33252281,0
TXN63902791,1
TXN22845855,1
TXN81078009,1
TXN17830596,1
TXN22728706,1
TXN44488705,1
TXN81669639,0
TXN34217963,0
TXN78194897,0
TXN45580216,1
TXN06902555,1
TXN69129719,0
TXN06041552,1
TXN37019149,1
TXN02103753,0
TXN10138966,0
TXN30322864,0
TXN94675247,0
TXN72262293,1
TXN84601704,1
TXN73292092,0
TXN97876428,0
TXN17948851,0
TXN52932695,0
TXN87168482,1
TXN49257558,0
TXN16877387,1
TXN51397686,0
TXN84407245,1
TXN82634169,0
TXN14248266,0
TXN75948040,1
TXN06922953,1
TXN00888524,0
TXN00744573,1
TXN95772921,1
TXN98629821,1
TXN96381003,0
TXN55497332,0
TXN13094284,0
TXN63497585,1
TXN04288747,1
TXN34112101,0
TXN43171485,0
TXN56291850,0
TXN83730288,1
TXN89988866,1
TXN78659341,0
TXN64342160,1
TXN28161512,0
TXN88769367,1
TXN64870643,0
TXN99167074,0
TXN95570955,0
TXN17988386,1
TXN14246506,1
TXN05106204,1
TXN45861741,0
TXN36509510,1
TXN76674525,0
TXN08775202,0
TXN20302514,1
TXN98329240,0
TXN75260422,1
TXN01059710,0
TXN05350053,1
TXN06523329,1
TXN96812485,0
TXN08046983,1
TXN05985508,0
TXN92850976,1
TXN58209786,0
TXN46379730,1
TXN10841613,0
TXN09151782,1
TXN11283284,1
TXN63693414,0
TXN35101574,0
TXN48736495,0
TXN55678116,0
TXN73394210,0
TXN39974278,1
TXN01405773,0
TXN97251264,0
TXN40737017,0
TXN32152457,1
TXN31832346,0
TXN71940304,0
TXN00988605,0
TXN18088393,1
TXN26302082,1
TXN50308053,0
TXN95374849,1
TXN84918084,1
TXN59770620,1
TXN46958964,0
TXN47679094,0
TXN00283725,1
TXN16714354,0
TXN74881768,0
TXN28653112,0
TXN86336159,1
TXN62960959,0
TXN71083233,1
TXN99704902,0
TXN51842240,0
TXN32829896,0
TXN77519850,1
TXN54020482,1
TXN33091155,1
TXN12424229,0
TXN38974689,0
TXN76492017,1
TXN27512623,1
TXN92884558,1
TXN88369189,1
TXN02722169,0
TXN04825014,1
TXN65952015,1
TXN72862426,1
TXN16411561,0
TXN59281051,1
TXN12833513,1
TXN39647503,0
TXN78296882,1
TXN78855639,0
TXN63894392,1
TXN77930682,0
TXN70498364,1
TXN89283290,1
TXN06719046,1
TXN00252637,1
TXN91146330,1
TXN60079716,1
TXN98175013,0
TXN08643119,0
TXN04315232,1
TXN84899623,1
TXN77749504,0
TXN53924231,1
TXN43236431,1
TXN16149575,1
TXN38961444,1
TXN17500093,0
TXN71329256,1
TXN32447855,1
TXN02849189,0
TXN59876455,1
TXN05218072,1
TXN90171094,1
TXN57406793,1
TXN26231498,0
TXN37215716,1
TXN79834640,1
TXN72372624,1
TXN09124110,0
TXN58413464,0
TXN21848703,1
TXN58856487,1
TXN81972126,1
TXN70130680,0
TXN75810065,0
TXN63380661,0
TXN81103974,0
TXN43666477,1
TXN71783431,0
TXN73161897,1
TXN00594944,1
TXN83657539,1
TXN13709990,1
TXN36117470,0
TXN94789668,1
TXN89753540,1
TXN31390849,0
TXN32804411,0
TXN70028007,1
TXN64559391,0
TXN33189632,0
TXN64856554,0
TXN30797772,0
TXN09945452,0
TXN15369053,1
TXN01351875,0
TXN25741088,0
TXN70250233,0
TXN86436305,0
TXN07325949,0
TXN39614362,1
TXN80467484,0
TXN27558079,1
TXN77707106,1
TXN57989343,1
TXN94701751,1
TXN94520581,0
TXN06259757,1
TXN33975250,1
TXN65136608,1
TXN39959747,0
TXN40067732,0
TXN48384182,0
TXN93061756,1
TXN95315397,0
TXN03807628,1
TXN44157561,0
TXN33842991,0
TXN69002081,0
TXN94865337,1
TXN73911702,1
TXN26832599,1
TXN31921394,1
TXN25100629,0
TXN10735660,0
TXN06297244,0
TXN18675578,1
TXN58176635,0
TXN04128763,0
TXN98202230,1
TXN67150104,0
TXN46938505,1
TXN65612770,0
TXN68019777,0
TXN72061864,0
TXN11687994,1
TXN78716011,0
TXN61732877,0
TXN49876598,0
TXN55882417,0
TXN44773610,0
TXN30048728,1
TXN02534097,1
TXN83292701,0
TXN78822652,1
TXN06100850,1
TXN45943689,1
TXN33574070,0
TXN64314875,0
TXN81940478,1
TXN47826343,1
TXN62075989,1
TXN29015298,1
TXN41894900,0
TXN89555320,1
TXN36933346,1
TXN03083462,0
TXN20651572,1
TXN31326336,0
TXN75973530,0
TXN74082993,0
TXN71437304,0
TXN77648780,0
TXN00696952,1
TXN00106798,1
TXN43438743,1
TXN04676242,1
TXN35481250,0
TXN00802320,0
TXN49694958,0
TXN05076780,0
TXN89372140,0
TXN82206102,0
TXN92192834,1
TXN64538571,1
TXN22926676,0
TXN65277723,0
TXN46068678,0
TXN83189671,0
TXN95046911,1
TXN81800587,1
TXN68053795,1
TXN59839219,0
TXN63321182,1
TXN03709827,1
TXN93037328,0
TXN25181714,0
TXN82542952,0
TXN96761010,0
TXN69829289,1
TXN58954406,1
TXN36886312,0
TXN36472118,0
TXN76621934,0
TXN45655885,1
TXN05040843,0
TXN98517381,0
TXN68306848,1
TXN33133244,1
TXN32735075,1
TXN15118280,0
TXN49512641,0
TXN45990451,0
TXN08445380,1
TXN97846591,0
TXN02066343,1
TXN55777996,1
TXN25588429,0
TXN05864774,1
TXN32840445,1
TXN87697182,0
TXN24496143,1
TXN04407644,1
TXN10186288,1
TXN50925890,0
TXN63675524,1
TXN58815927,0
TXN34286135,0
TXN20222358,0
TXN34600971,0
TXN39746048,0
TXN65469345,0
TXN02274570,1
TXN94274696,1
TXN02429044,1
TXN39480345,0
TXN58105477,0
TXN93434654,0
TXN17362888,1
TXN23400378,0
TXN02978936,0
TXN20013341,0
TXN82446848,0
TXN30375602,0
TXN44486988,0
TXN71533685,1
TXN19470038,0
TXN63931939,1
TXN83727352,1
TXN90673401,0
TXN87710103,1
TXN80969462,0
TXN24398117,1
TXN19383988,0
TXN17368311,1
TXN20952229,0
TXN82760040,1
TXN59627512,0
TXN44663517,1
TXN35892969,0
TXN00344169,1
TXN98707869,0
TXN39055676,1
TXN50061387,1
TXN66398034,1
TXN59120184,0
TXN83653701,1
TXN87395273,1
TXN74790835,0
TXN44587542,0
TXN37363811,0
TXN92939823,0
TXN51773703,0
TXN24990457,1
TXN32032755,1
TXN90662410,1
TXN87708717,0
TXN82586741,0
TXN96859165,1
TXN57094912,0
TXN83745192,1
TXN96452429,1
TXN80262097,0
TXN97350213,0
TXN93851080,0
TXN78401496,1
TXN29905856,1
TXN68411346,0
TXN25311373,0
TXN62278888,1
TXN19811150,0
TXN17133840,1
TXN85540045,1
TXN03227073,1
TXN34558914,1
TXN57136195,0
TXN78728741,0
TXN17826048,0
TXN61187048,0
TXN56772945,1
TXN26939146,1
TXN12064727,0
TXN91623583,1
TXN44680007,1
TXN02541408,1
TXN86863653,0
TXN56334809,1
TXN53018328,1
TXN06955887,1
TXN26187772,0
TXN01480693,0
TXN97390770,0
TXN91410360,1
TXN77497777,1
TXN44668683,1
TXN57666321,1
TXN14251560,0
TXN18689305,0
TXN89690441,1
TXN34455478,1
TXN26574333,0
TXN93739896,1
TXN72503731,1
TXN66176352,1
TXN90628344,1
TXN10530336,0
TXN27379593,0
TXN88745767,1
TXN86197681,0
TXN62549680,0
TXN99347145,0
TXN88656457,1
TXN26556597,1
TXN32952286,0
TXN31108480,0
TXN77197605,0
TXN99497578,1
TXN97620368,0
TXN33560392,1
TXN42863113,1
TXN36218425,1
TXN20825720,1
TXN94462272,0
TXN82162775,0
TXN87609536,1
TXN58930744,1
TXN26524368,0
TXN80887736,0
TXN56889270,1
TXN48739856,0
TXN37945020,0
TXN16390293,0
TXN86604545,0
TXN05842150,0
TXN04394066,0
TXN48726484,1
TXN55225515,1
TXN57733337,1
TXN58243706,1
TXN33559246,1
TXN64295924,1
TXN91537530,1
TXN19353461,0
TXN52965907,0
TXN06827207,1
TXN17026197,0
TXN18543720,1
TXN95819433,1
TXN53330670,1
TXN07611852,0
TXN88608372,0
TXN29688114,1
TXN00346111,0
TXN94233274,0
TXN77234554,0
TXN45227573,1
TXN94153781,0
TXN45494842,1
TXN69531694,1
TXN11374477,1
TXN87929721,0
TXN46635905,0
TXN43250149,0
TXN91371651,0
TXN78421946,0
TXN24261681,1
TXN17305594,1
TXN05744071,1
TXN36548595,0
TXN11408578,1
TXN23816785,1
TXN67239768,1
TXN45339764,0
TXN39358001,1
TXN25273402,1
TXN41586251,1
TXN40200758,0
TXN68724319,0
TXN12815669,0
TXN15326696,1
TXN47206726,0
TXN03393270,0
TXN75309486,0
TXN22917405,1
TXN81028445,0
TXN94056395,1
TXN26819046,1
TXN37831979,1
TXN67255129,1
TXN70115898,0
TXN92989968,1
TXN21527466,1
TXN84406908,1
TXN58356173,0
TXN39632771,1
TXN64659203,0
TXN42540951,1
TXN81065504,1
TXN39540064,1
TXN26435392,1
TXN78982838,0
TXN72122992,0
TXN25951315,0
TXN47694461,1
TXN06409208,1
TXN96379110,0
TXN39239597,1
TXN20011144,0
TXN86658107,0
TXN87915381,1
TXN77832347,1
TXN79897490,0
TXN76497576,0
TXN68594213,1
TXN83789412,0
TXN06239278,0
TXN21854818,0
TXN44419165,1
TXN78242476,0
TXN47582370,0
TXN21000180,1
TXN92790280,0
TXN72025681,0
TXN66932966,1
TXN84768259,1
TXN38312801,0
TXN91534274,0
TXN02325769,1
TXN18586462,1
TXN04700725,0
TXN61562717,0
TXN41422436,1
TXN96777507,1
TXN61929713,0
TXN87587258,1
TXN29400886,0
TXN74115480,1
TXN83107880,0
TXN81862462,0
TXN17855608,0
TXN80632372,1
TXN66355744,0
TXN43295071,1
TXN52296383,1
TXN72540463,0
TXN68509049,0
TXN46558317,0
TXN00365493,0
TXN41914655,1
TXN66437615,0
TXN66087099,1
TXN41454281,0
TXN96043490,0
TXN21706152,1
TXN19556509,0
TXN69616250,0
TXN60261071,0
TXN94910380,1
TXN90231990,1
TXN07317798,0
TXN65209893,0
TXN72961133,1
TXN04067607,1
TXN55716909,0
TXN71068328,1
TXN08563307,1
TXN93308744,0
TXN67025407,0
TXN04194406,1
TXN12281112,0
TXN87941110,0
TXN92558542,0
TXN72313353,0
TXN90033293,0
TXN11807555,0
TXN36952339,0
TXN55600177,1
TXN92123151,0
TXN41323528,1
TXN76441819,1
TXN37159793,1
TXN77236070,0
TXN92866598,0
TXN11574568,1
TXN98360742,0
TXN46901525,0
TXN48155305,0
TXN84400777,0
TXN36144132,1
TXN41000225,1
TXN91972675,1
TXN10152889,0
TXN32907722,1
TXN72981982,1
TXN81893276,0
TXN11452353,0
TXN49306367,1
TXN88541186,1
TXN34309624,0
TXN82380741,0
TXN52815463,1
TXN44879869,0
TXN73433400,0
TXN24631137,1
TXN45573385,1
TXN57775043,0
TXN06439485,0
TXN90048568,0
TXN64243526,0
TXN97690978,1
TXN01033082,0
TXN46314396,0
TXN23537631,0
TXN76575013,1
TXN95747845,0
TXN84342233,0
TXN73674913,0
TXN77978916,0
TXN33643513,1
TXN91489312,0
TXN20429782,1
TXN85847537,0
TXN66812599,1
TXN85053786,1
TXN74555322,0
TXN63426093,1
TXN77764564,1
TXN05815337,0
TXN85092961,1
TXN94740523,1
TXN21733584,0
TXN71290846,1
TXN41897190,1
TXN65650027,0
TXN40642652,1
TXN41403306,0
TXN70627297,1
TXN85193845,0
TXN97983322,0
TXN12490074,1
TXN88618590,0
TXN38812285,1
TXN07463715,1
TXN65562897,0
TXN06249620,1
TXN41347869,0
TXN72615971,1
TXN80885551,1
TXN62380722,0
TXN70199304,0
TXN16016482,0
TXN34281246,0
TXN74532555,1
TXN69298770,0
TXN24469719,1
TXN51650909,0
TXN80999713,1
TXN06671195,1
TXN26382370,1
TXN11786660,1
TXN60374263,1
TXN65795127,1
TXN35944381,1
TXN55731536,0
TXN25359491,1
TXN08188868,0
TXN32429751,0
TXN32844587,1
TXN10124734,1
TXN13590533,1
TXN73822259,0
TXN65711917,0
TXN51154303,1
TXN88759146,1
TXN98631982,0
TXN38595603,1
TXN02674511,0
TXN40409530,1
TXN14378942,1
TXN41769760,1
TXN63090405,1
TXN71843537,0
TXN47179240,1
TXN93029002,1
TXN19417266,1
TXN71299358,1
TXN16035864,0
TXN41253995,1
TXN00204598,1
TXN30592938,0
TXN38027389,1
TXN67298291,1
TXN53664756,0
TXN00082317,1
TXN69759446,1
TXN27815464,1
TXN03033140,0
TXN22632099,1
TXN91576915,0
TXN09170268,1
TXN51855703,1
TXN77051205,0
TXN92075781,0
TXN44736510,0
TXN17182409,0
TXN28569872,1
TXN20290353,0
TXN21502437,1
TXN78346873,0
TXN38764519,0
TXN49204564,1
TXN78807234,0
TXN42715380,1
TXN48781263,0
TXN79158287,1
TXN42501982,1
TXN89638961,1
TXN58604078,0
TXN83759244,0
TXN20372627,0
TXN52798608,1
TXN03396733,0
TXN34943274,1
TXN13938542,1
TXN66836530,1
TXN58151879,0
TXN46239794,1
TXN67619446,1
TXN85132998,1
TXN17374308,1
TXN48625892,0
TXN36369249,0
TXN87823134,1
TXN08383396,0
TXN40640109,1
TXN85452374,0
TXN51876000,1
TXN33292682,0
TXN54779326,0
TXN61061443,0
TXN03717324,0
TXN86457085,1
TXN59156425,0
TXN68039029,0
TXN69160507,1
TXN99466552,0
TXN38946952,0
TXN47045387,0
TXN51177221,1
TXN37763772,1
TXN12349633,1
TXN37626331,1
TXN48953995,1
TXN97937117,0
TXN27356284,1
TXN11769456,0
TXN69911754,1
TXN44630482,0
TXN63409681,0
TXN79139282,1
TXN11898117,1
TXN48017300,0
TXN25966988,0
TXN53919144,1
TXN87790703,0
TXN35803659,1
TXN64045471,0
TXN82987467,1
TXN84898435,1
TXN23485503,0
TXN19906048,0
TXN99922613,0
TXN10163496,0
TXN51431558,1
TXN89618872,1
TXN71074687,0
TXN03330700,0
TXN86473828,0
TXN80405983,1
TXN01596623,0
TXN99973770,0
TXN55878635,0
TXN56237208,1
TXN15192209,0
TXN73355818,1
TXN72276391,0
TXN28543336,0
TXN08768234,1
TXN02608213,0
TXN44589320,0
TXN68602702,0
TXN44646346,1
TXN30421089,1
TXN74478892,0
TXN83988297,1
TXN70045479,1
TXN04510402,1
TXN61834869,1
TXN83833325,1
TXN58374308,1
TXN27590350,0
TXN29852182,1
TXN42900316,1
TXN25278411,0
TXN60200314,0
TXN47209537,1
TXN23691690,1
TXN98753576,1
TXN11622106,0
TXN72680662,0
TXN12551966,0
TXN59213002,1
TXN88686808,0
TXN11843213,1
TXN52569680,0
TXN18697993,0
TXN54676544,0
TXN22920586,1
TXN05462561,1
TXN74916802,0
TXN52156933,0
TXN72274102,1
TXN55869615,1
TXN99445209,0
TXN28921799,0
TXN95836031,0
TXN59993370,1
TXN46711863,0
TXN08095248,1
TXN06517786,0
TXN15846912,0
TXN35259569,1
TXN92741477,0
TXN76922574,0
TXN03110431,1
TXN93654849,1
TXN54307397,1
TXN30442809,0
TXN56377673,0
TXN94372358,1
TXN94718715,0
TXN61034787,0
TXN27730218,1
TXN00474798,1
TXN60539645,0
TXN64988756,1
TXN50503791,0
TXN40639881,0
TXN36560530,0
TXN04439365,0
TXN75433105,0
TXN12918278,1
TXN54207480,0
TXN06962621,1
TXN50099880,0
TXN89017503,1
TXN32478360,0
TXN11683277,0
TXN80848648,0
TXN40246075,0
TXN38314325,1
TXN55810130,0
TXN39721897,0
TXN57864755,0
TXN33432820,1
TXN54099680,1
TXN83280021,1
TXN36025216,1
TXN01383396,0
TXN13496773,0
TXN33737564,0
TXN81003955,1
TXN10192108,0
TXN08898549,1
TXN37632780,0
TXN19652466,1
TXN23742712,1
TXN22864842,1
TXN95366586,0
TXN29863517,1
TXN76827397,1
TXN12221096,0
TXN06227750,1
TXN46669629,1
TXN68840275,1
TXN68715185,0
TXN25620052,1
TXN95928451,0
TXN58703443,1
TXN66454034,0
TXN95897290,1
TXN09253194,1
TXN94795098,0
TXN66933147,1
TXN16747209,1
TXN37297786,1
TXN81364197,0
TXN20008255,1
TXN86554029,0
TXN95161429,1
TXN94243691,1
TXN37475967,1
TXN79179377,1
TXN56398710,1
TXN63929333,1
TXN57588720,0
TXN76261334,0
TXN34957267,0
TXN24200960,0
TXN54039328,1
TXN41318404,1
TXN08756792,1
TXN27458467,0
TXN78054361,0
TXN43195857,1
TXN14022343,0
TXN94543403,0
TXN63277194,1
TXN24792856,0
TXN78415079,0
TXN86370140,1
TXN80397716,1
TXN03631028,0
TXN18238835,0
TXN60193812,1
TXN99952279,1
TXN53203244,1
TXN72306120,0
TXN60532571,0
TXN26681515,0
TXN92989890,1
TXN74029677,0
TXN50092920,0
TXN21399732,0
TXN89925378,0
TXN64669192,1
TXN74066424,0
TXN43686163,1
TXN92045906,0
TXN83991386,1
TXN09332294,1
TXN85223943,1
TXN89689622,1
TXN37507272,0
TXN22844508,1
TXN96398532,1
TXN04537103,0
TXN92346167,0
TXN25891130,0
TXN01194316,0
TXN83546570,0
TXN35667563,1
TXN79450564,0
TXN16310777,1
TXN67667720,1
TXN51897497,0
TXN72983448,1
TXN32419067,1
TXN56035343,0
TXN11472968,0
TXN42219691,0
TXN79283553,0
TXN62529589,1
TXN92040514,0
TXN10150793,0
TXN37450852,1
TXN68895686,1
TXN46457583,0
TXN38969813,1
TXN30547951,0
TXN17280317,0
TXN50813220,1
TXN91516942,1
TXN22859421,1
TXN43693313,0
TXN42010243,1
TXN50414862,1
TXN41012730,1
TXN35973875,0
TXN02482215,0
TXN29305333,1
TXN53598359,0
TXN85043361,1
TXN72926801,1
TXN36074889,1
TXN31568105,0
TXN13833527,0
TXN69066336,0
TXN40007835,1
TXN84642240,0
TXN17989555,1
TXN27956408,0
TXN28983562,0
TXN32217632,1
TXN30853052,1
TXN60606453,1
TXN75907270,0
TXN03424856,0
TXN62984337,1
TXN62172339,0
TXN61223541,1
TXN50024106,0
TXN34565229,1
TXN44808124,0
TXN29616364,1
TXN00380832,1
TXN57047576,0
TXN10113813,0
TXN13968622,0
TXN99112466,0
TXN44538163,1
TXN84238867,0
TXN72189658,0
TXN76861726,0
TXN80588259,1
TXN04157689,0
TXN37794729,0
TXN70578345,1
TXN86501907,1
TXN81652438,0
TXN00201549,0
TXN97063572,0
TXN97510064,0
TXN07287389,1
TXN88969983,0
TXN57222571,0
TXN21134444,1
TXN48010229,1
TXN10735027,0
TXN93363519,1
TXN41008189,0
TXN52874116,0
TXN80250316,0
TXN28360468,0
TXN32864852,1
TXN92326193,0
TXN84739009,1
TXN55502466,1
TXN58727922,1
TXN24837683,0
TXN84706729,1
TXN73222925,1
TXN05233198,1
TXN01009522,0
TXN12288960,0
TXN24747143,1
TXN70296131,1
TXN79872754,1
TXN09360244,0
TXN86401426,1
TXN27627262,1
TXN88544870,0
TXN49409379,0
TXN67901236,0
TXN18681974,0
TXN19109864,0
TXN94388178,1
TXN16142296,1
TXN38683287,1
TXN96505562,1
TXN12191306,1
TXN44903344,1
TXN06171931,0
TXN35376315,0
TXN75995278,1
TXN98693022,1
TXN71692461,0
TXN03931565,1
TXN03261364,0
TXN42294553,1
TXN49310810,0
TXN97821491,0
TXN31122543,0
TXN16149339,0
TXN71909650,1
TXN45788942,0
TXN21025788,0
TXN15766904,1
TXN61324371,0
TXN97829104,0
TXN20078165,1
TXN15097312,0
TXN70790402,1
TXN60610961,0
TXN38151585,1
TXN23670436,0
TXN05010975,0
TXN97924013,0
TXN87480967,1
TXN98103864,1
TXN38231997,0
TXN12082186,0
TXN24827765,0
TXN81470124,0
TXN61682505,1
TXN86627726,0
TXN76421576,1
TXN25670357,0
TXN79449101,1
TXN38460858,0
TXN81359521,0
TXN65120984,0
TXN35625670,1
TXN51618432,0
TXN64505587,1
TXN79864646,1
TXN91904163,0
TXN97476560,0
TXN02568554,1
TXN89973400,1
TXN24690651,0
TXN68531450,0
TXN46463049,1
TXN82204850,0
TXN20821902,0
TXN41796529,0
TXN61869641,0
TXN56050383,1
TXN35646157,0
TXN56068187,1
TXN24651279,1
TXN63585697,0
TXN24794689,1
TXN85440470,0
TXN73937825,1
TXN92116124,1
TXN91850274,0
TXN74708465,0
TXN74835048,1
TXN07063816,1
TXN11917379,0
TXN38631058,0
TXN68774537,0
TXN53948177,1
TXN35925401,1
TXN13973949,1
TXN29331217,1
TXN55214446,0
TXN90500464,1
TXN27709400,1
TXN27104533,1
TXN79350682,0
TXN64344049,0
TXN47893794,0
TXN15445353,0
TXN43863108,1
TXN54140179,1
TXN22066000,1
TXN67141031,0
TXN80371611,0
TXN58205318,0
TXN79134069,1
TXN67125349,1
TXN56623789,1
TXN30008112,0
TXN93523553,0
TXN69061340,0
TXN01865188,0
TXN65795773,1
TXN46459572,1
TXN42753629,0
TXN97267745,1
TXN96029653,0
TXN71323525,1
TXN22114460,0
TXN98877679,1
TXN96734647,1
TXN15553991,1
TXN33963405,1
TXN62947769,1
TXN67113425,1
TXN63518879,1
TXN90637195,1
TXN41521889,0
TXN11182059,0
TXN50010632,1
TXN49326606,0
TXN34291971,1
TXN86067056,0
TXN71032640,0
TXN69963305,1
TXN83120827,0
TXN28724193,1
TXN61795456,1
TXN02900622,1
TXN30585870,1
TXN04425756,0
TXN88469852,1
TXN02592920,1
TXN18870315,1
TXN82829140,1
TXN23898739,0
TXN98039550,0
TXN16255512,1
TXN01022198,1
TXN52865455,0
TXN96978547,1
TXN06422414,0
TXN68516644,1
TXN93273180,1
TXN86840975,1
TXN52589311,1
TXN48276173,1
TXN48478880,1
TXN23353610,1
TXN90511676,0
TXN09909571,1
TXN76621325,0
TXN81596208,0
TXN24018114,0
TXN71688146,0
TXN24400881,1
TXN56362401,1
TXN67762026,0
TXN38891057,1
TXN32419397,1
TXN56108739,0
TXN99314733,1
TXN19942992,0
TXN69895926,0
TXN62691229,1
TXN72643882,0
TXN73684511,0
TXN82300469,1
TXN09662821,1
TXN54752559,1
TXN57255131,0
TXN45812068,0
TXN31309672,0
TXN82276061,1
TXN15432070,1
TXN68071644,1
TXN90288053,0
TXN15437392,1
TXN43065831,0
TXN47939431,0
TXN56053518,1
TXN61146250,0
TXN47614419,1
TXN44444462,1
TXN24779857,1
TXN87743292,0
TXN58071174,0
TXN40480999,0
TXN88920068,0
TXN18055942,0
TXN17322663,0
TXN06193532,0
TXN03663545,0
TXN01082725,0
TXN87531287,1
TXN91427212,0
TXN11366406,0
TXN54222130,0
TXN32399713,1
TXN50914356,1
TXN40569430,0
TXN60176330,0
TXN88129776,0
TXN76038260,0
TXN45160592,0
TXN79454248,1
TXN24435088,0
TXN94527466,0
TXN56794202,0
TXN18638608,1
TXN75444523,1
TXN50442089,1
TXN53965402,0
TXN99881955,0
TXN74733839,1
TXN74863324,0
TXN37071216,0
TXN22065988,0
TXN31259178,1
TXN36797390,1
TXN77253953,1
TXN48395711,1
TXN16898932,1
TXN98432585,1
TXN57475003,0
TXN16144733,1
TXN47697538,1
TXN06500769,0
TXN32173539,0
TXN31572121,0
TXN92225141,0
TXN42211782,0
TXN86464731,0
TXN34554889,0
TXN53776785,1
TXN51645377,1
TXN09187855,0
TXN71227398,1
TXN86505598,0
TXN75977359,0
TXN63802734,1
TXN55305938,0
TXN51047372,0
TXN50054232,0
TXN22291231,1
TXN15981222,0
TXN23644106,0
TXN54814034,1
TXN36440397,1
TXN45881352,0
TXN94168872,1
TXN31736956,1
TXN44911567,1
TXN77261860,0
TXN49449485,0
TXN26834975,0
TXN35498409,0
TXN62592683,1
TXN72940448,1
TXN58345894,0
TXN41965117,1
TXN91258937,0
TXN63592815,0
TXN51615291,0
TXN95195982,0
TXN30359709,0
TXN55453794,0
TXN69191155,0
TXN66107787,0
TXN80645354,0
TXN65887398,0
TXN64881358,0
TXN07947034,0
TXN76112005,0
TXN49233840,0
TXN71804556,0
TXN08925280,1
TXN10753301,0
TXN38573650,1
TXN58936401,0
TXN49032080,0
TXN19959151,0
TXN20150653,1
TXN12522827,0
TXN03721078,1
TXN19049703,1
TXN18622490,0
TXN31994109,0
TXN88378571,1
TXN72678673,1
TXN13727584,1
TXN00463191,0
TXN07094567,0
TXN56403405,0
TXN95222582,0
TXN39741452,1
TXN33604069,0
TXN53886542,0
TXN18350026,0
TXN79449397,1
TXN38798532,1
TXN65390028,1
TXN38630603,0
TXN39050546,1
TXN00137313,1
TXN38431480,0
TXN52868953,0
TXN15315986,1
TXN07562061,1
TXN95042677,1
TXN65909521,1
TXN52717966,0
TXN59685112,1
TXN27525454,1
TXN46391091,0
TXN74784736,0
TXN33063707,1
TXN57552119,1
TXN88743988,1
TXN58924691,0
TXN98303438,1
TXN38398118,0
TXN11384088,1
TXN94048072,1
TXN97754050,1
TXN76055375,1
TXN92501903,1
TXN57602507,1
TXN45209435,1
TXN23596696,0
TXN42294729,0
TXN52415410,1
TXN72336647,0
TXN05724173,1
TXN07537406,0
TXN54120861,0
TXN52903758,1
TXN67850738,0
TXN08729866,0
TXN20375892,0
TXN42969242,0
TXN03311224,1
TXN52666295,1
TXN94630702,1
TXN09645693,1
TXN81543944,1
TXN94163759,0
TXN70106931,1
TXN19710778,0
TXN35036279,1
TXN93080841,1
TXN11876471,0
TXN33378447,1
TXN99180514,0
TXN81575062,1
TXN54131762,1
TXN42787880,1
TXN63028712,1
TXN46472023,1
TXN45776999,0
TXN44343733,0
TXN02052852,0
TXN40886079,0
TXN92649338,1
TXN05931856,0
TXN42149615,0
TXN60303305,0
TXN59040929,1
TXN24203175,0
TXN89063837,0
TXN86739346,0
TXN25028094,1
TXN02947796,1
TXN73387433,0
TXN12114959,0
TXN23609165,0
TXN87659434,1
TXN30195904,1
TXN78283624,1
TXN86965077,0
TXN39734839,0
TXN19829674,0
TXN27259572,0
TXN58558330,0
TXN25003747,0
TXN47619987,0
TXN47349348,0
TXN76152038,0
TXN11191090,1
TXN49154436,1
TXN65464677,0
TXN45037267,0
TXN29786084,0
TXN58371196,0
TXN77628908,0
TXN99172254,1
TXN97529709,1
TXN71802173,1
TXN04470388,1
TXN74863447,0
TXN64163221,0
TXN01388182,0
TXN03205303,1
TXN53915762,1
TXN36095574,1
TXN19796175,0
TXN88638273,1
TXN17194119,1
TXN71596834,1
TXN13580387,0
TXN30357089,0
TXN20269091,0
TXN54388768,0
TXN68932501,1
TXN61222656,0
TXN26290361,1
TXN65527829,1
TXN25810146,0
TXN28467751,1
TXN06600513,1
TXN13296428,1
TXN50999410,1
TXN42124245,0
TXN50561802,0
TXN94523196,0
TXN92749836,0
TXN20104725,0
TXN49435475,1
TXN25921972,0
TXN71904216,1
TXN61930456,1
TXN12234866,1
TXN96680890,1
TXN16400763,1
TXN05850961,0
TXN51526742,0
TXN08679405,0
TXN54170670,1
TXN49111811,0
TXN39936849,1
TXN24511996,1
TXN41546035,0
TXN59221410,0
TXN19457794,1
TXN47915058,0
TXN29001310,0
TXN65968554,0
TXN36482577,1
TXN24172716,0
TXN42497091,1
TXN03757412,1
TXN51401441,0
TXN43668103,1
TXN52703795,0
TXN72611760,1
TXN58972107,1
TXN83275128,1
TXN59462512,1
TXN19115585,1
TXN16893300,0
TXN28449137,1
TXN53634834,0
TXN38612546,0
TXN78581952,1
TXN84872592,1
TXN77595975,0
TXN52417827,0
TXN53967716,1
TXN90414390,1
TXN52669351,0
TXN90247895,0
TXN47327580,1
TXN84126625,1
TXN55888997,1
TXN22951190,1
TXN66645872,0
TXN24292134,0
TXN83994811,0
TXN45303683,1
TXN19198264,0
TXN10302375,1
TXN99789546,0
TXN10698396,0
TXN41189628,0
TXN18189526,1
TXN37363871,1
TXN14486823,0
TXN86101886,1
TXN47247985,0
TXN76409644,1
TXN99544789,1
TXN87904786,0
TXN27141688,0
TXN96496438,1
TXN99617679,1
TXN82843448,1
TXN57212162,0
TXN04090736,0
TXN82236794,0
TXN46885142,0
TXN79179490,1
TXN47941347,0
TXN01476473,1
TXN12042269,0
TXN90296762,1
TXN13296889,1
TXN33226459,1
TXN85091593,0
TXN95270017,0
TXN05211973,1
TXN73191555,0
TXN03539983,0
TXN08201969,0
TXN02491438,1
TXN13100059,1
TXN91193353,0
TXN49031116,1
TXN64652826,0
TXN82465615,0
TXN64203820,1
TXN12124708,0
TXN75733741,0
TXN32642841,0
TXN05793094,0
TXN97525065,1
TXN59848012,0
TXN97457621,0
TXN79604295,1
TXN38924891,1
TXN57080783,0
TXN11632162,1
TXN02611204,1
TXN99092673,1
TXN40878869,0
TXN12346698,1
TXN81292446,0
TXN76032731,0
TXN19522106,1
TXN26470525,0
TXN80537269,1
TXN14832102,1
TXN28017935,0
TXN13654170,0
TXN30176036,1
TXN34595950,1
TXN63193952,1
TXN21318640,1
TXN52416221,1
TXN05603938,0
TXN19934347,1
TXN53489395,1
TXN70380460,0
TXN82003036,1
TXN97766186,1
TXN40508798,0
TXN50849609,1
TXN91477874,0
TXN10726864,1
TXN25849626,1
TXN11456754,1
TXN64402319,0
TXN78074825,1
TXN88728381,0
TXN16382209,0
TXN22065981,1
TXN24430879,1
TXN34538875,1
TXN73047099,0
TXN33493597,0
TXN01912003,0
TXN59435752,1
TXN24230484,0
TXN30349160,1
TXN31748891,1
TXN45480552,0
TXN72606886,1
TXN70337962,1
TXN97330404,1
TXN39023421,1
TXN78788157,1
TXN87520916,1
TXN55968331,1
TXN56728749,0
TXN16316914,0
TXN46188110,1
TXN51569257,1
TXN26105276,1
TXN29887183,0
TXN77436041,0
TXN68177051,1
TXN97419486,1
TXN80806802,1
TXN30392883,0
TXN99134685,1
TXN61044721,0
TXN63439183,0
TXN46571297,1
TXN04337087,1
TXN85797481,1
TXN24172459,1
TXN34044171,1
TXN76008342,0
TXN19301851,1
TXN78603359,1
TXN09682994,1
TXN01337104,0
TXN36977790,0
TXN98906938,0
TXN16067277,1
TXN78797961,1
TXN72378332,1
TXN35283485,1
TXN62361560,0
TXN46908141,1
TXN22156966,1
TXN75551682,0
TXN12085124,0
TXN53712677,0
TXN29579116,0
TXN24446464,0
TXN99526422,0
TXN36696265,1
TXN50068244,0
TXN59965566,1
TXN64213996,0
TXN93296882,0
TXN59439377,1
TXN37281989,0
TXN56986482,0
TXN98762981,1
TXN46402693,1
TXN14193243,0
TXN22972478,0
TXN40665208,1
TXN22428060,0
TXN91055431,0
TXN15014101,1
TXN91968594,1
TXN77215365,0
TXN96339539,0
TXN78846791,0
TXN07776276,0
TXN87956994,0
TXN02121425,0
TXN04953422,0
TXN83291473,0
TXN48215999,1
TXN96891324,1
TXN95276726,0
TXN27517980,0
TXN47258825,0
TXN16238607,1
TXN54814392,1
TXN02853426,1
TXN55590927,1
TXN60340222,0
TXN12482196,1
TXN56788565,0
TXN45672037,0
TXN35451156,1
TXN02606661,1
TXN16042963,0
TXN14185370,1
TXN40717458,0
TXN83427850,1
TXN02423106,0
TXN72256787,1
TXN95146272,1
TXN95501319,1
TXN44306953,0
TXN51795389,0
TXN85438647,1
TXN38794822,0
TXN58117056,1
TXN68606652,1
TXN35532957,1
TXN11135769,1
TXN89455114,0
TXN35507085,0
TXN14245407,0
TXN78536029,0
TXN93549595,0
TXN74022133,1
TXN75668949,1
TXN84813115,1
TXN83552477,1
TXN67423993,1
TXN30491317,0
TXN35189161,1
TXN40585467,0
TXN21659261,1
TXN81246095,1
TXN46450433,0
TXN88158527,1
TXN50771639,0
TXN31230810,0
TXN30897383,1
TXN80951213,1
TXN98258492,0
TXN19300994,0
TXN95073642,1
TXN51320889,1
TXN48289249,0
TXN41879582,1
TXN50287839,1
TXN91683619,0
TXN74724215,1
TXN21169625,1
TXN01527343,1
TXN94077371,1
TXN68584223,0
TXN35292596,1
TXN28961640,1
TXN55239417,0
TXN84290773,0
TXN87234377,1
TXN69391252,0
TXN42136616,0
TXN33558934,0
TXN64474805,1
TXN17107483,1
TXN49920973,0
TXN20473238,1
TXN08593444,0
TXN74424175,0
TXN84225261,0
TXN50181593,1
TXN14308026,0
TXN43023304,0
TXN08128322,1
TXN69118890,1
TXN20619926,0
TXN29782598,0
TXN60610536,1
TXN81898441,1
TXN55220932,0
TXN07602569,0
TXN04532338,0
TXN06248413,0
TXN06179060,0
TXN36480096,0
TXN87953704,0
TXN87204312,1
TXN52617606,0
TXN28829980,0
TXN09110030,0
TXN04940044,0
TXN17746699,1
TXN49540778,0
TXN51518776,1
TXN06186664,0
TXN18684820,1
TXN66418880,1
TXN56064094,0
TXN68518850,0
TXN29718985,0
TXN02233703,0
TXN97994831,1
TXN78995585,0
TXN62293863,0
TXN03174082,1
TXN83653672,1
TXN55986551,0
TXN44126411,0
TXN62761404,0
TXN53644961,1
TXN32606079,1
TXN65764672,1
TXN94462836,1
TXN69149714,1
TXN01057716,1
TXN99925405,0
TXN52281809,1
TXN99518646,0
TXN46144453,1
TXN60520382,0
TXN43645046,0
TXN33974285,1
TXN12492231,0
TXN49140957,0
TXN84846538,0
TXN76072629,1
TXN95824565,1
TXN04409857,0
TXN64083439,0
TXN67982609,1
TXN04825525,1
TXN48376052,0
TXN97705284,1
TXN15394662,0
TXN60198416,1
TXN11850091,0
TXN54442651,0
TXN77945307,0
TXN26301127,1
TXN86003394,1
TXN80723663,0
TXN70776969,1
TXN75151905,0
TXN65920095,0
TXN96954754,1
TXN33550603,0
TXN84221703,0
TXN20247347,0
TXN63647304,1
TXN00151666,1
TXN83922388,0
TXN13403287,0
TXN04124190,0
TXN69775373,0
TXN02564280,0
TXN64791939,1
TXN52976012,0
TXN56878003,1
TXN93388842,0
TXN15427244,1
TXN80232074,0
TXN25217378,0
TXN48915500,0
TXN73987668,0
TXN34869991,0
TXN58864202,1
TXN17298324,1
TXN11030624,1
TXN42031924,1
TXN07957344,1
TXN37803685,1
TXN86213535,0
TXN84314957,1
TXN82979736,0
TXN51032346,0
TXN99632807,0
TXN16916656,0
TXN37328086,0
TXN61730038,0
TXN96749516,1
TXN76996211,1
TXN74209233,0
TXN71193512,1
TXN28659001,1
TXN54262020,0
TXN63504678,0
TXN65492024,1
TXN50688139,0
TXN99913459,1
TXN55985025,1
TXN35801309,0
TXN34394142,1
TXN20761228,1
TXN24811242,0
TXN69348440,1
TXN44134404,0
TXN94359267,1
TXN62104083,1
TXN23195454,1
TXN18032710,0
TXN80009711,0
TXN62649759,1
TXN15008821,1
TXN18414727,0
TXN22259461,1
TXN28503891,0
TXN14845052,1
TXN83203203,1
TXN62372898,0
TXN25634995,0
TXN27431723,1
TXN90952873,1
TXN15821899,0
TXN69689299,1
TXN50738767,0
TXN75133902,1
TXN05614464,1
TXN06953950,1
TXN66403499,1
TXN58040071,0
TXN16641679,1
TXN52480216,1
TXN14921412,1
TXN74164945,0
TXN27436113,1
TXN40246059,1
TXN26652553,0
TXN59554528,1
TXN97945288,1
TXN28750741,1
TXN80447957,0
TXN59390391,1
TXN82710117,0
TXN96741629,0
TXN51752358,1
TXN33835533,0
TXN97138198,0
TXN42555537,0
TXN53658307,0
TXN68856079,0
TXN31605139,0
TXN68127273,1
TXN92135196,1
TXN95143567,0
TXN01384297,0
TXN66436381,1
TXN26720650,0
TXN66801515,1
TXN26062625,0
TXN05142610,1
TXN54341884,1
TXN75362835,1
TXN21071571,0
TXN51426521,0
TXN04748868,1
TXN92916653,1
TXN30489828,1
TXN83584128,1
TXN65019126,0
TXN78495362,0
TXN85862669,1
TXN09076531,0
TXN82736500,1
TXN18623873,1
TXN02548543,0
TXN47307249,0
TXN88270520,0
TXN58192405,1
TXN24213414,1
TXN65505825,1
TXN63473241,1
TXN77808795,0
TXN41634515,1
TXN20256384,1
TXN91077287,0
TXN81502639,1
TXN86107114,0
TXN93857781,0
TXN58364527,1
TXN06108835,0
TXN32181649,0
TXN01794152,0
TXN03079168,0
TXN35749406,0
TXN99027050,0
TXN16230874,1
TXN96821984,1
TXN94067362,0
TXN14364753,0
TXN56766807,0
TXN72051241,1
TXN31716955,0
TXN02831413,0
TXN82199313,0
TXN59803994,0
TXN87097896,1
TXN46086536,0
TXN98046011,1
TXN92463600,1
TXN91737396,1
TXN42472086,0
TXN83090017,1
TXN19926133,1
TXN27873813,0
TXN35348521,0
TXN71871426,1
TXN67200246,1
TXN70473016,0
TXN60263700,0
TXN06581090,0
TXN91703766,1
TXN69035788,1
TXN93243022,0
TXN18324414,1
TXN45841550,1
TXN88387922,1
TXN70218797,0
TXN65919322,0
TXN91590181,1
TXN10001251,1
TXN77350995,1
TXN61824706,0
TXN45155594,0
TXN71710960,1
TXN90035168,1
TXN20428616,0
TXN37914611,1
TXN85344796,0
TXN71365039,0
TXN79891035,1
TXN46478750,1
TXN75771976,0
TXN57974766,0
TXN89902083,0
TXN52418553,1
TXN41579738,0
TXN05220540,0
TXN51831818,0
TXN43653250,0
TXN18293635,0
TXN28167711,1
TXN26921022,1
TXN76400038,1
TXN81101136,0
TXN81034508,0
TXN69028425,0
TXN24512892,0
TXN01763832,0
TXN49113405,1
TXN14344674,0
TXN27962320,1
TXN14897747,1
TXN45387997,1
TXN06694118,1
TXN55712378,1
TXN36966256,0
TXN57745734,1
TXN39436129,0
TXN57186895,0
TXN04819129,0
TXN40947336,1
TXN14328748,1
TXN79075722,0
TXN10760906,1
TXN53792627,0
TXN15266237,0
TXN89268598,0
TXN21646215,0
TXN82032322,1
TXN61576761,0
TXN21765030,1
TXN19373646,0
TXN86484440,0
TXN90820459,0
TXN81661313,1
TXN40841995,1
TXN75720870,0
TXN62220708,0
TXN04568761,1
TXN83488489,1
TXN76281310,0
TXN44442757,1
TXN54263092,0
TXN45066959,1
TXN88694488,0
TXN16152779,0
TXN82237798,0
TXN81385986,1
TXN59853532,0
TXN34193968,1
TXN17532849,1
TXN11713708,0
TXN06405394,0
TXN26653126,1
TXN03868802,0
TXN49653334,0
TXN92152061,0
TXN84102621,0
TXN31797355,1
TXN26979527,1
TXN99128421,0
TXN93207486,1
TXN80480336,0
TXN17719702,1
TXN64340759,1
TXN64260873,0
TXN08743978,1
TXN94746333,1
TXN82736555,1
TXN91908046,0
TXN08788197,0
TXN68797598,0
TXN63246092,1
TXN30834019,1
TXN80216170,1
TXN94259765,1
TXN18975200,1
TXN35217772,1
TXN11327288,0
TXN77104944,1
TXN00692310,0
TXN53034767,0
TXN01631549,1
TXN11776446,0
TXN75748368,1
TXN14978811,0
TXN91026703,0
TXN48138677,0
TXN72756240,0
TXN22480102,0
TXN08132195,1
TXN98500479,1
TXN69592555,1
TXN87962379,1
TXN38898687,1
TXN74269950,1
TXN57079795,1
TXN26643528,0
TXN05104786,1
TXN02041971,1
TXN68346527,1
TXN09258947,1
TXN05918648,1
TXN19848794,1
TXN31347178,1
TXN54693117,1
TXN57616059,0
TXN54818750,1
TXN54793048,0
TXN13977166,0
TXN81073839,1
TXN22575386,0
TXN26185436,0
TXN03035691,1
TXN03954641,1
TXN09751875,0
TXN66331252,1
TXN94508063,0
TXN46926868,1
TXN63083650,0
TXN10636776,0
TXN70853519,0
TXN81486823,1
TXN22029758,0
TXN52778668,0
TXN09533964,1
TXN28799901,0
TXN23046643,1
TXN16737298,0
TXN93635969,1
TXN60549760,1
TXN53072884,1
TXN55551655,1
TXN32119493,0
TXN85093465,1
TXN17982005,0
TXN05514002,1
TXN02833757,0
TXN89522005,0
TXN29409412,1
TXN57920796,1
TXN16038734,0
TXN72467144,0
TXN65165935,0
TXN01776171,1
TXN00888087,1
TXN69233937,1
TXN07208760,0
TXN81274362,0
TXN86608202,1
TXN10038182,1
TXN09484471,0
TXN62384965,1
TXN94925321,1
TXN22511108,0
TXN94289462,0
TXN19497914,0
TXN91998644,0
TXN35851436,0
TXN76143738,0
TXN03223768,0
TXN94973312,1
TXN42768624,0
TXN26435605,0
TXN73567659,0
TXN79050001,0
TXN73758981,0
TXN79769761,1
TXN29407219,1
TXN04888915,0
TXN15433648,1
TXN50488446,0
TXN83672773,0
TXN24789116,1
TXN49476300,0
TXN53873287,0
TXN89268470,0
TXN03163933,1
TXN56068199,1
TXN98229255,1
TXN19723401,1
TXN46478203,1
TXN87777798,0
TXN19713736,1
TXN80368909,1
TXN06179107,1
TXN55901950,1
TXN82142066,0
TXN94769131,0
TXN29953237,1
TXN78065745,0
TXN97484898,0
TXN31943238,1
TXN23867675,1
TXN64195699,1
TXN55522636,1
TXN37425502,1
TXN95582993,0
TXN32987740,0
TXN71754601,0
TXN34622466,1
TXN91679927,0
TXN54094370,0
TXN11453804,1
TXN53907271,0
TXN22764149,0
TXN49277062,0
TXN08295294,0
TXN59556159,1
TXN57998901,0
TXN45066501,0
TXN36691300,0
TXN59978375,1
TXN76425134,1
TXN59691252,1
TXN40896720,1
TXN85502092,1
TXN77699356,0
TXN48770442,0
TXN52044786,0
TXN73088911,0
TXN66571195,1
TXN29231932,0
TXN84690030,1
TXN69814841,0
TXN94886898,1
TXN15363359,1
TXN07572815,1
TXN70323832,1
TXN90898092,1
TXN10759445,0
TXN40905010,0
TXN03624906,1
TXN59453719,1
TXN93506355,0
TXN95821250,0
TXN94622400,0
TXN48842022,0
TXN91416371,0
TXN49019458,1
TXN50768711,0
TXN57563814,0
TXN21065096,0
TXN06215710,0
TXN18016239,1
TXN16144015,0
TXN56427933,0
TXN75045971,1
TXN83274427,1
TXN07301576,1
TXN93107874,1
TXN07257915,1
TXN18323448,0
TXN62282545,0
TXN62233408,1
TXN22247984,1
TXN44076525,0
TXN82066469,0
TXN56322095,0
TXN20934182,0
TXN08414637,0
TXN82246499,1
TXN36785648,0
TXN70172153,0
TXN17382469,1
TXN12795651,1
TXN08548467,1
TXN99277155,0
TXN91899094,1
TXN99555540,0
TXN14435641,0
TXN31834338,1
TXN61462399,1
TXN47818537,0
TXN10666086,0
TXN22123974,0
TXN92286923,0
TXN41343588,1
TXN67685197,0
TXN52001778,1
TXN09555800,1
TXN96466910,0
TXN25527251,0
TXN71990567,0
TXN80841275,1
TXN63872782,1
TXN16218048,1
TXN55657904,0
TXN51791373,0
TXN97719737,0
TXN72395026,1
TXN56620753,1
TXN50777391,0
TXN11833481,1
TXN02624113,1
TXN74895114,0
TXN80945165,1
TXN64520613,0
TXN78352155,1
TXN97933635,0
TXN18558819,0
TXN13968089,1
TXN22327188,1
TXN76813353,1
TXN02080357,1
TXN45734494,1
TXN59506023,1
TXN69526755,0
TXN79814337,0
TXN57632446,0
TXN44885217,1
TXN20618693,0
TXN38517567,1
TXN42967450,0
TXN00789223,1
TXN16192750,1
TXN87917165,1
TXN48843044,0
TXN20732637,0
TXN02053089,1
TXN06269995,1
TXN71072001,1
TXN18659065,0
TXN48578521,0
TXN66941387,0
TXN88790466,0
TXN17554275,1
TXN13840412,1
TXN87999315,1
TXN54062734,0
TXN09166934,1
TXN29818764,0
TXN30051261,1
TXN78725611,0
TXN40845232,0
TXN98516377,1
TXN20509984,0
TXN22213311,0
TXN98551710,0
TXN86943092,0
TXN07348489,0
TXN66798162,0
TXN53484761,1
TXN06780297,1
TXN38608167,0
TXN75203263,0
TXN60426092,1
TXN30059914,1
TXN07151127,0
TXN87103863,0
TXN53777652,0
TXN86317155,1
TXN94861547,1
TXN53240108,0
TXN56074401,1
TXN97870096,0
TXN13296178,0
TXN05495692,0
TXN34626353,1
TXN92720728,1
TXN61931229,0
TXN58191345,0
TXN88870572,0
TXN58765198,0
TXN75946390,0
TXN92840866,0
TXN05567282,0
TXN76563664,1
TXN99881584,1
TXN79744933,0
TXN46490152,1
TXN02241949,0
TXN70220671,0
TXN03720307,0
TXN64727444,1
TXN76601469,1
TXN16641047,1
TXN53805347,1
TXN35770912,1
TXN40814162,0
TXN30828712,1
TXN24121417,0
TXN92093517,0
TXN65625744,1
TXN76589135,0
TXN55494351,0
TXN83816105,1
TXN79846262,1
TXN20059330,1
TXN04344619,0
TXN49803118,0
TXN02742995,0
TXN50576456,0
TXN27737962,1
TXN52026769,0
TXN54782106,0
TXN31501267,0
TXN62016647,1
TXN41376962,0
TXN47604629,1
TXN63858467,1
TXN30494672,0
TXN05155670,1
TXN64837188,0
TXN69597249,0
TXN18624326,0
TXN21638832,1
TXN19602399,1
TXN79578830,1
TXN47396936,0
TXN12975784,1
TXN16482670,1
TXN78192408,0
TXN33305767,0
TXN49302207,0
TXN70941176,1
TXN54079323,1
TXN32456119,1
TXN48001010,0
TXN97462553,0
TXN72234538,1
TXN74902838,0
TXN60958995,1
TXN29757491,0
TXN07606085,0
TXN86200820,0
TXN13378314,0
TXN46619558,0
TXN37763779,0
TXN48192579,1
TXN01250089,0
TXN44809394,1
TXN61652972,1
TXN28313583,1
TXN44166785,0
TXN04869680,1
TXN71864013,0
TXN52741861,1
TXN88727164,1
TXN73319659,1
TXN36174781,1
TXN86478984,0
TXN53182032,0
TXN11369824,0
TXN10065187,1
TXN75834344,1
TXN30975745,0
TXN05226784,0
TXN05466155,1
TXN13907442,0
TXN74935838,1
TXN16126184,1
TXN04311181,0
TXN95354566,0
TXN56716402,1
TXN16666673,1
TXN16741778,0
TXN96560573,0
TXN32831497,0
TXN08504636,0
TXN06904751,0
TXN74761331,1
TXN64772277,0
TXN53152858,0
TXN30739900,0
TXN45442817,1
TXN38337129,0
TXN28837321,1
TXN14985409,0
TXN13926049,1
TXN06660120,0
TXN27646594,1
TXN57531277,0
TXN00157806,1
TXN69567924,0
TXN59097912,1
TXN23458709,0
TXN27457685,1
TXN72810152,0
TXN05803310,0
TXN80980329,0
TXN60691564,1
TXN33194969,0
TXN79900316,1
TXN13836603,0
TXN04144551,1
TXN64398899,0
TXN99521038,0
TXN92569553,0
TXN36590460,1
TXN76721420,0
TXN83746540,0
TXN66773003,0
TXN98112427,1
TXN66234722,1
TXN90950668,0
TXN49806368,1
TXN28839089,1
TXN95777248,0
TXN23751271,0
TXN92815578,1
TXN17597783,0
TXN69543900,1
TXN66082862,0
TXN21756827,0
TXN15693655,0
TXN87183086,1
TXN70590040,0
TXN43381521,0
TXN64368673,0
TXN26501240,1
TXN37874679,0
TXN00737725,0
TXN45876574,1
TXN00645049,0
TXN96055410,0
TXN94869057,0
TXN39165388,0
TXN05569210,1
TXN03953546,0
TXN27713396,0
TXN83338881,1
TXN65214892,1
TXN62258672,1
TXN34463839,0
TXN54974280,0
TXN98041944,0
TXN89913519,0
TXN67373826,1
TXN65391883,0
TXN15901951,0
TXN74239235,0
TXN35208893,1
TXN40149919,0
TXN33765712,1
TXN56662682,1
TXN40767999,0
TXN79865258,1
TXN95991269,1
TXN76441927,0
TXN35206729,1
TXN23642634,1
TXN65854823,0
TXN42982704,0
TXN04220985,1
TXN61981596,0
TXN98201971,1
TXN33451820,1
TXN93749354,1
TXN09650226,0
TXN10516652,1
TXN24219304,0
TXN20033678,0
TXN22192722,1
TXN15234795,1
TXN64799925,1
TXN51133575,1
TXN78645824,1
TXN38026416,1
TXN00387144,0
TXN06494606,0
TXN68363177,1
TXN74803248,0
TXN85474827,1
TXN75377494,0
TXN49690012,1
TXN52993191,0
TXN83632464,0
TXN29264356,0
TXN17789442,0
TXN43976975,1
TXN33754345,0
TXN93894359,0
TXN44644303,0
TXN96838536,1
TXN70570989,0
TXN70962194,1
TXN72154260,0
TXN00146744,0
TXN31480409,0
TXN49154153,0
TXN28359881,0
TXN62329133,1
TXN98914988,1
TXN50077529,0
TXN44749629,1
TXN97485044,0
TXN13277734,0
TXN02344541,0
TXN17584245,0
TXN57693870,1
TXN25469919,0
TXN26029537,1
TXN17366666,1
TXN81791967,1
TXN31523470,0
TXN97114803,0
TXN77795676,0
TXN09409655,0
TXN87241616,0
TXN46716312,0
TXN71473677,0
TXN11384891,0
TXN49751568,0
TXN18082060,0
TXN77337038,1
TXN11950650,1
TXN11206022,1
TXN06473772,1
TXN83128163,0
TXN88019425,1
TXN01167451,0
TXN61107959,0
TXN11205788,0
TXN33060446,0
TXN82906461,0
TXN31108713,0
TXN74277224,1
TXN82349212,1
TXN50713848,1
TXN61025231,0
TXN96490301,0
TXN65547645,1
TXN10385188,0
TXN61740676,1
TXN37267972,0
TXN42635159,1
TXN08118242,0
TXN79630278,1
TXN80153392,0
TXN08968013,0
TXN55031235,1
TXN35147337,0
TXN47036071,0
TXN51826152,1
TXN90976373,1
TXN05278094,0
TXN68960057,1
TXN91813178,0
TXN08668166,0
TXN63766903,1
TXN64400188,0
TXN56827044,0
TXN85138086,0
TXN21600034,0
TXN59814908,1
TXN58246857,0
TXN46882131,0
TXN88803415,1
TXN98987236,1
TXN65584956,1
TXN41838079,0
TXN01117945,1
TXN55415952,1
TXN98496688,1
TXN63791347,1
TXN03037049,1
TXN52501044,0
TXN59300778,1
TXN20232543,1
TXN06683220,1
TXN54379418,1
TXN76668677,1
TXN01010392,0
TXN05646022,1
TXN05881270,1
TXN30691185,0
TXN73232735,0
TXN30263199,0
TXN96111308,0
TXN47493647,1
TXN64337942,1
TXN10472770,0
TXN31587208,0
TXN07950350,0
TXN22384971,0
TXN89211777,1
TXN25415301,1
TXN28066756,1
TXN22002196,1
TXN55028191,1
TXN00907311,1
TXN39976858,1
TXN25802316,1
TXN41460310,0
TXN52486397,0
TXN38856729,1
TXN34011305,0
TXN90797594,1
TXN80968173,0
TXN47648866,0
TXN92830295,1
TXN32894354,1
TXN77572358,1
TXN78084620,1
TXN68561745,1
TXN82570267,1
TXN93388415,0
TXN46975674,1
TXN42746197,1
TXN32921171,1
TXN74291361,1
TXN89597985,0
TXN80818072,1
TXN26857964,0
TXN65548213,0
TXN54745296,1
TXN97140545,0
TXN46418857,1
TXN66588377,1
TXN33753633,1
TXN52788014,0
TXN02272753,0
TXN47360544,0
TXN64000789,0
TXN66332283,1
TXN97152087,0
TXN30088121,0
TXN27200131,0
TXN42480672,0
TXN69327460,1
TXN18352018,1
TXN06275507,0
TXN69529360,1
TXN85066907,0
TXN85996138,0
TXN66621504,0
TXN29771303,0
TXN70367949,1
TXN83911876,0
TXN76625744,0
TXN89983890,1
TXN44570705,1
TXN83133276,1
TXN39550186,0
TXN35667425,0
TXN25423790,0
TXN14096003,0
TXN10981831,1
TXN45213703,1
TXN01598733,0
TXN83612065,1
TXN51496974,1
TXN10390483,1
TXN73301955,0
TXN44360548,0
TXN02345429,0
TXN46952333,1
TXN58496227,0
TXN70653137,0
TXN21250058,0
TXN03018842,1
TXN17226266,0
TXN88019319,0
TXN86955346,1
TXN75772479,0
TXN73128885,1
TXN44477268,0
TXN22767753,1
TXN74394677,1
TXN38887875,1
TXN65717489,0
TXN05033941,1
TXN83084285,0
TXN63073822,1
TXN55899342,0
TXN19164823,1
TXN61106897,0
TXN47988424,0
TXN80282590,1
TXN71218868,1
TXN45851488,0
TXN26877721,0
TXN07552109,1
TXN78082888,0
TXN85431818,1
TXN29340575,0
TXN19126550,0
TXN89139930,0
TXN22119319,0
TXN65815324,0
TXN88681266,0
TXN63614999,1
TXN59747762,1
TXN67394743,1
TXN34981559,1
TXN83811782,1
TXN56682612,1
TXN00924147,1
TXN59254417,1
TXN66365244,1
TXN26743056,1
TXN17841245,1
TXN10726081,0
TXN12582655,1
TXN78978619,1
TXN13380328,0
TXN49718400,0
TXN57021687,0
TXN98280487,0
TXN39333268,1
TXN46367386,1
TXN06956222,0
TXN48090441,1
TXN72409438,0
TXN03521036,0
TXN71587135,1
TXN06724645,0
TXN62815712,1
TXN61672430,1
TXN95274765,1
TXN97483653,1
TXN87935523,0
TXN94212258,1
TXN04986940,1
TXN55717675,1
TXN83166555,1
TXN92271318,0
TXN08579800,0
TXN17181064,0
TXN98919709,0
TXN62070919,1
TXN45580700,1
TXN54719087,1
TXN99952364,0
TXN50371511,1
TXN30708314,0
TXN94848080,0
TXN31874392,1
TXN95115802,1
TXN50268166,0
TXN33870880,1
TXN19337109,1
TXN04463448,1
TXN07346404,1
TXN22775291,1
TXN38220260,0
TXN80672587,1
TXN18663635,1
TXN02783744,1
TXN17023447,0
TXN74084842,1
TXN17123312,0
TXN83943805,0
TXN02923642,0
TXN68484907,1
TXN93897136,1
TXN26540093,0
TXN28484564,1
TXN91545547,1
TXN91565577,0
TXN23701566,0
TXN18800947,1
TXN85720972,1
TXN51814531,0
TXN61758495,1
TXN60391085,0
TXN77572282,0
TXN29619590,1
TXN49888568,1
TXN60231550,0
TXN35955916,1
TXN95473407,0
TXN00319560,1
TXN29014337,1
TXN59928826,1
TXN43688933,1
TXN27911963,1
TXN26651684,1
TXN65912584,1
TXN70679723,1
TXN31695805,0
TXN18278429,0
TXN86031076,0
TXN90789183,1
TXN78499840,0
TXN97647949,0
TXN31427735,1
TXN16359471,0
TXN63404757,1
TXN08036079,0
TXN98707139,1
TXN85426751,1
TXN32455452,1
TXN81884842,1
TXN63597595,1
TXN32744474,0
TXN29865876,1
TXN92077418,1
TXN44519673,0
TXN70797849,0
TXN26253166,0
TXN39873648,1
TXN06426024,1
TXN72608354,1
TXN67885836,1
TXN95887203,1
TXN33737560,1
TXN20088321,1
TXN42552797,1
TXN52712466,1
TXN85476882,1
TXN13852202,1
TXN28412357,1
TXN01569553,1
TXN28376293,0
TXN90893975,1
TXN11325883,1
TXN00728812,1
TXN55196497,1
TXN14940875,1
TXN86205745,0
TXN01073787,0
TXN75856437,0
TXN85964241,0
TXN15539554,0
TXN11915869,1
TXN32642651,0
TXN84863698,1
TXN57621134,1
TXN87866110,1
TXN71723690,1
TXN68315025,1
TXN50150045,0
TXN99983799,1
TXN22659360,1
TXN08989835,1
TXN72544542,0
TXN91705808,0
TXN02735942,1
TXN17106337,0
TXN92983708,0
TXN48250798,1
TXN59675624,0
TXN25863559,1
TXN61783511,1
TXN81792118,1
TXN49197714,1
TXN36654388,1
TXN38106704,0
TXN46414737,1
TXN08018263,0
TXN64471856,1
TXN48023836,0
TXN29992947,1
TXN24070699,1
TXN85096669,0
TXN06676796,1
TXN75312559,0
TXN14455823,0
TXN58358323,1
TXN28364052,0
TXN72860241,1
TXN20703248,0
TXN80246169,0
TXN12736674,1
TXN19110027,0
TXN86423389,0
TXN35856948,1
TXN71065747,1
TXN43351585,1
TXN47364310,0
TXN84408828,0
TXN98069859,1
TXN09286789,0
TXN87812820,0
TXN16160044,0
TXN49853246,0
TXN34785375,0
TXN88781712,0
TXN79296765,0
TXN84788601,1
TXN30613531,0
TXN83370725,0
TXN39584016,1
TXN18449076,0
TXN94911403,0
TXN87373791,1
TXN75712495,0
TXN38474331,1
TXN72553950,1
TXN50908313,0
TXN76780556,1
TXN52189628,1
TXN85135301,0
TXN49390835,0
TXN04484116,1
TXN06647551,1
TXN61876381,0
TXN82633000,0
TXN02083927,0
TXN11385168,0
TXN19784308,1
TXN91997389,0
TXN68951144,0
TXN97642112,1
TXN03852648,0
TXN16817604,1
TXN85572343,0
TXN50207784,1
TXN68721993,1
TXN50601279,1
TXN24325861,0
TXN58946850,1
TXN92431151,0
TXN86904359,1
TXN52985053,1
TXN81596106,0
TXN10691435,0
TXN66482135,0
TXN79250747,1
TXN57581811,0
TXN60033816,1
TXN28681309,1
TXN84522057,0
TXN32874648,1
TXN88974219,1
TXN54433106,1
TXN46543022,0
TXN34855471,1
TXN78807177,1
TXN74939160,1
TXN40045751,1
TXN10233997,0
TXN22636276,0
TXN05677876,0
TXN53383922,1
TXN74667735,1
TXN81041204,1
TXN47792380,0
TXN74941154,0
TXN83935508,1
TXN00256324,1
TXN00735802,0
TXN80069490,1
TXN60372474,1
TXN95441519,0
TXN76729347,1
TXN09096968,1
TXN49628142,1
TXN66816660,1
TXN94489477,0
TXN59541653,1
TXN68654067,1
TXN80331089,0
TXN83850189,0
TXN60127666,0
TXN92842910,0
TXN48639781,0
TXN80823844,0
TXN03923493,0
TXN99140298,0
TXN37280366,0
TXN07438610,0
TXN76847792,0
TXN05279934,0
TXN50643675,1
TXN20083339,1
TXN59014027,1
TXN97391819,1
TXN29408287,1
TXN00578119,1
TXN03107145,0
TXN32797738,0
TXN10979026,0
TXN16841668,1
TXN50845375,1
TXN97407098,0
TXN35529148,1
TXN51691254,1
TXN45917200,1
TXN88822271,1
TXN30666396,1
TXN42280772,0
TXN05852989,0
TXN79114475,0
TXN54105614,1
TXN61068823,0
TXN40845943,0
TXN35936844,1
TXN77590734,1
TXN71396476,0
TXN35855730,1
TXN35889353,1
TXN84660974,0
TXN55916266,0
TXN23249640,1
TXN51054762,1
TXN80904264,1
TXN58416169,0
TXN15385991,1
TXN62694784,1
TXN27563382,0
TXN79216425,1
TXN34763322,1
TXN92239478,0
TXN27994658,0
TXN78121684,1
TXN35787895,1
TXN21889013,0
TXN43055871,0
TXN48654631,1
TXN02280675,0
TXN95230821,0
TXN29227126,1
TXN70338244,1
TXN74431821,1
TXN18029455,1
TXN83397915,0
TXN37423659,0
TXN50652675,1
TXN96888752,0
TXN58265546,1
TXN67698223,1
TXN06133933,0
TXN43761246,0
TXN06744593,1
TXN57877844,1
TXN02345678,1
TXN86606901,1
TXN69689294,0
TXN90414233,1
TXN79923803,1
TXN02044343,1
TXN04511091,1
TXN77275614,1
TXN52167779,0
TXN86742027,0
TXN02339808,1
TXN94181467,0
TXN65742671,0
TXN99857140,0
TXN66604264,1
TXN65936747,0
TXN24049426,0
TXN28043333,0
TXN30962084,0
TXN19166178,1
TXN11260477,0
TXN81622684,1
TXN52259377,1
TXN04949584,1
TXN71209289,0
TXN71778819,0
TXN24679029,0
TXN19379333,1
TXN67034552,0
TXN16726032,0
TXN41533575,0
TXN83088959,0
TXN88585770,0
TXN17885657,0
TXN86273530,1
TXN64342208,0
TXN56843131,1
TXN59450438,0
TXN31610054,0
TXN13901455,0
TXN76739461,1
TXN54167504,0
TXN79843915,0
TXN76610689,1
TXN03419812,0
TXN80611704,1
TXN45274312,0
TXN05592444,1
TXN94160116,0
TXN11337640,1
TXN39770938,0
TXN86866774,1
TXN15961527,1
TXN50627158,1
TXN86281512,1
TXN87961313,1
TXN60680244,0
TXN98018433,1
TXN62296564,1
TXN73019586,0
TXN30030662,0
TXN72869593,1
TXN77844109,1
TXN42486119,0
TXN84972944,0
TXN37844807,1
TXN82301506,0
TXN32496504,1
TXN79573627,0
TXN30098354,0
TXN19186707,1
TXN25591054,1
TXN34947309,0
TXN85949018,1
TXN54104490,1
TXN91436377,0
TXN08403731,0
TXN56523012,0
TXN50160147,1
TXN88108140,0
TXN38376517,1
TXN44906601,1
TXN96302476,0
TXN90751158,0
TXN84937448,1
TXN62604416,0
TXN10697020,0
TXN41818719,0
TXN06763340,0
TXN70445568,1
TXN31632150,1
TXN41280070,1
TXN61704794,0
TXN85807141,1
TXN93916543,1
TXN56046290,0
TXN15469275,0
TXN56907509,1
TXN32875413,1
TXN99580483,0
TXN13092198,0
TXN06330984,1
TXN04910246,1
TXN98074023,0
TXN41090922,0
TXN70130299,0
TXN26193017,1
TXN88431363,0
TXN05215257,0
TXN86878513,1
TXN78856625,1
TXN93268222,1
TXN40646165,0
TXN81219866,0
TXN33504697,1
TXN52728100,1
TXN96766327,1
TXN86564243,0
TXN47641805,1
TXN09779009,1
TXN59938569,0
TXN47118525,0
TXN87170128,1
TXN79609395,1
TXN18379513,1
TXN82897076,0
TXN46051008,1
TXN72978817,0
TXN72149945,0
TXN80862035,1
TXN01517016,1
TXN52282270,0
TXN12864102,1
TXN32577686,1
TXN34562764,1
TXN08127217,1
TXN55072564,0
TXN61176192,0
TXN30647067,1
TXN57587569,0
TXN85836737,0
TXN03786316,1
TXN31092430,1
TXN35225481,1
TXN85123082,0
TXN54839800,1
TXN72284079,0
TXN30959345,0
TXN91113151,0
TXN16877624,1
TXN46736632,0
TXN86921862,1
TXN63195010,0
TXN96043040,0
TXN33835031,1
TXN00869253,0
TXN11255854,0
TXN09683523,0
TXN52312942,0
TXN91963439,1
TXN35405008,0
TXN86306963,0
TXN11541850,0
TXN82992482,0
TXN75829900,1
TXN36679249,1
TXN70571308,1
TXN30099033,1
TXN97556349,0
TXN04066857,1
TXN66904574,1
TXN49821984,1
TXN59936810,1
TXN18832740,1
TXN08554234,1
TXN45751557,1
TXN90218099,1
TXN20725858,0
TXN64227761,0
TXN72339912,1
TXN30988932,0
TXN97323134,0
TXN10105479,0
TXN77227104,0
TXN96136024,1
TXN75897120,0
TXN84952130,1
TXN53904800,1
TXN95932741,0
TXN91062365,0
TXN05372991,0
TXN01472762,0
TXN31580279,1
TXN09164263,0
TXN92419924,1
TXN44624379,1
TXN56887455,1
TXN30624050,0
TXN07125525,1
TXN10133668,1
TXN88636057,0
TXN13603517,1
TXN62771449,1
TXN80757145,0
TXN41534055,0
TXN64914045,1
TXN11893778,1
TXN18974709,0
TXN80830886,1
TXN54067175,1
TXN80535890,1
TXN98546137,1
TXN15427619,1
TXN45895718,0
TXN52565802,1
TXN30511711,0
TXN12623192,1
TXN07109435,1
TXN75254594,0
TXN88782359,1
TXN26951027,0
TXN03871125,1
TXN69900514,1
TXN10302177,0
TXN26063567,1
TXN29996768,1
TXN33213635,0
TXN57416413,1
TXN93350085,1
TXN24791444,1
TXN64728082,0
TXN28769441,1
TXN88486133,0
TXN24022621,0
TXN72262106,1
TXN58373656,0
TXN45007213,1
TXN35158130,1
TXN14782521,0
TXN43402642,0
TXN73770506,1
TXN72620138,0
TXN23228595,0
TXN74585256,0
TXN67839410,1
TXN21231909,1
TXN63090739,0
TXN01689307,0
TXN74310077,0
TXN27489975,1
TXN91887017,0
TXN52162018,0
TXN13311712,0
TXN46261536,0
TXN25926950,0
TXN10854874,0
TXN02871500,1
TXN48568494,0
TXN33233513,0
TXN64703945,1
TXN62001542,0
TXN90370309,1
TXN95153567,1
TXN95620147,0
TXN83791908,0
TXN64313412,0
TXN58234077,1
TXN41341024,1
TXN69890951,0
TXN82756377,1
TXN43960982,1
TXN19228466,0
TXN89360791,0
TXN40340381,0
TXN71495351,0
TXN21831088,1
TXN15544993,1
TXN83233927,1
TXN31150414,0
TXN43475667,1
TXN99770967,1
TXN08560537,1
TXN05011046,1
TXN62758075,1
TXN19629826,1
TXN56902429,1
TXN36737588,1
TXN81520307,1
TXN93492817,1
TXN37713560,0
TXN15449808,1
TXN97330966,0
TXN80996635,0
TXN81933553,0
TXN00966555,0
TXN75970463,1
TXN72953548,1
TXN97582247,0
TXN75831885,1
TXN96568047,1
TXN43825940,0
TXN25507661,0
TXN59690225,1
TXN74003707,0
TXN99579591,0
TXN08651129,1
TXN21349255,0
TXN39626457,1
TXN10999358,1
TXN22354318,0
TXN50198164,0
TXN53591395,1
TXN72113535,1
TXN28742572,0
TXN16611547,0
TXN81430970,1
TXN04513726,0
TXN48022881,0
TXN29278582,0
TXN31499234,0
TXN33930443,0
TXN29394125,1
TXN69739774,0
TXN32816722,1
TXN16910210,0
TXN67299678,0
TXN26890951,1
TXN35550236,1
TXN91648630,1
TXN82485587,0
TXN75681407,0
TXN81390731,1
TXN48013119,0
TXN61241696,0
TXN28795227,0
TXN19723828,0
TXN88231609,0
TXN77917654,1
TXN06888957,0
TXN70282781,0
TXN95866452,1
TXN08975467,0
TXN29152921,0
TXN30592576,0
TXN38931858,1
TXN66397291,0
TXN36407708,0
TXN73028061,0
TXN68740835,1
TXN34308263,0
TXN01903765,1
TXN78723941,0
TXN11145616,1
TXN58651261,0
TXN09982768,1
TXN94677936,0
TXN88174820,1
TXN48135131,0
TXN73564797,0
TXN27003183,1
TXN00270843,0
TXN74055672,1
TXN90860183,0
TXN05426445,0
TXN39530809,0
TXN04069822,0
TXN35138206,0
TXN94394600,0
TXN73918961,0
TXN96174587,0
TXN46824593,1
TXN37689253,0
TXN44253510,1
TXN30515295,1
TXN27240379,0
TXN50273479,0
TXN76121364,1
TXN32005573,1
TXN01711621,1
TXN10184493,0
TXN17788265,0
TXN83220365,0
TXN01060976,1
TXN43134967,1
TXN03559740,0
TXN76464466,0
TXN98982266,1
TXN21253281,1
TXN62649314,0
TXN26567156,0
TXN84224228,1
TXN67216226,0
TXN40501891,0
TXN26227461,0
TXN12638785,1
TXN28119615,0
TXN81808365,0
TXN72746509,1
TXN32052112,0
TXN50139140,0
TXN09699810,0
TXN17519249,1
TXN74455068,0
TXN81749363,0
TXN23648521,0
TXN84342493,0
TXN99116938,0
TXN55684033,1
TXN56933610,0
TXN21197877,1
TXN16434373,0
TXN00065155,1
TXN91554205,1
TXN92051294,0
TXN89550608,0
TXN97894573,1
TXN19990884,1
TXN23634575,1
TXN55747080,1
TXN23169867,1
TXN32793241,1
TXN47716657,0
TXN53131492,0
TXN38762148,1
TXN98919809,0
TXN86051358,0
TXN54423338,1
TXN30477641,1
TXN38595776,1
TXN87759051,1
TXN09060066,0
TXN75439768,0
TXN91510660,0
TXN74980218,0
TXN20025926,1
TXN45739004,0
TXN93968918,0
TXN83931320,1
TXN11038888,1
TXN06433878,1
TXN80557084,0
TXN77149281,1
TXN82221805,1
TXN81416399,0
TXN94359668,0
TXN53875042,0
TXN15580159,0
TXN97107838,1
TXN62954633,0
TXN93249973,1
TXN93423187,1
TXN39860259,1
TXN23598496,1
TXN06677930,1
TXN28161519,0
TXN90389209,0
TXN51815337,1
TXN31164426,0
TXN98956351,1
TXN59970598,0
TXN85263319,1
TXN44995547,0
TXN21312166,0
TXN47741414,0
TXN61806078,0
TXN84796157,1
TXN44923653,1
TXN92922950,0
TXN52878078,0
TXN36358702,0
TXN67081238,0
TXN09260651,1
TXN22101478,1
TXN60235010,0
TXN91087749,0
TXN46933573,1
TXN27554743,1
TXN40224882,0
TXN08119543,0
TXN34642011,1
TXN72251492,0
TXN26013798,1
TXN64220777,0
TXN40044378,1
TXN54731954,1
TXN17476152,0
TXN02407005,1
TXN74709477,0
TXN13965608,1
TXN54801576,0
TXN56228461,0
TXN75750321,0
TXN15958892,1
TXN24843759,1
TXN90145041,1
TXN80126961,1
TXN08980716,1
TXN61639801,1
TXN38329972,1
TXN80024621,1
TXN59808215,0
TXN38938939,0
TXN98997116,0
TXN82448870,0
TXN32815862,1
TXN52174699,0
TXN75823884,1
TXN87392237,0
TXN17655916,1
TXN82604522,0
TXN42225773,0
TXN93263617,1
TXN76695239,1
TXN76152557,1
TXN12877623,1
TXN82146223,1
TXN06911643,1
TXN65526237,1
TXN21519702,1
TXN35028368,0
TXN90194237,1
TXN86262186,0
TXN87590640,1
TXN13622030,1
TXN13390328,0
TXN12438625,0
TXN27591515,0
TXN27153179,0
TXN35815248,0
TXN86936034,0
TXN71494020,1
TXN80948124,1
TXN46625358,1
TXN55956861,1
TXN19091252,0
TXN42769987,0
TXN05806593,0
TXN97603955,0
TXN02420715,1
TXN23863379,0
TXN46409579,1
TXN40386448,1
TXN56213385,1
TXN61473916,0
TXN34974168,0
TXN52708489,1
TXN64106949,1
TXN99457674,1
TXN46798228,1
TXN11836124,0
TXN43630799,1
TXN33354311,0
TXN95878181,1
TXN22810279,1
TXN99237343,0
TXN76786979,1
TXN92353067,0
TXN85499850,0
TXN95246370,0
TXN37378264,0
TXN88840473,0
TXN29714599,0
TXN30964235,1
TXN57744916,1
TXN87493709,0
TXN46875422,1
TXN43698509,0
TXN45300955,0
TXN13100695,1
TXN79679202,0
TXN63824663,1
TXN27132767,0
TXN78279297,1
TXN04838362,1
TXN39030255,0
TXN00011747,1
TXN92273134,0
TXN08489086,1
TXN18800747,1
TXN86660912,0
TXN08807417,0
TXN57727712,0
TXN54094749,0
TXN68582260,0
TXN42976114,0
TXN58889010,1
TXN98837092,0
TXN33830858,0
TXN97997388,0
TXN50179910,0
TXN72278420,0
TXN40505652,1
TXN74341447,0
TXN55778421,0
TXN82734325,0
TXN90475097,1
TXN97525265,0
TXN70373796,0
TXN01699834,1
TXN23516196,1
TXN12774384,1
TXN63669885,0
TXN88975365,1
TXN38274345,0
TXN52239724,0
TXN44886793,0
TXN91191516,0
TXN72129703,1
TXN33054620,1
TXN64945541,1
TXN27066347,1
TXN31704230,0
TXN29499761,0
TXN65620978,0
TXN08441752,0
TXN46584750,0
TXN76682999,1
TXN76626146,0
TXN86936021,0
TXN88526777,0
TXN04976849,0
TXN28995332,0
TXN52039214,0
TXN93642287,1
TXN60406283,1
TXN19200006,1
TXN83985713,1
TXN53583326,1
TXN78176191,0
TXN55371871,0
TXN94427381,1
TXN64831771,0
TXN36906189,0
TXN92355357,1
TXN19986976,1
TXN50901952,1
TXN18925090,1
TXN53793736,1
TXN33241057,1
TXN33702201,0
TXN99070309,0
TXN55219688,1
TXN20344552,1
TXN47690359,0
TXN94950427,1
TXN80927443,0
TXN86852516,0
TXN92547581,0
TXN99573499,1
TXN87925515,0
TXN58978150,0
TXN46988082,0
TXN01349175,1
TXN52520991,0
TXN14262195,0
TXN30271021,1
TXN84382917,1
TXN73163671,1
TXN71842453,0
TXN53220408,0
TXN02910409,0
TXN46342276,1
TXN82440757,1
TXN07566168,0
TXN77507109,0
TXN16785617,0
TXN17123262,0
TXN18718295,1
TXN43789282,0
TXN81372300,1
TXN44997340,1
TXN32153758,1
TXN17394773,1
TXN09169945,1
TXN13624549,1
TXN48789013,0
TXN04602657,0
TXN32595921,1
TXN84078025,1
TXN20389929,1
TXN24468458,0
TXN14795567,1
TXN71422483,0
TXN35775648,0
TXN37042681,0
TXN47295018,0
TXN28214175,1
TXN85625467,1
TXN71612738,1
TXN93408940,1
TXN43193507,1
TXN95225211,0
TXN36255456,1
TXN74443271,0
TXN43600621,0
TXN10625478,0
TXN72469118,1
TXN00723776,0
TXN72735015,1
TXN25374979,0
TXN33782493,1
TXN09172624,0
TXN70869708,1
TXN43720795,0
TXN39211233,1
TXN52107421,0
TXN97413795,1
TXN23374729,1
TXN08741473,1
TXN08584154,1
TXN58796632,0
TXN75470525,1
TXN97796490,0
TXN08054288,0
TXN79079963,0
TXN39538557,1
TXN06256063,0
TXN33690556,0
TXN87377045,1
TXN08880803,1
TXN55446597,1
TXN24842127,0
TXN38511231,0
TXN69155404,0
TXN11129517,1
TXN12267836,1
TXN88404747,0
TXN22293120,0
TXN98508376,0
TXN81649224,0
TXN38188085,1
TXN49187625,1
TXN89896449,0
TXN23954948,1
TXN10566679,0
TXN56557138,1
TXN15536509,0
TXN98153345,1
TXN51839768,0
TXN57220379,1
TXN43929124,1
TXN13047329,1
TXN23548942,1
TXN92809467,0
TXN63384606,1
TXN17200896,1
TXN50242184,1
TXN69093710,1
TXN64926091,1
TXN96608216,1
TXN96108731,0
TXN84942530,1
TXN22325367,0
TXN62246761,0
TXN59749088,1
TXN04842292,1
TXN21121440,0
TXN15128972,0
TXN29517024,0
TXN48583371,1
TXN62692478,0
TXN32290136,1
TXN65055798,1
TXN01646650,1
TXN99226349,0
TXN60851476,0
TXN64002966,0
TXN88146572,0
TXN65931803,1
TXN15929978,0
TXN21338850,0
TXN63077585,1
TXN15525263,1
TXN57034638,0
TXN68330625,0
TXN07475696,0
TXN94976982,1
TXN59999101,1
TXN99555893,0
TXN81254894,0
TXN63072431,1
TXN35907671,1
TXN29514270,1
TXN09975657,1
TXN86520714,1
TXN44898029,1
TXN47736047,1
TXN74128184,0
TXN58485418,0
TXN98880290,0
TXN87215922,1
TXN61654504,1
TXN52628795,0
TXN94586918,0
TXN62659599,1
TXN80544316,1
TXN64147720,0
TXN92712149,0
TXN89717899,1
TXN45370417,1
TXN07683410,0
TXN68529305,1
TXN30144558,0
TXN79516467,1
TXN91750232,0
TXN09113999,0
TXN79446214,0
TXN89440041,0
TXN59452786,0
TXN73646371,0
TXN79431337,1
TXN11155476,1
TXN55846605,0
TXN27568021,0
TXN85135800,1
TXN56046151,0
TXN30781537,0
TXN37032577,1
TXN70995893,0
TXN66006491,0
TXN81053649,1
TXN93489273,0
TXN44761646,1
TXN94430416,0
TXN29094341,0
TXN53048379,0
TXN15160801,1
TXN93181489,0
TXN46289493,1
TXN35830816,1
TXN40880085,1
TXN49152016,1
TXN89226609,1
TXN58118546,1
TXN51400320,1
TXN70263993,1
TXN22041018,0
TXN04568917,0
TXN39243602,0
TXN33665560,0
TXN27955881,0
TXN77835866,0
TXN79557343,1
TXN96072339,1
TXN96546150,0
TXN22766153,1
TXN20730887,1
TXN77398911,0
TXN13917404,1
TXN99984486,1
TXN07590769,0
TXN21510346,1
TXN42232210,0
TXN82684226,0
TXN08124130,0
TXN64721973,1
TXN72732742,0
TXN68425111,1
TXN73218433,1
TXN79433326,0
TXN81091142,1
TXN05710665,0
TXN67653804,1
TXN09086946,1
TXN02438950,0
TXN17061199,0
TXN45419179,1
TXN36025771,0
TXN88122117,1
TXN45172193,1
TXN45916236,1
TXN30919765,0
TXN04900700,0
TXN19019024,0
TXN59481945,0
TXN49750858,1
TXN29866406,0
TXN28823506,0
TXN88249100,0
TXN44022371,0
TXN65697979,0
TXN59991986,1
TXN03823811,1
TXN66756106,1
TXN55929675,0
TXN26412236,1
TXN65770956,1
TXN98169718,1
TXN67514080,0
TXN38958952,1
TXN29437547,0
TXN14942970,1
TXN22750169,0
TXN77091792,0
TXN14279812,0
TXN18652064,1
TXN90898770,1
TXN92983946,1
TXN63869690,1
TXN70276442,0
TXN49966499,1
TXN63825657,0
TXN42077602,0
TXN36079635,1
TXN02183284,1
TXN39988742,1
TXN59662948,0
TXN68555767,1
TXN61163867,0
TXN44035101,1
TXN15474808,0
TXN85878011,1
TXN48361046,1
TXN33478433,0
TXN85330265,0
TXN24755831,0
TXN33437339,1
TXN89640549,1
TXN10304351,0
TXN76075453,0
TXN66756877,0
TXN54547895,1
TXN71891253,0
TXN91518962,0
TXN96653135,0
TXN48486264,1
TXN45363000,1
TXN57439506,1
TXN80657586,1
TXN22647711,0
TXN99316226,1
TXN20758520,1
TXN62861420,1
TXN27569553,1
TXN79437578,0
TXN77413738,0
TXN07451357,1
TXN96107084,1
TXN01894217,1
TXN49167680,0
TXN23390474,1
TXN82123904,1
TXN66814071,0
TXN07291100,0
TXN81116504,1
TXN22341009,1
TXN94716850,0
TXN80329074,0
TXN31366132,0
TXN46031893,0
TXN64813215,0
TXN49547355,0
TXN74872177,1
TXN49435652,0
TXN47942702,0
TXN91188490,1
TXN73761776,0
TXN58672589,0
TXN00226454,1
TXN85452689,1
TXN16797261,1
TXN25228036,1
TXN59754601,1
TXN89161479,0
TXN74586010,0
TXN96636050,0
TXN04845946,0
TXN02652548,1
TXN13562927,0
TXN14142593,0
TXN69646129,1
TXN78471599,0
TXN18298849,1
TXN31131725,1
TXN54496040,0
TXN58575693,1
TXN34399336,1
TXN17098930,1
TXN59500517,1
TXN75997243,0
TXN08659747,1
TXN93958511,1
TXN56697208,1
TXN88850492,1
TXN22118584,1
TXN31232532,0
TXN51246016,0
TXN33264950,1
TXN62265877,1
TXN30466955,1
TXN51135184,0
TXN14224094,0
TXN67164684,0
TXN34672570,0
TXN51515222,0
TXN23795289,1
TXN04282510,1
TXN04383769,1
TXN05542908,0
TXN98810823,0
TXN88363232,0
TXN63179619,0
TXN24561783,0
TXN50776508,0
TXN92904740,1
TXN58372291,1
TXN20904622,0
TXN33301968,0
TXN91054262,0
TXN86510151,0
TXN93116868,0
TXN77080138,1
TXN54149174,0
TXN34054862,0
TXN63835848,1
TXN24402053,1
TXN41934300,0
TXN61816088,1
TXN75492204,1
TXN46352951,0
TXN08245476,1
TXN02829965,0
TXN45581228,0
TXN14870615,0
TXN16960476,0
TXN19979050,1
TXN44760663,0
TXN13920870,1
TXN24631408,1
TXN57236288,1
TXN31256955,1
TXN08316299,0
TXN54165872,1
TXN94014584,0
TXN09331008,1
TXN74912963,1
TXN85202830,1
TXN27155449,0
TXN42736241,0
TXN24776849,1
TXN16370157,1
TXN27801538,0
TXN30660436,0
TXN40040631,0
TXN12086978,1
TXN08350441,0
TXN43803456,1
TXN39131635,0
TXN95343026,1
TXN81271856,0
TXN53927851,1
TXN18446430,0
TXN83518455,1
TXN66439580,1
TXN66556143,1
TXN49522632,1
TXN95536353,1
TXN12280922,1
TXN81358113,1
TXN43762446,1
TXN22592749,1
TXN50624206,0
TXN22986445,1
TXN26120851,0
TXN03607705,0
TXN64518284,1
TXN15653035,0
TXN35734654,1
TXN61846102,1
TXN79069143,0
TXN40611398,0
TXN39862302,1
TXN97718352,1
TXN68096718,1
TXN44317286,0
TXN49145284,1
TXN71696142,1
TXN96203130,0
TXN16018637,1
TXN40873166,1
TXN12621308,1
TXN01012856,0
TXN50536692,0
TXN82484995,1
TXN41648238,1
TXN21763806,0
TXN36942695,0
TXN12144223,0
TXN58603726,0
TXN30757301,1
TXN69431586,0
TXN56557297,0
TXN70411800,0
TXN19578773,1
TXN43316204,0
TXN29955188,1
TXN33505966,1
TXN28113286,1
TXN66774792,0
TXN26142510,0
TXN32638624,0
TXN90314377,1
TXN37662824,0
TXN55798603,0
TXN07872458,0
TXN87979813,1
TXN40230776,1
TXN18339962,0
TXN64055290,0
TXN40688972,1
TXN51805209,0
TXN46306314,1
TXN40539262,0
TXN21953235,0
TXN15488154,1
TXN67191385,0
TXN76638581,0
TXN54624053,1
TXN80123548,1
TXN79154056,1
TXN74656982,1
TXN48486430,1
TXN51206395,0
TXN82107587,0
TXN26225206,1
TXN52322043,0
TXN39281466,0
TXN22538394,1
TXN94093126,1
TXN16680574,1
TXN12098792,0
TXN69107262,1
TXN87982455,0
TXN57168190,1
TXN71543119,1
TXN14987969,0
TXN96890035,1
TXN56233783,1
TXN48638335,1
TXN97848274,1
TXN74775739,1
TXN93228152,0
TXN03972968,1
TXN62328127,1
TXN73945470,1
TXN80081764,0
TXN54340932,0
TXN45981876,1
TXN23497460,1
TXN49412928,1
TXN06853827,0
TXN15818278,1
TXN45057377,0
TXN88339218,1
TXN61705273,0
TXN25487002,0
TXN12596212,1
TXN18183580,0
TXN70257915,0
TXN34231011,0
TXN07153617,0
TXN60856991,1
TXN99666521,0
TXN59617505,1
TXN69187806,1
TXN76201445,0
TXN33135444,1
TXN20062776,0
TXN52641907,0
TXN65354703,1
TXN29287209,0
TXN15899373,1
TXN20046801,1
TXN45783444,1
TXN70163818,1
TXN73977833,1
TXN78997447,1
TXN63414719,1
TXN24663483,1
TXN38881467,1
TXN36058332,1
TXN75737610,1
TXN14775545,1
TXN64747746,0
TXN15577472,0
TXN39487116,0
TXN72545415,1
TXN78936021,1
TXN96743649,1
TXN84410661,1
TXN89930102,0
TXN04007766,0
TXN04525176,1
TXN62966782,1
TXN24588056,1
TXN06218679,0
TXN75536691,0
TXN43444322,1
TXN08418711,1
TXN03487853,1
TXN88244568,0
TXN14447573,1
TXN69194356,0
TXN71563148,1
TXN67841357,0
TXN21449102,0
TXN20783608,1
TXN41535970,0
TXN94041027,1
TXN12176398,1
TXN04429785,0
TXN99980818,0
TXN76612426,0
TXN44305281,0
TXN86252184,0
TXN79638864,1
TXN50843335,1
TXN75423173,0
TXN67440190,1
TXN65404469,1
TXN02667206,1
TXN77059684,0
TXN58589059,0
TXN06583089,1
TXN68007730,1
TXN91256069,0
TXN48411966,0
TXN31724121,0
TXN18453194,1
TXN94051348,1
TXN04085558,1
TXN29520279,0
TXN51124604,1
TXN72270820,1
TXN47979622,0
TXN62748831,1
TXN72670039,1
TXN49668448,1
TXN83998281,1
TXN09712773,0
TXN52805429,1
TXN71248934,1
TXN83438299,0
TXN44837437,1
TXN59644521,1
TXN58774390,0
TXN20131455,1
TXN48758240,1
TXN06054244,1
TXN11468093,1
TXN32735045,1
TXN29674658,1
TXN05062001,0
TXN35827911,0
TXN12455987,0
TXN44774007,0
TXN08767440,1
TXN75897453,1
TXN63114032,1
TXN44403532,0
TXN08979983,1
TXN57475541,1
TXN56095804,1
TXN33962648,1
TXN50836707,0
TXN13284135,1
TXN60504360,1
TXN61670527,1
TXN64454955,1
TXN58277453,0
TXN88835777,0
TXN40727048,0
TXN82964594,1
TXN78386293,0
TXN84769990,1
TXN13449949,1
TXN95684024,1
TXN18209096,0
TXN82222762,0
TXN81588098,0
TXN20713266,0
TXN56120698,1
TXN21635629,0
TXN20868794,1
TXN99223990,0
TXN76044650,0
TXN20370798,0
TXN93642605,1
TXN60540066,0
TXN22630329,1
TXN13140571,0
TXN01955404,1
TXN93267635,0
TXN09019826,0
TXN57659739,0
TXN96716408,0
TXN87894316,0
TXN83749542,0
TXN28707503,1
TXN57421840,0
TXN92513753,0
TXN97959386,1
TXN96126138,1
TXN35280742,1
TXN03250986,1
TXN90506347,0
TXN85763467,1
TXN85806337,0
TXN88119282,0
TXN43740105,0
TXN72050602,1
TXN63885171,1
TXN96793479,1
TXN76121670,1
TXN45050117,1
TXN44028520,0
TXN30977214,0
TXN98453194,1
TXN03996656,1
TXN13558592,0
TXN41154975,1
TXN99204612,1
TXN84477634,1
TXN89310253,0
TXN78317817,1
TXN04712494,1
TXN03281081,1
TXN68257295,1
TXN89664197,1
TXN37044811,0
TXN62209528,0
TXN26192143,1
TXN09027522,0
TXN55596093,1
TXN94759920,1
TXN17825293,0
TXN45793184,1
TXN72158595,1
TXN52138448,1
TXN44844757,1
TXN08498963,0
TXN21510613,0
TXN23464048,1
TXN33785765,1
TXN69642257,1
TXN44100160,0
TXN81308789,0
TXN37015090,1
TXN70573495,1
TXN24471001,1
TXN00483005,0
TXN35604053,1
TXN75437133,1
TXN70587547,1
TXN38122546,0
TXN39365260,0
TXN11303531,0
TXN48025119,1
TXN71346380,1
TXN66775623,1
TXN47756345,0
TXN20606375,0
TXN68923959,1
TXN78758649,1
TXN75505749,1
TXN81105563,1
TXN17306002,0
TXN21767378,1
TXN14868578,0
TXN73103167,1
TXN77441435,0
TXN45329754,1
TXN18020726,0
TXN27925050,1
TXN71869312,0
TXN27284339,1
TXN38997414,0
TXN45773121,0
TXN15225910,1
TXN97527621,0
TXN74571353,0
TXN03254853,1
TXN24074340,1
TXN20234164,1
TXN98234576,1
TXN38471607,1
TXN90715546,1
TXN86456648,0
TXN45042978,1
TXN60845500,1
TXN44091762,0
TXN70549950,0
TXN84772230,0
TXN10761427,1
TXN62370658,0
TXN91810483,0
TXN51650269,1
TXN68547065,0
TXN38256761,0
TXN31487136,0
TXN48880019,0
TXN80703321,1
TXN79822495,1
TXN02420051,1
TXN54087401,1
TXN48230686,1
TXN71555252,0
TXN80024193,1
TXN44123529,0
TXN79827037,0
TXN59748657,1
TXN44745731,0
TXN29733292,1
TXN24454439,0
TXN95045233,1
TXN20077736,0
TXN38940134,0
TXN28779388,1
TXN54723524,1
TXN58273886,0
TXN65049747,1
TXN88560333,1
TXN77877736,1
TXN15029946,0
TXN12148539,1
TXN11164575,1
TXN36721091,0
TXN33970005,0
TXN43285836,0
TXN60884306,1
TXN50612040,1
TXN12734931,0
TXN51188351,1
TXN21810197,1
TXN14767229,0
TXN43946305,0
TXN30416986,1
TXN75504065,1
TXN36227130,1
TXN48271938,0
TXN33497108,0
TXN40380474,1
TXN37093266,0
TXN85912489,1
TXN74301556,1
TXN40083894,0
TXN92951796,0
TXN71052739,0
TXN20933664,1
TXN09314135,0
TXN75090377,1
TXN84402029,0
TXN49758610,0
TXN62940186,0
TXN49333634,1
TXN27969533,0
TXN99699707,0
TXN73065905,1
TXN22365291,1
TXN12461076,1
TXN44513593,1
TXN51333543,0
TXN88270964,1
TXN42277980,1
TXN47989659,1
TXN41324694,1
TXN30989011,0
TXN59991301,1
TXN75288975,1
TXN35194569,1
TXN88720195,1
TXN47012378,0
TXN18476635,0
TXN70370878,0
TXN16080494,0
TXN63140338,0
TXN83696810,0
TXN77881014,1
TXN70495918,1
TXN56470326,0
TXN73407532,0
TXN30776789,1
TXN64525570,0
TXN26160789,1
TXN42169299,1
TXN97878612,1
TXN19494396,1
TXN24811274,1
TXN90334160,1
TXN67732312,1
TXN18022903,1
TXN22613568,0
TXN24607794,1
TXN69692695,0
TXN23042889,1
TXN36726643,0
TXN84884114,0
TXN75697805,1
TXN05903628,0
TXN82048782,0
TXN20285803,0
TXN16464674,0
TXN18565377,1
TXN56828475,1
TXN10268478,1
TXN01945346,1
TXN57084913,0
TXN60343029,0
TXN69279039,0
TXN87594103,1
TXN15695413,1
TXN17666315,0
TXN10468538,0
TXN32618274,0
TXN32715132,1
TXN17028501,0
TXN47137434,0
TXN39763514,1
TXN84618025,1
TXN03526844,0
TXN15939820,1
TXN17551214,0
TXN65332988,1
TXN20681032,1
TXN62977162,0
TXN69347073,1
TXN36245180,0
TXN71235803,1
TXN52215327,0
TXN67185277,0
TXN28920066,1
TXN10337437,0
TXN49958968,0
TXN13184302,0
TXN59696461,1
TXN01063961,0
TXN84765055,1
TXN40135582,1
TXN40211444,0
TXN46831758,1
TXN17031083,1
TXN78722549,1
TXN03625765,0
TXN51113583,1
TXN79955077,1
TXN47973385,0
TXN66665469,0
TXN38859128,1
TXN56966080,0
TXN21745731,0
TXN92211687,0
TXN13718326,0
TXN07556470,1
TXN83955060,0
TXN05669422,0
TXN61915270,1
TXN86555755,0
TXN14127365,0
TXN07229811,0
TXN32216562,1
TXN55448652,0
TXN90460452,0
TXN00710959,1
TXN76236540,1
TXN24971873,1
TXN58482710,1
TXN95315039,1
TXN58397726,0
TXN00441307,1
TXN93701903,1
TXN28613014,0
TXN27555144,0
TXN76510241,0
TXN72893132,1
TXN85990057,1
TXN88629501,1
TXN04241737,1
TXN71126191,1
TXN03099074,1
TXN37795774,0
TXN68594792,0
TXN86496261,0
TXN09997979,0
TXN65611261,1
TXN60706961,1
TXN07067103,0
TXN72616832,0
TXN68172162,0
TXN00333416,1
TXN95569770,1
TXN52204294,1
TXN62366015,0
TXN82201358,1
TXN07325835,1
TXN50317097,1
TXN05092289,0
TXN22967310,0
TXN83210760,1
TXN41846070,1
TXN14057685,1
TXN39749128,0
TXN04226230,1
TXN43233492,0
TXN51404348,1
TXN34101219,0
TXN89237104,1
TXN39755311,0
TXN70738622,0
TXN20955616,0
TXN23091632,0
TXN47989219,1
TXN27035453,0
TXN48205535,1
TXN31444532,1
TXN68112593,0
TXN11029490,0
TXN93643282,1
TXN16168724,1
TXN25607615,0
TXN20228184,0
TXN64200616,1
TXN36182347,1
TXN89982337,0
TXN49094591,0
TXN50346030,1
TXN41712133,1
TXN73907732,0
TXN30666197,1
TXN06602986,1
TXN96440290,0
TXN08811425,1
TXN22391205,1
TXN76493842,0
TXN81323049,0
TXN26226236,1
TXN54803724,0
TXN02120744,1
TXN30917732,1
TXN81282382,1
TXN50906476,0
TXN19357438,0
TXN31168352,0
TXN68865360,1
TXN37398754,1
TXN34544261,0
TXN18680012,1
TXN26436945,0
TXN78107854,1
TXN82344691,0
TXN55467959,1
TXN97173236,0
TXN97661499,0
TXN40274618,1
TXN84361126,1
TXN17203453,0
TXN95216726,1
TXN00855475,0
TXN39082660,0
TXN67126579,1
TXN03146390,1
TXN72566705,1
TXN57004235,1
TXN25629930,0
TXN50425918,0
TXN22806006,0
TXN11048866,0
TXN25439907,0
TXN31969207,0
TXN28892521,1
TXN11048633,0
TXN34883376,1
TXN95123844,0
TXN25886492,0
TXN61655256,1
TXN78485126,1
TXN17448736,1
TXN16187389,0
TXN43216743,1
TXN91635428,0
TXN80368906,1
TXN31841581,1
TXN30799752,1
TXN22669636,1
TXN73671203,0
TXN82828510,1
TXN01136947,1
TXN32622165,0
TXN84142972,0
TXN58738767,0
TXN69431538,0
TXN84852751,1
TXN79204799,1
TXN18454046,0
TXN30541230,1
TXN43089919,0
TXN55531809,0
TXN00126598,0
TXN51979935,1
TXN06850573,0
TXN06441627,0
TXN54153206,0
TXN23018992,0
TXN89030096,1
TXN79615365,1
TXN42008428,1
TXN92464940,0
TXN42035161,1
TXN70731136,0
TXN80113858,0
TXN76834578,0
TXN50139347,0
TXN84455008,1
TXN43434468,1
TXN05242611,1
TXN19225570,0
TXN58506140,0
TXN43779912,1
TXN55545749,1
TXN85693224,1
TXN54722671,0
TXN50585627,0
TXN59389229,0
TXN26834751,0
TXN87550179,1
TXN94398527,0
TXN40229531,0
TXN11973489,1
TXN97030927,0
TXN51948528,1
TXN84411691,0
TXN03848030,0
TXN48018247,1
TXN25960656,1
TXN35734957,0
TXN15635011,0
TXN12740329,0
TXN44940021,0
TXN29659526,1
TXN97761002,0
TXN50510746,1
TXN34680877,0
TXN46677910,0
TXN25729607,1
TXN22270551,0
TXN61472396,0
TXN62846854,1
TXN66714254,1
TXN06760650,0
TXN75336736,0
TXN98061264,1
TXN65481073,1
TXN02698612,0
TXN31871729,0
TXN10792431,0
TXN12033199,0
TXN93406698,0
TXN05153257,0
TXN65177695,0
TXN57126650,1
TXN57750617,1
TXN40920741,0
TXN07482850,0
TXN08241637,1
TXN87896325,1
TXN79703462,1
TXN28831762,1
TXN56736661,0
TXN51191629,0
TXN90699826,1
TXN38161625,0
TXN16084134,1
TXN57721471,1
TXN91052236,1
TXN84015226,1
TXN04425319,1
TXN35402448,1
TXN75696383,0
TXN35376772,1
TXN99922505,1
TXN18992828,1
TXN51317784,1
TXN29506826,0
TXN83424887,0
TXN28436011,1
TXN30170398,1
TXN36569824,1
TXN24820194,0
TXN63996926,1
TXN62909938,1
TXN24168234,0
TXN02289891,1
TXN22864764,1
TXN19325331,0
TXN36694759,1
TXN75375370,1
TXN63240774,0
TXN23649685,0
TXN38203563,1
TXN37406092,0
TXN93449480,1
TXN01852572,1
TXN42304390,0
TXN65622021,1
TXN82838160,1
TXN92133540,1
TXN46576716,1
TXN44489732,0
TXN07882161,0
TXN52983564,0
TXN86381988,0
TXN97974625,1
TXN57702971,0
TXN29132973,0
TXN36541925,1
TXN49269896,1
TXN45767236,1
TXN09955899,1
TXN23861351,0
TXN88105829,1
TXN36758940,1
TXN04374826,1
TXN33985752,1
TXN43737520,1
TXN51946054,1
TXN95182528,1
TXN39975070,1
TXN18422309,1
TXN87492499,0
TXN33909448,0
TXN78553242,1
TXN75896345,1
TXN07081602,0
TXN01674003,1
TXN81332993,0
TXN41623595,0
TXN52264447,1
TXN44646543,1
TXN97147624,0
TXN28420958,0
TXN66459358,0
TXN24331398,0
TXN30848902,0
TXN03214360,1
TXN23283097,1
TXN62167784,1
TXN63732722,0
TXN02270241,0
TXN13524537,1
TXN74274521,1
TXN25292977,0
TXN45486217,1
TXN97752060,1
TXN88799547,1
TXN20336299,1
TXN19443134,1
TXN73065508,1
TXN66558000,1
TXN57443110,1
TXN80659223,0
TXN26300911,0
TXN64830489,0
TXN29359569,1
TXN69170101,1
TXN48327754,1
TXN95006793,1
TXN27508654,0
TXN18342459,0
TXN91180092,1
TXN97121262,0
TXN59385870,0
TXN90552379,0
TXN34291488,0
TXN86125989,0
TXN91158599,1
TXN49530676,1
TXN72642339,0
TXN34701669,0
TXN34968682,0
TXN63391251,0
TXN24839957,1
TXN37513663,1
TXN28533591,1
TXN25236155,1
TXN26749844,1
TXN99045822,1
TXN28970377,1
TXN85388684,1
TXN50479222,0
TXN19945821,0
TXN78880107,1
TXN83689702,1
TXN41357100,0
TXN69582472,0
TXN63970877,0
TXN10828729,1
TXN94177199,1
TXN52041624,1
TXN05703243,1
TXN78799882,0
TXN54789760,0
TXN71961738,1
TXN24962597,0
TXN70090461,0
TXN20474033,0
TXN20533116,0
TXN10018285,0
TXN06240033,0
TXN96358204,0
TXN73998810,1
TXN64976498,0
TXN38379172,1
TXN02997908,1
TXN33444280,0
TXN26837101,1
TXN87499589,0
TXN36437941,1
TXN05507484,0
TXN48031423,1
TXN00329739,1
TXN96028577,0
TXN24149619,1
TXN39246821,0
TXN56500242,0
TXN06732714,0
TXN68185914,1
TXN14995110,1
TXN90948636,0
TXN75901629,0
TXN50188556,0
TXN39536306,0
TXN49167645,0
TXN48883194,0
TXN68473855,1
TXN00718068,1
TXN09836916,0
TXN63681710,1
TXN12458549,0
TXN18811345,0
TXN11438349,0
TXN65547434,0
TXN01708683,0
TXN10060647,1
TXN01598979,1
TXN00841308,0
TXN86421169,1
TXN02461572,0
TXN93891254,0
TXN70769127,0
TXN44091451,1
TXN35317843,1
TXN89748636,1
TXN05932791,0
TXN01719196,0
TXN84613573,0
TXN87784574,1
TXN41276255,1
TXN58326716,1
TXN94084264,0
TXN79508130,1
TXN45907391,0
TXN27368563,1
TXN19608616,0
TXN65381714,0
TXN47838651,1
TXN50044678,0
TXN68358879,1
TXN19907429,1
TXN27154174,1
TXN31998013,1
TXN76233672,0
TXN36257646,1
TXN65730390,1
TXN44428159,1
TXN17871175,0
TXN28969185,1
TXN62444972,1
TXN19492528,0
TXN14024763,0
TXN86427158,0
TXN92712608,0
TXN07987920,0
TXN22801894,0
TXN93991325,0
TXN14704684,1
TXN38362054,0
TXN57779278,1
TXN86232629,0
TXN08661938,0
TXN42476223,0
TXN38932266,0
TXN01625211,1
TXN28795871,0
TXN97130626,0
TXN23227374,0
TXN63578206,1
TXN78143151,1
TXN68438954,0
TXN51558046,0
TXN90587281,0
TXN60272509,0
TXN01981758,0
TXN79817002,1
TXN75604055,1
TXN20503342,1
TXN89486157,0
TXN78864026,0
TXN16336770,1
TXN54003854,0
TXN25984949,1
TXN18940468,1
TXN95373643,1
TXN88832627,0
TXN51786648,0
TXN82986990,0
TXN89308612,1
TXN97376076,1
TXN38857565,0
TXN06775576,0
TXN72206710,1
TXN87277785,1
TXN21390422,0
TXN33789506,1
TXN21666963,1
TXN03548041,1
TXN30140742,0
TXN54199009,0
TXN96883380,1
TXN06343035,1
TXN18669577,0
TXN12627703,0
TXN58323265,0
TXN39238398,1
TXN74522564,0
TXN60408842,1
TXN48187251,1
TXN76159851,1
TXN42119340,0
TXN76329736,0
TXN25799188,1
TXN50743680,1
TXN25517725,0
TXN40858720,0
TXN08862695,0
TXN81503665,1
TXN56804603,1
TXN96856981,0
TXN58237630,1
TXN17636450,1
TXN86999492,1
TXN91737271,1
TXN75522880,1
TXN44289197,0
TXN58627149,1
TXN65174961,1
TXN72331871,1
TXN50075798,0
TXN33679025,1
TXN05486725,1
TXN66127615,1
TXN69587701,1
TXN99276913,0
TXN09912992,1
TXN40521061,0
TXN78639813,0
TXN99477322,0
TXN42517865,1
TXN36923858,0
TXN17714590,1
TXN99465461,1
TXN00998500,1
TXN33691900,1
TXN85066895,0
TXN50861227,0
TXN26762604,0
TXN05049650,1
TXN38341612,0
TXN21971570,1
TXN48047847,0
TXN28113804,0
TXN00878858,0
TXN27406741,1
TXN53775914,0
TXN27383676,1
TXN01054594,1
TXN52567447,1
TXN83441645,1
TXN27806654,0
TXN27933595,1
TXN55413432,1
TXN66262587,0
TXN01273678,0
TXN66386977,0
TXN74772259,0
TXN42471248,0
TXN99053179,0
TXN62895069,0
TXN66228422,1
TXN65338582,0
TXN82184727,1
TXN53711824,0
TXN80712439,1
TXN97925337,1
TXN62557655,1
TXN61187423,1
TXN69943047,0
TXN20419601,0
TXN79821248,0
TXN41984740,1
TXN48919519,1
TXN72544229,1
TXN77250693,1
TXN68594716,1
TXN79197082,0
TXN46128968,1
TXN02491403,1
TXN79313753,1
TXN69883747,1
TXN54671992,0
TXN34329538,0
TXN94542934,0
TXN88463822,0
TXN68516173,1
TXN14029124,1
TXN27213322,1
TXN81888837,0
TXN52897469,0
TXN52328649,1
TXN42198713,0
TXN69071011,0
TXN57625035,0
TXN00860574,0
TXN51955335,0
TXN24032249,0
TXN19092681,0
TXN01078769,0
TXN69178330,1
TXN85951999,0
TXN02145482,0
TXN23804383,1
TXN09201594,0
TXN29868143,1
TXN79176315,1
TXN95935821,1
TXN54629326,0
TXN38937847,1
TXN09823698,1
TXN55766557,0
TXN01963513,1
TXN55411810,1
TXN25984104,0
TXN37528274,1
TXN89685055,0
TXN62863158,0
TXN18456205,1
TXN74900291,0
TXN62119565,1
TXN54692446,0
TXN93002728,0
TXN51762011,1
TXN26995711,0
TXN33499846,1
TXN92074314,1
TXN60754055,1
TXN13315126,0
TXN68578706,0
TXN88385922,1
TXN02042380,0
TXN87733370,0
TXN36504145,0
TXN54655555,0
TXN07329837,0
TXN71211081,1
TXN94314670,1
TXN53781466,1
TXN94332480,1
TXN94555841,1
TXN28296566,1
TXN62716953,1
TXN38190236,0
TXN71985911,0
TXN36073753,0
TXN42875772,0
TXN39952633,1
TXN11792888,0
TXN50114218,0
TXN75727603,0
TXN85563336,1
TXN74178543,1
TXN76871626,0
TXN32696288,0
TXN01788917,0
TXN39092238,1
TXN12341280,1
TXN21079965,0
TXN31705545,0
TXN60110531,1
TXN40685024,1
TXN35894941,0
TXN48086703,0
TXN53105656,1
TXN11013306,1
TXN90861373,0
TXN41501771,1
TXN40862221,1
TXN96413119,1
TXN89922088,1
TXN49727800,1
TXN38449907,0
TXN29652077,0
TXN49322328,0
TXN42358045,0
TXN93989496,0
TXN29961403,0
TXN63578817,0
TXN68068558,1
TXN93703707,0
TXN93320223,1
TXN51958664,1
TXN44786966,0
TXN21099815,0
TXN91747192,0
TXN75273570,0
TXN70064781,0
TXN39149753,1
TXN80391606,0
TXN72027681,1
TXN80690014,1
TXN80467643,1
TXN95608847,0
TXN59386132,1
TXN95722603,1
TXN94503129,1
TXN04129415,1
TXN41326400,1
TXN18221317,1
TXN42356712,1
TXN49131402,1
TXN80952623,0
TXN92548206,0
TXN76950162,0
TXN68465401,1
TXN00679982,1
TXN12075514,1
TXN64522732,1
TXN00767093,1
TXN65056038,0
TXN42201537,0
TXN19625824,0
TXN84020541,0
TXN08370528,1
TXN09391100,0
TXN07694984,1
TXN58315545,1
TXN87166649,1
TXN56657445,1
TXN74653376,1
TXN27889003,0
TXN71553703,1
TXN59812663,0
TXN78625921,1
TXN50541789,1
TXN79644528,0
TXN75931276,0
TXN12811487,1
TXN65973474,1
TXN78661574,0
TXN43551260,1
TXN48388006,1
TXN10959879,0
TXN21221704,1
TXN77948606,0
TXN00520542,1
TXN53286335,1
TXN20870975,1
TXN16815888,1
TXN58224714,0
TXN64073969,0
TXN40398136,1
TXN87423729,0
TXN74408735,0
TXN09808593,0
TXN70502077,1
TXN57326830,1
TXN01522764,1
TXN90156268,0
TXN69332927,1
TXN98927884,0
TXN06767956,1
TXN30623769,1
TXN34783927,1
TXN93188924,0
TXN46752748,0
TXN07877616,0
TXN59123859,0
TXN85683777,1
TXN63103553,1
TXN53049271,1
TXN25738785,1
TXN13251862,1
TXN46955299,1
TXN97544203,1
TXN02156431,0
TXN10064387,0
TXN83165435,0
TXN14504985,0
TXN21999366,0
TXN75871814,0
TXN14385503,1
TXN23381547,0
TXN20653836,1
TXN92341628,1
TXN38547910,0
TXN59337507,1
TXN27385007,1
TXN37106058,1
TXN19121807,0
TXN75330939,1
TXN54806449,1
TXN74801261,1
TXN07427702,1
TXN46658527,0
TXN40624076,0
TXN73146791,1
TXN04532438,1
TXN75380358,0
TXN82024891,1
TXN00878032,1
TXN70086331,0
TXN84689052,1
TXN63839391,0
TXN99188523,0
TXN86923493,1
TXN51003876,0
TXN76104747,0
TXN97057779,0
TXN37118911,1
TXN17518239,1
TXN13249444,0
TXN83072071,0
TXN76696927,0
TXN88493579,0
TXN82507450,0
TXN98023778,0
TXN88570947,0
TXN02443507,1
TXN97833979,0
TXN84163421,0
TXN89549937,1
TXN61988705,1
TXN86071708,0
TXN93756845,1
TXN24782601,1
TXN85275599,0
TXN63862132,0
TXN24515516,0
TXN55739509,0
TXN31713370,0
TXN52505184,0
TXN41611182,0
TXN09333983,0
TXN98051582,0
TXN08759868,1
TXN41377230,0
TXN94473803,1
TXN47399855,0
TXN18482686,0
TXN25001738,1
TXN50885297,1
TXN99034877,1
TXN32644140,0
TXN04568108,1
TXN71802815,0
TXN74579505,0
TXN02162438,0
TXN03203026,1
TXN69734351,1
TXN43791550,1
TXN65868377,0
TXN58757106,1
TXN27149653,0
TXN81930565,0
TXN52640891,0
TXN25790634,0
TXN37969379,1
TXN56629308,0
TXN25400131,0
TXN39673046,1
TXN00955381,1
TXN32030321,1
TXN51391511,0
TXN48155602,1
TXN48068495,0
TXN18463594,0
TXN27747760,1
TXN29996715,1
TXN78338910,0
TXN22779902,0
TXN95795970,1
TXN49471844,0
TXN44427863,1
TXN22978857,1
TXN73049023,0
TXN03493969,1
TXN76966624,0
TXN90071565,0
TXN07674069,1
TXN45760809,0
TXN97401007,1
TXN88471032,1
TXN42885831,0
TXN98560452,1
TXN84045545,0
TXN16711526,0
TXN27396102,1
TXN81985508,1
TXN36346658,1
TXN23532256,1
TXN90404662,0
TXN30933099,0
TXN60439724,1
TXN23742355,1
TXN27891976,0
TXN79554066,0
TXN67008358,1
TXN45582439,1
TXN15144179,1
TXN53860892,1
TXN87575919,1
TXN55887978,1
TXN11483653,1
TXN24794780,1
TXN79765272,1
TXN10697534,0
TXN13690988,1
TXN16344943,1
TXN91759137,1
TXN81496727,1
TXN97965011,1
TXN08883362,1
TXN83763672,1
TXN54478469,1
TXN83298123,0
TXN18939887,1
TXN08304640,1
TXN47348933,0
TXN81874280,0
TXN00754187,1
TXN69593158,0
TXN35819519,1
TXN63633581,0
TXN55455338,0
TXN59759525,0
TXN15611662,1
TXN17599320,1
TXN56871388,1
TXN69926264,1
TXN19997029,0
TXN39941896,0
TXN08824213,1
TXN75873060,1
TXN68027947,0
TXN97387490,1
TXN47575446,1
TXN86170750,0
TXN89126775,0
TXN77805918,1
TXN09671253,0
TXN21891107,1
TXN12575718,0
TXN49249325,0
TXN25063562,0
TXN22541901,1
TXN04397010,0
TXN19362473,0
TXN89617768,1
TXN61926872,1
TXN52951096,0
TXN85263302,1
TXN83078152,1
TXN01652053,0
TXN80206857,0
TXN26157351,1
TXN64975447,0
TXN85226143,1
TXN96169983,1
TXN78132057,1
TXN00678147,0
TXN20042557,1
TXN42026480,0
TXN78630101,0
TXN14774092,0
TXN35765755,1
TXN18074000,0
TXN10213118,1
TXN21901153,0
TXN79882844,1
TXN69056128,1
TXN79584770,1
TXN14925414,0
TXN24767156,0
TXN34774651,1
TXN19207826,0
TXN82992213,1
TXN77731511,1
TXN68034694,1
TXN91058609,1
TXN23506052,0
TXN72846332,1
TXN25921209,1
TXN77398038,0
TXN59609415,0
TXN04270208,0
TXN59939503,0
TXN42535059,0
TXN47037053,1
TXN58163667,0
TXN09333050,1
TXN20369061,0
TXN94973208,1
TXN65241543,0
TXN83125427,0
TXN69099439,1
TXN54122988,1
TXN19445355,1
TXN30964033,0
TXN71843929,0
TXN71147648,1
TXN24442173,0
TXN58261871,0
TXN65568789,1
TXN13324171,1
TXN35659100,1
TXN96503319,1
TXN48291597,1
TXN48717855,0
TXN28149131,0
TXN41403118,0
TXN10878988,0
TXN23674230,0
TXN21590276,1
TXN75544737,0
TXN88087011,0
TXN60719622,1
TXN68909700,0
TXN06665147,1
TXN21563187,0
TXN85727060,0
TXN78382130,0
TXN76959310,0
TXN83747589,0
TXN29360308,1
TXN66966429,0
TXN19200815,1
TXN12928103,0
TXN58418431,0
TXN32062216,0
TXN90504155,0
TXN97523568,0
TXN86977083,0
TXN66049084,0
TXN46146453,1
TXN39228948,1
TXN21254174,0
TXN99103165,0
TXN86069062,0
TXN27972198,1
TXN47022019,0
TXN06728618,0
TXN03520532,0
TXN70372269,1
TXN60261443,1
TXN94665477,1
TXN99987499,0
TXN81630086,0
TXN89718327,0
TXN88486548,0
TXN42555762,1
TXN83346197,1
TXN51928005,0
TXN26513139,1
TXN93145943,0
TXN97777472,1
TXN39291259,0
TXN20690245,1
TXN59395419,1
TXN12512361,1
TXN46723670,0
TXN92760954,0
TXN62488694,0
TXN87692879,0
TXN52890125,0
TXN22302453,0
TXN74655495,1
TXN55796023,0
TXN03870967,0
TXN99794506,1
TXN50803306,0
TXN41386122,1
TXN28505889,1
TXN72441065,0
TXN32406977,1
TXN90141319,1
TXN61186096,1
TXN58505352,1
TXN00574320,1
TXN95611701,1
TXN64383201,1
TXN10563516,1
TXN69925809,0
TXN74040888,0
TXN13549759,1
TXN62252509,0
TXN17200093,0
TXN27860064,1
TXN89070322,0
TXN18484206,1
TXN44199943,1
TXN12173307,0
TXN87424868,1
TXN75690260,0
TXN15008329,0
TXN31133819,1
TXN22294473,0
TXN88479186,0
TXN31017027,1
TXN55423341,0
TXN85740454,0
TXN28992621,0
TXN01069689,0
TXN42672613,0
TXN48691686,0
TXN31664715,0
TXN07697988,0
TXN82754270,0
TXN59430686,0
TXN00392717,0
TXN94002071,1
TXN22984249,1
TXN65390023,0
TXN45565190,0
TXN33668360,1
TXN57907623,0
TXN72300480,1
TXN90647827,0
TXN10282269,1
TXN56894838,1
TXN73324690,0
TXN75454583,0
TXN93483521,0
TXN42922313,0
TXN00340361,0
TXN67706978,0
TXN26954404,1
TXN91777138,0
TXN09601210,1
TXN05082538,0
TXN28471437,1
TXN18874731,0
TXN65474999,1
TXN97276525,0
TXN18691418,1
TXN58234286,0
TXN97108066,0
TXN68775070,0
TXN89609276,0
TXN66292398,0
TXN85782618,0
TXN70500035,0
TXN82759436,1
TXN69710445,0
TXN82357336,1
TXN55255024,0
TXN78728095,1
TXN73398406,0
TXN38757005,0
TXN19155397,1
TXN36875134,0
TXN60861626,0
TXN52502265,0
TXN84418285,0
TXN08783138,1
TXN22005184,0
TXN02826577,0
TXN45997781,0
TXN29968499,1
TXN97931017,0
TXN68495181,0
TXN13682556,0
TXN43295975,1
TXN19531978,0
TXN55985662,0
TXN39072905,1
TXN11030444,0
TXN61972536,0
TXN99668301,0
TXN62984525,0
TXN83090171,1
TXN35774115,1
TXN39786016,0
TXN99041879,1
TXN25868948,1
TXN42363513,0
TXN86373762,1
TXN42362480,1
TXN58872216,0
TXN70413251,0
TXN14700742,1
TXN71815551,1
TXN35176188,1
TXN56128439,0
TXN73669610,0
TXN14254907,1
TXN08216192,1
TXN52888755,0
TXN87336686,0
TXN45526404,0
TXN29011023,1
TXN70280860,1
TXN86443801,0
TXN64252941,1
TXN32325405,1
TXN36547707,0
TXN43049071,1
TXN81917680,0
TXN55250577,0
TXN03680029,1
TXN13181539,0
TXN93230311,1
TXN90358548,1
TXN52963182,0
TXN62291487,1
TXN72742422,1
TXN37214689,1
TXN49689068,1
TXN30053072,1
TXN06846433,1
TXN24939112,1
TXN05174729,1
TXN61066593,0
TXN04755606,0
TXN53190617,0
TXN07691539,0
TXN06638056,1
TXN63082331,1
TXN70703285,0
TXN97819659,0
TXN27624483,0
TXN42918100,0
TXN84736742,0
TXN08694850,1
TXN01569752,1
TXN76396405,1
TXN98956853,0
TXN63983912,0
TXN79890536,0
TXN41504618,0
TXN26308431,0
TXN74062129,0
TXN04927354,1
TXN04335588,0
TXN04151355,0
TXN11584871,1
TXN59292847,1
TXN59690610,1
TXN06825249,0
TXN61471908,0
TXN70565614,1
TXN40409817,0
TXN42815599,0
TXN99176923,1
TXN16299825,1
TXN53750986,1
TXN31059545,1
TXN56467734,1
TXN66094868,0
TXN41343888,0
TXN39729935,1
TXN06601591,1
TXN18384163,0
TXN37934096,0
TXN26658278,1
TXN71124665,1
TXN00009250,1
TXN47727268,1
TXN65672165,0
TXN18461671,0
TXN40173689,0
TXN18713140,1
TXN69675234,0
TXN07966677,0
TXN41773584,1
TXN51654099,0
TXN63387529,1
TXN72373820,0
TXN42742399,0
TXN60149748,1
TXN07507299,0
TXN31507211,1
TXN01721805,1
TXN66112183,0
TXN38327371,0
TXN52648028,1
TXN65186990,1
TXN82993770,0
TXN45825127,1
TXN64049970,0
TXN02265405,0
TXN29519970,1
TXN99167649,0
TXN43982712,1
TXN46104012,1
TXN43789208,1
TXN15633638,0
TXN99027960,1
TXN41188168,0
TXN49237102,1
TXN24708371,1
TXN87365315,0
TXN23786283,0
TXN04622838,1
TXN92158661,0
TXN29634621,0
TXN24221455,0
TXN54891241,1
TXN23184319,0
TXN15823948,0
TXN03222453,0
TXN22103913,0
TXN76945692,0
TXN78668083,1
TXN95340917,0
TXN47254135,0
TXN99823577,0
TXN50076794,1
TXN32681382,0
TXN71575289,1
TXN05360746,1
TXN01160391,1
TXN00003852,1
TXN40171943,0
TXN43595511,1
TXN03706745,0
TXN19856628,0
TXN81496362,0
TXN59631041,1
TXN55729246,0
TXN07155195,1
TXN66605746,0
TXN13496580,0
TXN49521995,0
TXN67607446,0
TXN27797110,0
TXN46387013,0
TXN22754463,0
TXN35452994,0
TXN45246638,1
TXN30330126,0
TXN81982017,0
TXN90348667,0
TXN03065225,0
TXN12300210,1
TXN80330661,1
TXN82575806,0
TXN79878128,1
TXN08743404,1
TXN26143324,0
TXN68678234,1
TXN25322005,1
TXN87507595,1
TXN29441382,0
TXN42912991,0
TXN62659026,0
TXN40957437,0
TXN34987775,1
TXN11870084,0
TXN99539646,1
TXN95109953,0
TXN51568038,0
TXN85944782,1
TXN97786815,0
TXN57681053,1
TXN95631750,1
TXN81520116,0
TXN79559480,0
TXN01876469,0
TXN25822669,1
TXN28480174,0
TXN00315137,0
TXN48198504,1
TXN15410290,0
TXN90001968,0
TXN18438388,1
TXN91934291,1
TXN27139886,1
TXN74064022,0
TXN43622808,1
TXN37908787,1
TXN10062566,1
TXN45957440,1
TXN95797177,1
TXN98336842,1
TXN46103627,0
TXN45568230,1
TXN13633873,0
TXN08165094,1
TXN30708102,1
TXN24191389,0
TXN48191682,0
TXN82109322,0
TXN03818899,0
TXN61056789,1
TXN89466084,0
TXN67632694,1
TXN93008522,0
TXN55427626,0
TXN79772865,1
TXN90139506,0
TXN67882548,1
TXN09731626,1
TXN81503789,1
TXN81426991,1
TXN32068612,1
TXN00956202,1
TXN49121961,1
TXN42716990,0
TXN84058825,1
TXN82624482,1
TXN97847983,1
TXN59519251,0
TXN09246866,1
TXN23772279,0
TXN82383688,1
TXN16968269,1
TXN84315115,0
TXN04412018,0
TXN97877474,1
TXN60932653,0
TXN68560062,0
TXN44074453,1
TXN38695762,0
TXN06240699,1
TXN11474827,0
TXN25842264,0
TXN92651659,1
TXN72005587,1
TXN53300413,1
TXN59711139,1
TXN57625650,0
TXN61013822,0
TXN93119255,0
TXN09045868,1
TXN44397459,0
TXN39878548,0
TXN53391908,1
TXN44560466,1
TXN25984311,1
TXN91643265,1
TXN86391248,1
TXN84859537,0
TXN82081554,1
TXN95242080,1
TXN92629461,0
TXN84654145,1
TXN61888937,1
TXN89397046,1
TXN17972401,0
TXN36607272,1
TXN97543135,0
TXN57791618,1
TXN42826295,1
TXN18643261,0
TXN12197756,0
TXN71230076,1
TXN87180432,1
TXN62434378,1
TXN22406003,0
TXN63290069,0
TXN24426280,1
TXN66012928,0
TXN75963920,1
TXN24547225,1
TXN79643814,0
TXN64057177,1
TXN91733828,0
TXN56639545,0
TXN39277836,1
TXN27706141,1
TXN24369575,1
TXN29508808,0
TXN25111144,0
TXN50846098,0
TXN23829015,0
TXN46002056,1
TXN11477322,1
TXN95021360,1
TXN66145829,0
TXN96238634,0
TXN18376979,0
TXN13852590,1
TXN85674877,0
TXN41929863,0
TXN65725522,0
TXN18134396,0
TXN20922964,0
TXN86993283,0
TXN23565170,1
TXN14106639,0
TXN33493348,1
TXN26711350,1
TXN12437158,0
TXN61453328,1
TXN78901784,1
TXN90115930,0
TXN22319619,1
TXN54794410,1
TXN29509504,1
TXN44018274,0
TXN26852703,1
TXN81742895,0
TXN69251665,0
TXN52768795,0
TXN01107454,0
TXN12179752,1
TXN82271923,1
TXN16540325,1
TXN95471144,1
TXN98837169,1
TXN50199078,0
TXN98864973,0
TXN27187188,1
TXN75328794,0
TXN99344035,1
TXN88638158,0
TXN42367589,1
TXN02208584,1
TXN64132572,0
TXN33467585,0
TXN83017298,0
TXN01009165,0
TXN25464448,0
TXN27038275,1
TXN28712593,1
TXN36328825,1
TXN27477186,1
TXN29346941,0
TXN60247103,1
TXN07697423,1
TXN14094374,1
TXN28822135,0
TXN67997556,0
TXN19534228,0
TXN00581152,1
TXN71402676,1
TXN79006215,1
TXN74774661,0
TXN26252025,0
TXN73657051,0
TXN45833537,1
TXN25132071,1
TXN78643676,0
TXN71253206,1
TXN47203618,0
TXN79202512,0
TXN90472653,0
TXN35803903,0
TXN57871763,0
TXN20743698,0
TXN36680809,1
TXN73450321,0
TXN94000242,1
TXN88368408,1
TXN32474591,1
TXN82333994,1
TXN99571414,1
TXN11353946,1
TXN02413064,0
TXN89403239,0
TXN96308809,1
TXN32213359,1
TXN63715850,0
TXN21456279,1
TXN02151635,0
TXN74514489,0
TXN46153151,1
TXN03801108,1
TXN76946534,1
TXN01836978,1
TXN33033398,0
TXN29641110,0
TXN04847218,1
TXN04686492,1
TXN97926898,1
TXN83477731,1
TXN41066997,0
TXN60908325,1
TXN29283217,0
TXN13223208,1
TXN36211505,1
TXN94649740,0
TXN77423808,1
TXN93829316,0
TXN41872027,0
TXN53477755,1
TXN19316619,1
TXN28130539,0
TXN89934908,1
TXN71687215,0
TXN85554928,0
TXN91888422,0
TXN61063567,1
TXN32334953,1
TXN87400739,0
TXN05299865,1
TXN17056942,1
TXN76859026,0
TXN01748795,0
TXN22235415,1
TXN57652949,1
TXN74555596,1
TXN60288631,0
TXN75102668,1
TXN97360261,0
TXN82459843,0
TXN62093211,0
TXN71953782,1
TXN87535344,1
TXN16912714,0
TXN00185257,0
TXN30078160,0
TXN04064614,0
TXN57735279,0
TXN02799911,0
TXN21959755,0
TXN04073432,0
TXN68909329,0
TXN37520008,0
TXN15066623,0
TXN62536758,0
TXN44066113,1
TXN27479009,0
TXN54029607,0
TXN87612871,1
TXN99630669,1
TXN61169516,1
TXN20398908,1
TXN35939168,0
TXN79371110,0
TXN70618375,0
TXN79522871,0
TXN38712096,0
TXN59281135,1
TXN58662868,1
TXN81555689,0
TXN18927844,0
TXN19557960,1
TXN25716913,0
TXN60903149,0
TXN78329846,0
TXN28488822,0
TXN50683103,0
TXN37476866,0
TXN92653326,0
TXN41581826,0
TXN63076670,1
TXN50965513,0
TXN84868110,1
TXN40125461,1
TXN54710823,0
TXN05972861,1
TXN98480275,1
TXN02023513,1
TXN55439034,0
TXN31424295,1
TXN39417128,0
TXN60972736,1
TXN00190457,0
TXN78062393,1
TXN54847568,1
TXN79788421,0
TXN32346725,0
TXN62028706,1
TXN74962639,0
TXN56974591,1
TXN04608487,0
TXN76129873,1
TXN24771547,1
TXN52381377,1
TXN43946688,1
TXN06460332,1
TXN27748694,0
TXN00701686,1
TXN11905247,0
TXN78362871,0
TXN85194210,1
TXN71296535,1
TXN21760853,0
TXN69253252,1
TXN62520743,1
TXN69894479,1
TXN04353364,1
TXN86578007,0
TXN13050006,1
TXN48787097,1
TXN75898099,0
TXN08635983,1
TXN29169595,0
TXN37985481,1
TXN81070212,0
TXN63835151,1
TXN77938537,1
TXN26667600,0
TXN35170761,1
TXN63249191,0
TXN71375964,1
TXN28263294,1
TXN89920554,1
TXN53457840,0
TXN29040706,0
TXN45976907,0
TXN27503463,0
TXN87713244,0
TXN07260346,0
TXN81105907,0
TXN81573760,0
TXN23361067,1
TXN76690180,1
TXN92348408,1
TXN27320183,0
TXN13857036,0
TXN21006695,1
TXN41930823,1
TXN52415069,1
TXN13627691,1
TXN41125064,1
TXN81065355,0
TXN43097551,1
TXN04765992,1
TXN26773826,1
TXN17658982,0
TXN70148484,1
TXN91254435,0
TXN04631783,1
TXN12006665,0
TXN31958667,1
TXN38256298,0
TXN02445420,0
TXN04056747,0
TXN81411375,0
TXN11675137,1
TXN76523955,0
TXN77430716,0
TXN64281350,0
TXN85485481,1
TXN65290209,1
TXN81190719,1
TXN33899238,1
TXN73776731,1
TXN94768823,1
TXN46917803,1
TXN45163911,1
TXN48449989,1
TXN50638839,0
TXN70287346,0
TXN83387243,1
TXN53069166,1
TXN04657869,1
TXN22981904,1
TXN71708810,0
TXN89950041,0
TXN50572135,0
TXN52799253,1
TXN54880339,1
TXN31494446,1
TXN75917965,0
TXN47905742,1
TXN06648761,1
TXN52341178,1
TXN41198136,0
TXN13416216,0
TXN53828949,1
TXN47177738,1
TXN66159568,1
TXN17002427,1
TXN81985341,0
TXN09419474,0
TXN06413994,1
TXN46463703,0
TXN58624899,1
TXN28935244,1
TXN54045110,0
TXN92284936,0
TXN84765969,1
TXN26644601,1
TXN48488507,1
TXN18718553,1
TXN24901216,0
TXN01287085,1
TXN76274229,0
TXN01153475,1
TXN68662997,0
TXN58913143,1
TXN16721866,1
TXN42149599,0
TXN92100734,1
TXN24895291,1
TXN46286131,0
TXN78029065,1
TXN00985034,0
TXN06557543,0
TXN77600910,0
TXN01269956,1
TXN36881508,1
TXN40981625,1
TXN73205203,0
TXN94599171,1
TXN04355916,1
TXN64721114,1
TXN15966837,0
TXN37371311,1
TXN25881629,0
TXN54366132,1
TXN47890445,1
TXN32327475,0
TXN02338901,0
TXN06760231,1
TXN36196403,0
TXN10133218,0
TXN16484790,0
TXN84258402,0
TXN44364633,1
TXN84128258,0
TXN97159532,0
TXN42473750,0
TXN43441064,0
TXN40380159,1
TXN99487230,1
TXN42918430,0
TXN27189209,1
TXN55640338,1
TXN45560376,0
TXN77227943,1
TXN57863303,0
TXN16044383,1
TXN24082904,1
TXN71445131,1
TXN41331240,0
TXN53393859,0
TXN47553727,1
TXN32860865,0
TXN97787950,0
TXN40068912,0
TXN08947240,0
TXN21088250,0
TXN18768863,0
TXN43072176,1
TXN17971688,0
TXN66628412,1
TXN58849024,1
TXN47937559,0
TXN99134579,0
TXN47689184,0
TXN36127239,0
TXN10293601,1
TXN26084325,0
TXN31038839,1
TXN25156121,1
TXN79368953,0
TXN74616551,0
TXN95353537,0
TXN08516582,0
TXN29086439,0
TXN28100442,0
TXN51722716,1
TXN78539187,0
TXN04467453,1
TXN46050055,0
TXN31936612,0
TXN56960074,1
TXN86360269,0
TXN64681742,0
TXN56592570,1
TXN04784903,0
TXN51196801,0
TXN30108865,0
TXN51704329,0
TXN05876390,1
TXN33644661,0
TXN94682567,1
TXN58552571,0
TXN79074173,0
TXN52231035,0
TXN46908735,0
TXN80880667,0
TXN71947763,0
TXN75635884,1
TXN91991861,0
TXN53774967,0
TXN72855744,0
TXN96243418,0
TXN25414782,1
TXN76689282,1
TXN83626695,0
TXN88136346,0
TXN18691188,1
TXN34612082,1
TXN33260015,0
TXN58221020,0
TXN32045715,1
TXN17969543,1
TXN49769689,0
TXN00740463,0
TXN63124972,0
TXN77685673,0
TXN30724413,0
TXN02313676,1
TXN76899371,0
TXN27936107,0
TXN13249902,0
TXN78610929,0
TXN98337645,1
TXN14843284,1
TXN85610855,1
TXN93858621,0
TXN37321348,1
TXN23868261,0
TXN19855744,0
TXN09883997,1
TXN17269335,1
TXN28544007,1
TXN00744222,0
TXN74503577,0
TXN30797566,1
TXN53510835,1
TXN38649967,0
TXN74265119,0
TXN09585922,1
TXN30157748,1
TXN15997164,0
TXN39077243,0
TXN06993732,0
TXN47015804,0
TXN30342069,1
TXN23351176,0
TXN89157122,1
TXN61829030,0
TXN61419064,0
TXN78717902,1
TXN05156555,1
TXN91647157,0
TXN02176969,1
TXN92051986,0
TXN86675053,1
TXN90695312,0
TXN53959278,1
TXN49031437,1
TXN06189333,1
TXN51236523,1
TXN38433139,0
TXN09630911,1
TXN47710345,0
TXN73344955,0
TXN80436711,1
TXN86538223,1
TXN18600213,1
TXN34586038,0
TXN10879741,1
TXN17258838,0
TXN34515948,0
TXN42012460,1
TXN44462226,1
TXN08720498,0
TXN54617352,0
TXN37067086,1
TXN63110074,1
TXN92343094,0
TXN47073697,0
TXN77610160,1
TXN39273474,0
TXN32989629,0
TXN91667927,0
TXN52473325,0
TXN20115921,1
TXN97583174,1
TXN24133024,0
TXN99715664,1
TXN79530608,0
TXN98784460,1
TXN54692245,1
TXN10748351,1
TXN87780930,1
TXN77248091,1
TXN85135995,1
TXN99012096,0
TXN31666698,1
TXN64645001,0
TXN29853534,1
TXN44225829,0
TXN17408624,1
TXN37430166,1
TXN76856107,1
TXN95137527,0
TXN27220522,1
TXN91135999,0
TXN67235024,1
TXN70867640,1
TXN57328527,0
TXN73821062,1
TXN91223810,1
TXN10085739,0
TXN08975701,0
TXN28162990,0
TXN64599299,0
TXN98202992,0
TXN32949016,0
TXN72253516,1
TXN25247988,1
TXN56841223,1
TXN31118837,0
TXN26585995,1
TXN85468862,0
TXN51333154,0
TXN42099370,0
TXN00396194,1
TXN45490064,1
TXN93082945,0
TXN48215192,1
TXN19339455,1
TXN64054790,1
TXN57754845,0
TXN33085843,0
TXN25375904,0
TXN86182314,0
TXN16204610,1
TXN51429023,0
TXN29763108,1
TXN19606885,0
TXN38652838,1
TXN95516240,1
TXN38298773,1
TXN53578165,1
TXN65750048,1
TXN60859480,1
TXN10113025,1
TXN33266450,0
TXN31738441,1
TXN61010554,0
TXN57097772,0
TXN45142023,0
TXN23005629,0
TXN61893712,1
TXN88707316,1
TXN10509538,0
TXN56406032,0
TXN10080888,1
TXN56657757,1
TXN10690440,0
TXN99470196,0
TXN65124713,1
TXN99814410,0
TXN19345253,1
TXN87198196,0
TXN19473077,0
TXN26353440,0
TXN47422675,0
TXN49374736,0
TXN30724089,1
TXN70414365,1
TXN77134612,0
TXN08843486,0
TXN43536904,1
TXN72264082,0
TXN84088369,0
TXN22493134,1
TXN20532383,1
TXN11777226,1
TXN38968050,1
TXN78968610,1
TXN99369853,0
TXN28890472,1
TXN02240220,1
TXN12413609,0
TXN59923525,1
TXN77816499,0
TXN32713442,0
TXN96708244,0
TXN14403437,0
TXN60708276,0
TXN60891605,0
TXN80018604,1
TXN59377663,1
TXN34223721,1
TXN48893020,0
TXN65238169,0
TXN42722054,1
TXN67653378,0
TXN24902588,1
TXN33180801,0
TXN60830980,0
TXN74237937,0
TXN04173987,0
TXN36447578,0
TXN02163964,1
TXN84952783,1
TXN71209406,0
TXN70666952,1
TXN56031739,0
TXN35644649,0
TXN51222069,0
TXN77859196,0
TXN55581294,1
TXN28758898,1
TXN03639838,1
TXN14984096,1
TXN96520210,0
TXN76506338,1
TXN55827618,1
TXN18925712,0
TXN80844365,1
TXN30208430,1
TXN53590228,1
TXN28750290,1
TXN65632748,0
TXN02660519,1
TXN50515208,1
TXN45150484,1
TXN12416260,1
TXN13774170,1
TXN03212772,0
TXN80785816,1
TXN96258578,0
TXN07568948,0
TXN15591128,0
TXN54943144,1
TXN60481164,1
TXN92350836,1
TXN77938059,1
TXN72125286,1
TXN66994398,0
TXN67951515,1
TXN49760760,0
TXN86309028,1
TXN97224377,0
TXN82829507,1
TXN18939891,1
TXN51495483,0
TXN64943320,0
TXN41389419,1
TXN55838247,0
TXN86481512,1
TXN12151004,1
TXN60253864,1
TXN65938828,1
TXN17693251,0
TXN69628839,1
TXN42445877,1
TXN98680895,1
TXN47993813,1
TXN14272487,0
TXN25002956,1
TXN69476243,1
TXN24860016,0
TXN98016259,0
TXN82396933,1
TXN53528197,1
TXN22186327,0
TXN95039450,1
TXN78844754,1
TXN04981288,1
TXN69679749,0
TXN24700686,1
TXN04458565,0
TXN67589008,1
TXN88225172,1
TXN44606684,1
TXN22550080,0
TXN97956095,1
TXN29505354,1
TXN00976189,0
TXN59094520,0
TXN75543927,1
TXN76478048,1
TXN72412056,0
TXN62558438,1
TXN76213984,1
TXN70700526,1
TXN07105630,0
TXN46350806,1
TXN67410747,0
TXN74657049,0
TXN30682817,1
TXN77670413,0
TXN90677322,1
TXN90002268,0
TXN39830899,1
TXN59368871,0
TXN92501508,1
TXN22049299,1
TXN61644604,1
TXN25932582,0
TXN07699426,1
TXN28266783,0
TXN12422917,1
TXN61846579,1
TXN95028381,1
TXN31263196,0
TXN85580875,0
TXN11788101,1
TXN02933932,0
TXN20062235,1
TXN51900070,1
TXN11706198,1
TXN29867962,0
TXN75839063,1
TXN48581633,0
TXN82626915,1
TXN75039643,1
TXN69686698,1
TXN23462044,0
TXN49385992,0
TXN01676131,1
TXN08563052,0
TXN59737450,0
TXN01089958,1
TXN04349179,1
TXN46167904,1
TXN02153067,1
TXN86442989,1
TXN13735200,0
TXN14331044,1
TXN59841611,1
TXN65526574,1
TXN84415024,0
TXN21511640,0
TXN90108835,0
TXN78547400,0
TXN13491679,1
TXN30382440,0
TXN44228907,0
TXN53608324,1
TXN84152859,0
TXN78480223,0
TXN01178836,1
TXN35279334,0
TXN27370045,1
TXN51273959,1
TXN59909480,1
TXN70154707,0
TXN51025120,1
TXN76503558,0
TXN02207948,1
TXN20362336,1
TXN32565100,0
TXN41535021,1
TXN51125119,1
TXN14123089,1
TXN33338217,0
TXN91035424,0
TXN96760203,0
TXN13820850,1
TXN29178471,1
TXN35575875,0
TXN61577920,1
TXN63277980,0
TXN75002472,1
TXN79553438,0
TXN42004988,1
TXN71210844,0
TXN66430421,0
TXN21886329,0
TXN64962368,1
TXN95319269,0
TXN74489356,1
TXN34968534,1
TXN00030919,1
TXN62071951,0
TXN31281162,1
TXN41771701,1
TXN30606016,0
TXN91750512,0
TXN16939536,0
TXN83650884,0
TXN94399815,0
TXN65196365,0
TXN07890163,0
TXN49237556,0
TXN84787282,1
TXN13307838,0
TXN55327625,0
TXN18178896,1
TXN35900485,0
TXN22088230,1
TXN75403839,0
TXN72807892,0
TXN76120669,1
TXN12361496,1
TXN36475732,1
TXN85272673,1
TXN42666649,1
TXN44123626,0
TXN66819215,0
TXN36556132,1
TXN32277813,0
TXN81588781,0
TXN60812105,1
TXN90305726,1
TXN06047339,1
TXN39776098,0
TXN27803282,0
TXN58340821,0
TXN99165024,0
TXN79299829,0
TXN75894011,1
TXN31764038,0
TXN72913164,0
TXN31177390,1
TXN79854861,1
TXN04559512,1
TXN14415766,0
TXN91639509,1
TXN53112957,1
TXN15323287,1
TXN89655377,1
TXN58156121,1
TXN96234308,1
TXN21617233,1
TXN65135553,1
TXN56196218,1
TXN98708954,0
TXN37137106,1
TXN34530646,1
TXN80052433,0
TXN82910462,0
TXN55039400,0
TXN66648834,1
TXN80622317,0
TXN26450352,1
TXN09535433,0
TXN03719694,0
TXN30765549,1
TXN28570811,0
TXN61527021,0
TXN27279478,0
TXN05780781,1
TXN70851359,0
TXN21505119,0
TXN76289242,1
TXN30887171,0
TXN93501013,0
TXN06118427,0
TXN15000549,1
TXN92586476,0
TXN37203364,0
TXN05189563,1
TXN91788816,1
TXN71034389,1
TXN04496441,0
TXN83385320,1
TXN89190009,0
TXN30940824,1
TXN58866816,1
TXN84492671,1
TXN83065741,1
TXN62241214,0
TXN44098661,0
TXN25747603,0
TXN03849712,1
TXN48113207,1
TXN38551007,1
TXN87850456,1
TXN67100948,1
TXN22886847,0
TXN02930682,0
TXN79325940,0
TXN08767569,1
TXN46575676,0
TXN54488364,1
TXN72317480,1
TXN07669332,0
TXN67355271,0
TXN86483328,1
TXN48952949,0
TXN54227565,1
TXN26012414,1
TXN34331286,1
TXN93491424,1
TXN67483268,0
TXN08708274,1
TXN72688611,1
TXN58846081,0
TXN54491617,1
TXN92090914,0
TXN30597652,1
TXN12348596,0
TXN19454290,0
TXN27060706,0
TXN39769156,1
TXN25478263,0
TXN90534887,1
TXN19801000,1
TXN31802864,1
TXN54282572,1
TXN59614135,1
TXN08497313,1
TXN00442116,1
TXN18016624,1
TXN72787044,1
TXN56138265,0
TXN15189024,1
TXN08154764,0
TXN37129010,0
TXN02502262,0
TXN23497835,0
TXN44285395,1
TXN37495770,1
TXN46984937,0
TXN47042488,1
TXN82658476,1
TXN71533163,1
TXN85766204,1
TXN80219316,1
TXN55837073,0
TXN86191449,0
TXN14472306,0
TXN88113964,1
TXN33941511,1
TXN84790546,0
TXN63979564,0
TXN44793159,0
TXN52760273,1
TXN10889490,1
TXN71226248,0
TXN54187878,0
TXN28402284,1
TXN47950263,0
TXN41044757,1
TXN73058954,1
TXN99774269,1
TXN78741695,1
TXN46831461,1
TXN02794909,1
TXN58076004,0
TXN20312273,0
TXN46401219,0
TXN44742144,0
TXN22596822,1
TXN12348089,0
TXN18866932,1
TXN24711626,1
TXN21761977,0
TXN30238777,1
TXN89603355,0
TXN38004167,0
TXN00586738,0
TXN00587803,0
TXN46549220,1
TXN76852324,0
TXN00933122,1
TXN74570593,1
TXN54758378,1
TXN11947247,0
TXN66780820,1
TXN64762466,0
TXN79942479,0
TXN05189104,0
TXN35456460,1
TXN21031589,0
TXN25736558,1
TXN78271283,1
TXN67443977,1
TXN30789933,0
TXN07578953,0
TXN42247106,0
TXN24058681,0
TXN02410401,0
TXN80455713,1
TXN07656237,1
TXN91055335,0
TXN09755380,0
TXN18558669,0
TXN98434138,1
TXN00995044,1
TXN97674447,0
TXN47503666,1
TXN64875573,0
TXN18950165,0
TXN78942432,0
TXN59916008,1
TXN77973946,1
TXN53928363,1
TXN55566414,1
TXN99478924,0
TXN50591305,0
TXN67086698,0
TXN56456754,1
TXN99520434,0
TXN34269859,1
TXN03339422,1
TXN29032685,0
TXN18193786,0
TXN05074184,1
TXN23951974,0
TXN85668185,0
TXN46091361,0
TXN56025907,1
TXN93608550,1
TXN51993543,0
TXN17340514,1
TXN08523903,0
TXN33626266,1
TXN22679904,1
TXN83337771,0
TXN70975483,0
TXN31362104,0
TXN64556607,1
TXN12137703,0
TXN29111955,1
TXN36575424,0
TXN34961997,1
TXN26218010,0
TXN74642265,0
TXN62880725,0
TXN95828367,1
TXN35773354,0
TXN19063874,0
TXN95422034,0
TXN13090116,1
TXN63624360,1
TXN62299037,1
TXN94223923,1
TXN49866852,0
TXN85878575,0
TXN38394716,0
TXN85392514,1
TXN45254076,0
TXN79304160,1
TXN99878075,0
TXN63768091,0
TXN42692380,1
TXN87239246,1
TXN20626849,1
TXN08545941,0
TXN12353249,0
TXN53533049,0
TXN52654522,0
TXN17150095,1
TXN69640315,0
TXN30353443,1
TXN88486282,1
TXN90301312,0
TXN44047590,1
TXN94818939,0
TXN58563232,1
TXN21566725,1
TXN90709517,0
TXN33049475,1
TXN57499862,1
TXN93153839,1
TXN11601369,1
TXN42286876,1
TXN89019866,1
TXN28831061,0
TXN93681884,1
TXN56787786,1
TXN75737601,0
TXN38463177,1
TXN08611187,0
TXN03122201,1
TXN07435313,1
TXN89104857,1
TXN69452211,1
TXN84356577,1
TXN52640965,1
TXN48924877,0
TXN11251948,0
TXN51904454,0
TXN39671359,0
TXN73818456,1
TXN62880847,0
TXN88906554,1
TXN41362654,1
TXN07864348,1
TXN67624501,1
TXN65548226,0
TXN54563982,1
TXN49966282,1
TXN08258601,1
TXN58668867,1
TXN34375055,1
TXN28024551,0
TXN93443032,0
TXN30799844,0
TXN29673060,0
TXN74002167,0
TXN66682715,1
TXN11090530,1
TXN78996528,0
TXN59356518,1
TXN81607455,1
TXN10550809,1
TXN87026272,1
TXN34371919,0
TXN39264529,1
TXN03851789,0
TXN32367206,1
TXN03908336,1
TXN00409898,0
TXN40901362,0
TXN65879607,1
TXN87576907,1
TXN10960788,0
TXN48822129,0
TXN55163106,0
TXN24646478,0
TXN57954576,1
TXN64399370,0
TXN99199805,0
TXN04661499,1
TXN82946962,0
TXN89905002,1
TXN47504901,0
TXN16256839,1
TXN14778368,0
TXN62936204,1
TXN11738842,1
TXN87936375,1
TXN36283317,1
TXN30366772,0
TXN79201511,1
TXN48688376,0
TXN17227552,0
TXN96730714,1
TXN13345619,0
TXN94125007,0
TXN26073218,0
TXN33898170,0
TXN20361406,0
TXN65360158,0
TXN30777911,1
TXN22776277,1
TXN13586862,0
TXN66068681,0
TXN10274948,1
TXN44559312,1
TXN58881579,0
TXN10782613,1
TXN72801102,1
TXN54970979,0
TXN39030730,1
TXN63739360,0
TXN42174318,1
TXN96156913,0
TXN22261393,0
TXN86504432,0
TXN15432736,0
TXN41880115,1
TXN36787684,1
TXN57617104,0
TXN86862869,1
TXN43748301,1
TXN19676646,0
TXN17138547,1
TXN58254592,0
TXN58235363,1
TXN05236565,1
TXN81014808,0
TXN97322953,1
TXN42133998,0
TXN22449368,0
TXN60400394,1
TXN25707220,1
TXN09340816,1
TXN51690744,0
TXN31035540,1
TXN66755568,0
TXN69245735,0
TXN05353952,0
TXN35738068,0
TXN85050303,1
TXN98618128,1
TXN08191350,0
TXN63482268,0
TXN97922935,0
TXN37138907,0
TXN61837894,0
TXN14780715,0
TXN96882222,1
TXN11272670,0
TXN28937911,1
TXN89800245,0
TXN40581750,0
TXN97662475,1
TXN80124449,1
TXN28183575,0
TXN29089468,1
TXN62035829,0
TXN74829168,1
TXN25127237,1
TXN02364818,0
TXN75546854,0
TXN74127023,0
TXN09635051,0
TXN68959378,1
TXN40618529,1
TXN81973265,1
TXN09055527,0
TXN12117340,0
TXN46173040,0
TXN53982847,0
TXN16706334,1
TXN07812006,0
TXN07938464,1
TXN22013981,1
TXN89687743,1
TXN69032488,1
TXN82290595,1
TXN39916890,1
TXN07158548,0
TXN78494166,1
TXN34936893,0
TXN12223572,0
TXN36973656,1
TXN33001010,1
TXN29414097,1
TXN61547330,1
TXN23304045,0
TXN13918169,0
TXN56665274,1
TXN04240383,1
TXN29473516,1
TXN26529074,1
TXN52411218,0
TXN24006041,1
TXN07954446,0
TXN54334452,1
TXN44681190,0
TXN17336864,0
TXN97516772,1
TXN03330102,1
TXN66519712,0
TXN92435623,1
TXN01413317,0
TXN86151408,0
TXN44288038,1
TXN45836541,1
TXN42476691,0
TXN79660678,1
TXN73556793,0
TXN40599037,1
TXN93188134,0
TXN65823563,1
TXN02446091,0
TXN89976546,0
TXN03636715,1
TXN96953748,1
TXN48707311,0
TXN09275164,0
TXN06758971,1
TXN33112761,1
TXN70817056,1
TXN33118531,1
TXN38295871,0
TXN66300412,0
TXN76684697,1
TXN82924239,1
TXN80930739,0
TXN91721305,0
TXN60378520,0
TXN74660450,0
TXN33351146,0
TXN00589600,0
TXN67972354,1
TXN47529999,0
TXN75188817,1
TXN81729942,0
TXN34111826,1
TXN68464558,0
TXN08489326,1
TXN38076062,1
TXN11994546,1
TXN74994320,1
TXN28157006,1
TXN62215602,0
TXN50931584,0
TXN85577778,1
TXN74676358,0
TXN94068220,0
TXN76834650,0
TXN80667072,0
TXN43600643,1
TXN38198144,0
TXN34227127,0
TXN30518968,0
TXN92275907,0
TXN75967495,1
TXN49282566,1
TXN58742727,0
TXN13829099,1
TXN36109240,1
TXN95018509,0
TXN44443188,0
TXN15042637,1
TXN09252111,1
TXN37875815,0
TXN25978422,1
TXN67860078,1
TXN51673005,1
TXN17001020,1
TXN68267469,1
TXN02285418,0
TXN01711853,1
TXN83783904,0
TXN40380303,0
TXN46097813,0
TXN46815764,1
TXN76317203,1
TXN36943258,0
TXN23494008,1
TXN76337753,1
TXN67904451,1
TXN03203461,0
TXN47764058,0
TXN91546021,1
TXN70140288,0
TXN68374104,0
TXN53919661,0
TXN64211505,0
TXN06709659,0
TXN25049791,0
TXN28298673,1
TXN07302381,1
TXN48807322,1
TXN16900118,0
TXN75104449,0
TXN84266827,1
TXN85869507,0
TXN84198374,1
TXN96388238,0
TXN40464411,0
TXN41094006,1
TXN95749892,1
TXN19953829,1
TXN25006627,1
TXN23532245,0
TXN37293741,0
TXN27044970,1
TXN06713962,0
TXN09239064,0
TXN09897817,1
TXN92496846,0
TXN05517854,1
TXN72649451,1
TXN05606793,0
TXN60071304,1
TXN33896246,1
TXN57883876,0
TXN63955760,1
TXN22584695,0
TXN00524561,0
TXN96877780,1
TXN36384239,1
TXN24618517,0
TXN63238021,1
TXN62581556,0
TXN61545751,1
TXN90673888,0
TXN81779732,0
TXN55647596,0
TXN12299506,0
TXN81671661,1
TXN66873942,0
TXN50170627,0
TXN90232277,1
TXN17581880,0
TXN16978832,0
TXN26881875,0
TXN05029458,1
TXN40437890,1
TXN65687679,1
TXN73442742,0
TXN27371537,1
TXN89798671,0
TXN07998217,0
TXN28575951,0
TXN20134435,0
TXN63494200,0
TXN74542714,0
TXN14843096,0
TXN43749814,1
TXN49747654,1
TXN55858317,0
TXN44669772,1
TXN62223197,1
TXN59375896,0
TXN90456058,0
TXN99585237,0
TXN36980364,0
TXN11277419,1
TXN90860964,1
TXN89216582,1
TXN87830354,1
TXN82157895,1
TXN72389206,0
TXN12105015,1
TXN78378295,0
TXN37921417,0
TXN22656605,1
TXN28586245,1
TXN69280260,0
TXN27894331,0
TXN83300653,1
TXN19768476,0
TXN13453274,1
TXN69484504,0
TXN91642055,0
TXN95642784,1
TXN52841371,0
TXN78748303,0
TXN65701007,0
TXN00566672,1
TXN38178099,0
TXN95466409,0
TXN10205611,1
TXN64690457,0
TXN52466045,1
TXN83306138,1
TXN62150722,1
TXN60976049,0
TXN62832624,0
TXN58844286,1
TXN50329439,0
TXN87411947,1
TXN56596242,1
TXN26122760,0
TXN70019728,1
TXN29689243,1
TXN45612688,1
TXN35796956,0
TXN11690279,1
TXN05777068,0
TXN11966884,0
TXN70109147,1
TXN21574967,1
TXN79910207,0
TXN23917633,0
TXN75844833,1
TXN11991431,0
TXN82064316,0
TXN56439288,0
TXN02246724,0
TXN19958337,1
TXN01656191,1
TXN11252347,1
TXN95057364,1
TXN64127910,1
TXN55161308,0
TXN54564434,1
TXN15349009,0
TXN89092814,1
TXN43911194,1
TXN39179365,0
TXN71922070,0
TXN63796503,0
TXN29097274,0
TXN31437986,1
TXN25160694,0
TXN61482569,0
TXN31078316,0
TXN22677810,0
TXN19514456,1
TXN14345171,1
TXN90553761,0
TXN13539051,0
TXN67428129,0
TXN70907958,1
TXN64734867,0
TXN16450891,1
TXN73207985,0
TXN75150039,0
TXN83497194,1
TXN83801062,1
TXN23318187,1
TXN90942533,1
TXN37818710,0
TXN83151867,1
TXN65337578,0
TXN48094238,0
TXN15690986,1
TXN63092403,0
TXN75352190,1
TXN34594891,0
TXN61211499,0
TXN73023013,0
TXN71290511,1
TXN63267218,1
TXN22097421,1
TXN14865569,1
TXN60824710,0
TXN40487368,1
TXN68030519,1
TXN91043635,0
TXN38230899,0
TXN39142882,0
TXN52172931,0
TXN11673502,1
TXN73712216,0
TXN94279560,1
TXN18599436,0
TXN01002477,0
TXN33630507,1
TXN69249461,0
TXN13421943,1
TXN22755565,0
TXN11974872,1
TXN40172901,1
TXN99671948,0
TXN49579513,0
TXN20027373,0
TXN36044667,0
TXN92682115,0
TXN65543375,1
TXN42631282,1
TXN85952348,1
TXN24628647,0
TXN74616096,1
TXN68149746,0
TXN84471712,1
TXN41140254,1
TXN38549662,1
TXN36044737,0
TXN97591329,0
TXN00370344,1
TXN37113326,1
TXN70990468,0
TXN92137925,0
TXN27639394,0
TXN41767002,0
TXN13439918,1
TXN80392895,1
TXN23112535,1
TXN68397979,0
TXN22804991,1
TXN78626438,0
TXN53694178,1
TXN01276645,0
TXN22385575,0
TXN56964423,0
TXN05112653,1
TXN46152814,1
TXN95301998,0
TXN94054813,1
TXN62773651,1
TXN35981609,1
TXN80996078,1
TXN10169174,1
TXN86259186,0
TXN69017476,0
TXN33647222,1
TXN37686687,1
TXN06226539,1
TXN08963456,1
TXN15284417,0
TXN81470718,1
TXN82494466,0
TXN59733614,0
TXN69522546,0
TXN16444113,0
TXN14678922,0
TXN76516050,1
TXN00913559,1
TXN24383300,1
TXN86373934,1
TXN76792524,0
TXN98495772,0
TXN49607497,0
TXN17317445,1
TXN04503779,1
TXN42682622,0
TXN13880305,1
TXN72440113,0
TXN15093013,1
TXN47105235,1
TXN74327164,0
TXN16993447,0
TXN96265512,1
TXN27655787,0
TXN63897238,0
TXN52970429,0
TXN23667752,1
TXN97635624,0
TXN05384455,0
TXN49515783,0
TXN19580459,0
TXN75488480,0
TXN63434989,1
TXN29259163,0
TXN14388459,1
TXN54507622,0
TXN91040091,1
TXN52098441,0
TXN60880248,1
TXN23157215,1
TXN65143940,1
TXN64102599,0
TXN30034592,1
TXN99236993,0
TXN76986557,0
TXN23597006,1
TXN07078265,0
TXN85635251,1
TXN30475425,0
TXN64271681,0
TXN72535383,0
TXN50844035,0
TXN74376305,0
TXN71782009,0
TXN24213499,0
TXN34232422,1
TXN11502044,0
TXN07840343,1
TXN55707534,0
TXN11249673,1
TXN44220229,0
TXN46988345,0
TXN25668255,0
TXN01055872,1
TXN89623801,0
TXN94771368,1
TXN73602281,0
TXN93860091,1
TXN31207838,0
TXN10811709,1
TXN17062054,0
TXN27229602,0
TXN94671720,0
TXN51774924,1
TXN08552810,0
TXN54506927,1
TXN84887327,0
TXN88818680,0
TXN60559028,1
TXN93430153,1
TXN55582625,1
TXN69750647,0
TXN45287704,1
TXN41506076,0
TXN36264627,1
TXN86078498,1
TXN56768050,1
TXN82691838,1
TXN25850490,0
TXN08864702,0
TXN96790499,0
TXN06622254,1
TXN58349784,1
TXN19690113,1
TXN21628700,1
TXN24150065,0
TXN56929961,0
TXN90688201,0
TXN01148976,0
TXN35236768,0
TXN75877258,1
TXN78360069,1
TXN65666195,1
TXN65107944,1
TXN41620935,1
TXN34761753,0
TXN55120630,0
TXN02942296,0
TXN32292377,0
TXN09026572,1
TXN94509878,0
TXN36183233,1
TXN92300295,0
TXN48795585,0
TXN10318193,1
TXN45899357,1
TXN17488608,0
TXN59918879,1
TXN09715339,1
TXN52409362,0
TXN04498456,0
TXN57046613,0
TXN53088698,1
TXN51712692,0
TXN93415678,1
TXN35700931,0
TXN76360299,1
TXN32765223,0
TXN42991653,1
TXN05863722,1
TXN63578939,0
TXN70769882,1
TXN29353896,0
TXN62188790,0
TXN51023669,0
TXN19949504,0
TXN12106455,0
TXN31835687,0
TXN65719787,1
TXN21522146,0
TXN17813549,1
TXN32674411,0
TXN07319839,0
TXN20203429,0
TXN16515956,0
TXN45433603,0
TXN29783491,0
TXN09909209,0
TXN50237011,1
TXN87565704,1
TXN15069015,0
TXN57927388,1
TXN07971037,0
TXN80023489,0
TXN28317876,1
TXN90809493,0
TXN14975452,0
TXN82920005,1
TXN45806239,0
TXN79247122,1
TXN41625431,1
TXN03958323,0
TXN34970714,0
TXN45142432,1
TXN62473936,0
TXN18805582,1
TXN35059765,1
TXN11738721,0
TXN00691206,1
TXN18069060,0
TXN52775766,0
TXN19702992,1
TXN22472790,1
TXN35984414,1
TXN72800944,0
TXN57842626,1
TXN96265442,0
TXN01877974,1
TXN64248283,1
TXN14833857,1
TXN42699202,1
TXN97983744,0
TXN26810006,0
TXN30256248,1
TXN97759463,0
TXN00703536,0
TXN38378340,1
TXN73075820,1
TXN71817805,1
TXN36797749,0
TXN62959478,0
TXN08450067,0
TXN40799106,0
TXN52359666,1
TXN93971628,0
TXN15147647,0
TXN45147357,1
TXN55907507,0
TXN63670016,0
TXN10118454,0
TXN41808319,1
TXN45824762,0
TXN59933367,0
TXN58021466,0
TXN46951317,0
TXN12360506,0
TXN33637963,0
TXN36192379,1
TXN00013803,0
TXN98939661,0
TXN52303407,1
TXN98461497,1
TXN86612973,1
TXN16569824,0
TXN78859418,1
TXN30989085,1
TXN58052071,0
TXN25399680,0
TXN31057013,0
TXN64259452,1
TXN48226024,1
TXN11667634,1
TXN04490282,1
TXN67549622,1
TXN67648871,0
TXN74535006,0
TXN03461734,1
TXN08688942,1
TXN99480581,0
TXN58605797,0
TXN65394104,1
TXN60106480,1
TXN94660338,0
TXN62322635,0
TXN68502511,1
TXN10496376,0
TXN60584430,0
TXN59798416,1
TXN46833640,0
TXN00394524,1
TXN51439900,1
TXN41529437,0
TXN78587616,0
TXN40070211,1
TXN13308506,1
TXN01630454,1
TXN14259322,0
TXN55963964,1
TXN27459119,1
TXN61143013,1
TXN42213091,1
TXN59134079,1
TXN92419861,0
TXN40013667,1
TXN28955585,0
TXN99996901,1
TXN92641093,0
TXN50831585,0
TXN23380645,1
TXN43107889,0
TXN45926256,0
TXN95942533,0
TXN75928432,0
TXN95062635,1
TXN92250529,0
TXN06775605,1
TXN74195224,1
TXN19847292,1
TXN52163595,0
TXN37442006,1
TXN71172800,0
TXN82081090,1
TXN78445828,1
TXN46777464,0
TXN35365407,0
TXN32369429,0
TXN40034127,0
TXN06089785,0
TXN57736055,0
TXN37632372,1
TXN85767357,1
TXN60120210,0
TXN73708370,1
TXN24331839,1
TXN77507988,0
TXN89153551,0
TXN21932621,0
TXN01241288,0
TXN68523034,0
TXN93125379,0
TXN32774349,0
TXN83473595,1
TXN54159437,1
TXN73501407,1
TXN96400049,0
TXN31166616,0
TXN23738601,1
TXN27958853,1
TXN52317578,0
TXN29789902,1
TXN15254656,1
TXN20078221,1
TXN35085517,1
TXN24673303,0
TXN34643766,1
TXN16633049,0
TXN39785296,1
TXN86656266,0
TXN08098290,1
TXN21386334,0
TXN92901454,1
TXN48526815,0
TXN94416102,0
TXN83175458,1
TXN97323139,0
TXN42286191,1
TXN52113271,1
TXN71893348,1
TXN31996175,0
TXN98790615,1
TXN42407593,0
TXN94881059,0
TXN46671370,0
TXN96294826,1
TXN61375816,0
TXN72040567,0
TXN68419872,0
TXN71591616,0
TXN92509321,0
TXN36023782,1
TXN69480564,1
TXN53426289,0
TXN31667201,0
TXN64302013,1
TXN82268655,1
TXN02471771,0
TXN62442107,0
TXN43799519,1
TXN29183538,1
TXN54387416,1
TXN68821029,1
TXN29608767,0
TXN02530534,0
TXN66231574,1
TXN16459468,0
TXN75440778,0
TXN52429169,1
TXN79590486,0
TXN11181795,1
TXN60039302,1
TXN49455643,1
TXN22362135,1
TXN22051634,0
TXN39642984,0
TXN62034156,1
TXN95311238,0
TXN66957822,1
TXN56556733,1
TXN84046408,1
TXN02619200,1
TXN20230976,1
TXN32076753,0
TXN78241408,0
TXN44395017,1
TXN52945493,1
TXN28789552,0
TXN46409717,1
TXN14806613,1
TXN78298328,0
TXN57007599,0
TXN75490517,0
TXN80178546,0
TXN23012718,0
TXN86460165,1
TXN71686301,0
TXN28762533,0
TXN74411396,1
TXN87450414,0
TXN34001830,1
TXN51712381,1
TXN67538492,1
TXN11859990,1
TXN61885414,0
TXN40427836,0
TXN89959610,0
TXN93925887,0
TXN55470130,0
TXN38297800,1
TXN68564780,1
TXN13966453,0
TXN92773935,0
TXN59851761,1
TXN82380948,0
TXN67737587,0
TXN85624196,1
TXN73975024,1
TXN65209358,0
TXN93204918,1
TXN70101548,1
TXN33140690,0
TXN61360091,0
TXN67972508,0
TXN60889341,1
TXN83480707,1
TXN97330249,1
TXN60792584,0
TXN11247774,1
TXN04310656,0
TXN18323184,1
TXN14150118,1
TXN97617689,1
TXN65002934,1
TXN08793600,1
TXN10484440,1
TXN28110126,0
TXN50623967,1
TXN65944082,0
TXN82599716,0
TXN37515701,1
TXN83578706,1
TXN13673049,0
TXN20025542,0
TXN36755062,0
TXN62689060,0
TXN91961108,0
TXN32709688,1
TXN22305705,0
TXN50660295,1
TXN71525364,0
TXN74399511,0
TXN75224480,1
TXN66145137,1
TXN54470996,1
TXN14245396,0
TXN12462162,1
TXN32947479,0
TXN05617835,0
TXN62032346,0
TXN35739812,0
TXN32159846,0
TXN45208269,0
TXN11559952,1
TXN88155411,1
TXN82348308,1
TXN61344602,1
TXN30210377,1
TXN71073542,0
TXN36898423,0
TXN89281071,0
TXN22375916,0
TXN55824140,1
TXN77057475,0
TXN06294315,0
TXN54337804,1
TXN55886864,0
TXN50809434,1
TXN19606423,1
TXN60322343,0
TXN04896656,1
TXN44981144,1
TXN19164169,1
TXN48207106,1
TXN26062798,0
TXN72780862,0
TXN67104788,0
TXN42910115,0
TXN57867179,1
TXN91722393,1
TXN11572312,0
TXN98533210,0
TXN31812725,1
TXN64040103,1
TXN79360219,1
TXN72887605,1
TXN51741630,0
TXN50983882,0
TXN24668304,0
TXN23983554,0
TXN22100117,0
TXN61115559,0
TXN05096146,0
TXN91074022,1
TXN17709568,1
TXN00625489,1
TXN44355717,1
TXN31230369,1
TXN82323842,1
TXN83871520,0
TXN86646518,0
TXN72347871,0
TXN81999740,1
TXN91902415,1
TXN88973016,0
TXN49021355,1
TXN72935079,0
TXN99996181,0
TXN59437966,0
TXN18408713,1
TXN48879119,1
TXN87754926,1
TXN07816847,1
TXN23016761,0
TXN08252900,1
TXN87399559,1
TXN12205360,1
TXN35066679,1
TXN49627691,1
TXN21616747,1
TXN56737408,1
TXN84323826,0
TXN46570403,0
TXN05448690,0
TXN23206949,1
TXN79220733,0
TXN97287157,0
TXN66120997,0
TXN54468599,0
TXN46031296,0
TXN84680920,1
TXN91788362,0
TXN29822489,0
TXN74316029,1
TXN57647516,0
TXN68849852,1
TXN41491216,1
TXN32756750,0
TXN95715683,0
TXN59262762,0
TXN00045710,0
TXN15206784,0
TXN98336642,0
TXN29319808,0
TXN96053626,0
TXN37281013,0
TXN35223013,1
TXN28069392,0
TXN84984054,1
TXN26283398,1
TXN14045743,1
TXN14509617,0
TXN56949259,0
TXN09392623,0
TXN79441094,0
TXN84398175,0
TXN26987861,1
TXN32872449,0
TXN58760947,0
TXN22725298,1
TXN84561707,1
TXN98828551,1
TXN21324172,1
TXN51045946,1
TXN82222737,0
TXN22187641,1
TXN36507047,0
TXN04910138,1
TXN25500707,0
TXN04056644,1
TXN24402565,1
TXN26331436,1
TXN34671245,1
TXN50989304,0
TXN72638064,0
TXN72383385,1
TXN61704060,1
TXN92029272,0
TXN00929926,0
TXN96445345,1
TXN21939483,0
TXN01218559,1
TXN97584346,0
TXN18047319,0
TXN92066489,0
TXN76941731,0
TXN47732283,1
TXN60106136,1
TXN62506459,1
TXN04494391,0
TXN14267581,0
TXN63880056,0
TXN22965554,1
TXN86257119,0
TXN04717004,0
TXN25673316,0
TXN39239477,1
TXN69818034,1
TXN61165391,1
TXN55358854,1
TXN34451491,1
TXN08944166,1
TXN12247360,0
TXN19353053,0
TXN89708509,0
TXN89146009,0
TXN42776358,1
TXN26680521,0
TXN84728631,1
TXN71717333,0
TXN04920952,1
TXN17423168,1
TXN58020531,1
TXN25866675,0
TXN19031662,1
TXN93992534,1
TXN46592225,1
TXN60164378,1
TXN75952219,0
TXN12780390,1
TXN34566425,0
TXN50669458,1
TXN08969987,0
TXN22893198,1
TXN81973493,1
TXN70175680,0
TXN37563794,0
TXN42131043,1
TXN04617939,1
TXN33153622,0
TXN17320158,1
TXN77796196,1
TXN79400203,0
TXN48189340,1
TXN71404681,0
TXN13787669,1
TXN93570657,0
TXN73508345,1
TXN10743748,0
TXN22498523,1
TXN59742928,1
TXN02048117,1
TXN65489453,0
TXN43087509,0
TXN81841717,1
TXN25158980,0
TXN33124659,0
TXN02539148,1
TXN21233250,0
TXN17059399,0
TXN90402025,0
TXN47278075,0
TXN52681376,1
TXN34008976,0
TXN13195518,1
TXN65218479,1
TXN99834969,1
TXN11496217,0
TXN59926254,1
TXN64806753,0
TXN50063319,1
TXN47751526,0
TXN69790010,0
TXN54993132,0
TXN47479598,0
TXN04373346,1
TXN33159740,1
TXN18977823,1
TXN16433712,1
TXN50605839,0
TXN70613286,0
TXN85287282,1
TXN98990483,1
TXN48539663,1
TXN80753820,0
TXN92690651,0
TXN06151859,1
TXN98189801,1
TXN14009493,1
TXN90275369,0
TXN94602615,0
TXN55658822,0
TXN75246481,0
TXN01782786,0
TXN96715203,0
TXN24032001,0
TXN83078045,0
TXN37795629,0
TXN81090317,0
TXN18074568,0
TXN63682949,0
TXN05504369,0
TXN72275199,1
TXN64364487,1
TXN77283196,1
TXN50617974,1
TXN37833195,0
TXN89055580,0
TXN16627013,0
TXN88268609,1
TXN66817702,0
TXN89523490,1
TXN77795044,0
TXN60768640,1
TXN01839549,0
TXN21390168,1
TXN41872001,1
TXN26094392,1
TXN62315593,1
TXN30635857,1
TXN92208890,0
TXN27693652,0
TXN83124548,0
TXN88733340,1
TXN40253973,0
TXN08352044,1
TXN66768443,0
TXN93244587,1
TXN38925550,0
TXN44688214,1
TXN45071982,0
TXN62969666,1
TXN33684464,1
TXN32159089,1
TXN69984654,0
TXN24239655,1
TXN10928468,0
TXN50860908,1
TXN33322136,0
TXN41833910,1
TXN56451060,1
TXN99813963,0
TXN35121423,0
TXN56257375,0
TXN68194110,1
TXN50999354,0
TXN82043990,1
TXN07137967,1
TXN16109683,0
TXN04129856,0
TXN59192384,1
TXN72157141,0
TXN94757593,1
TXN12118578,0
TXN57198668,1
TXN08032275,0
TXN94426498,1
TXN15026911,0
TXN39655182,0
TXN75092782,1
TXN31767515,1
TXN54249408,0
TXN25921910,0
TXN56803049,0
TXN06175969,1
TXN32440844,1
TXN52379917,1
TXN37062892,1
TXN61492847,0
TXN74238922,1
TXN00776758,1
TXN22011855,1
TXN66812836,1
TXN68590748,1
TXN45363904,0
TXN11042141,1
TXN31387198,1
TXN42889577,0
TXN37730554,0
TXN25823161,1
TXN83926016,1
TXN48642144,0
TXN26878059,1
TXN88792929,0
TXN42289655,0
TXN61829989,0
TXN49664082,1
TXN76570768,0
TXN42861076,0
TXN88359722,0
TXN94454983,0
TXN59798469,0
TXN68132927,0
TXN96451012,0
TXN09981195,0
TXN84275888,1
TXN39907089,1
TXN55293145,0
TXN73528102,0
TXN30470232,0
TXN52181799,1
TXN25191966,0
TXN54204054,1
TXN89451886,0
TXN22362314,0
TXN51934008,0
TXN97810532,1
TXN82140757,0
TXN80158478,0
TXN59592718,1
TXN54739527,1
TXN54464110,0
TXN26992728,1
TXN53757590,1
TXN67607867,0
TXN55926753,1
TXN70551720,0
TXN38502083,0
TXN31941351,1
TXN11758290,1
TXN07417582,0
TXN59105754,0
TXN22007027,1
TXN22874877,0
TXN49821285,1
TXN17033323,0
TXN64394039,0
TXN29510575,0
TXN92556435,0
TXN60951057,1
TXN03084063,1
TXN97793709,1
TXN71857554,1
TXN88396307,1
TXN09732015,1
TXN90749156,1
TXN38018957,0
TXN70747601,0
TXN11405185,0
TXN55258169,1
TXN19400842,0
TXN33842945,1
TXN48919416,1
TXN02377182,0
TXN05959860,0
TXN23107247,1
TXN60273975,0
TXN44049075,1
TXN82498170,0
TXN04124723,0
TXN97516531,1
TXN15279019,0
TXN87508683,1
TXN99360605,1
TXN91684419,1
TXN40448981,0
TXN75580702,0
TXN04575817,1
TXN31787661,1
TXN32567080,0
TXN84346295,1
TXN86723566,1
TXN53706283,0
TXN47047681,1
TXN46002229,1
TXN48059582,0
TXN10258777,0
TXN04434964,0
TXN19105888,1
TXN69665711,1
TXN63687030,1
TXN02489755,0
TXN41705025,0
TXN71779218,0
TXN81606370,0
TXN82340316,1
TXN95000419,0
TXN74526569,0
TXN45068497,0
TXN33318095,1
TXN49357128,0
TXN88258092,1
TXN83228338,1
TXN49996758,1
TXN03974566,1
TXN42854412,0
TXN43250403,1
TXN90177389,0
TXN31973047,1
TXN97319450,1
TXN57970772,1
TXN09704429,0
TXN70273261,1
TXN03136016,0
TXN12966942,1
TXN78036596,1
TXN71916162,1
TXN78935950,1
TXN79092514,0
TXN44550128,0
TXN18424576,1
TXN67558627,1
TXN62707467,0
TXN39628648,0
TXN93403751,0
TXN95550264,1
TXN59678113,0
TXN79801786,1
TXN22140853,1
TXN43177176,0
TXN88778400,0
TXN42616122,1
TXN52237802,1
TXN83256335,0
TXN05304944,0
TXN93362145,1
TXN58673707,1
TXN86811471,1
TXN70658373,0
TXN52017663,0
TXN69207995,1
TXN08702558,1
TXN70357337,0
TXN84145770,0
TXN94232649,0
TXN77092903,1
TXN30631321,0
TXN41052084,0
TXN36264425,0
TXN17555958,1
TXN30790992,1
TXN64240139,0
TXN46538085,0
TXN38779736,0
TXN12047066,0
TXN82466957,1
TXN09353011,0
TXN49885770,1
TXN17524835,1
TXN00008906,1
TXN86788272,1
TXN32126086,1
TXN78891281,1
TXN62041568,0
TXN61318151,1
TXN20557923,0
TXN81946204,0
TXN65766404,0
TXN26862079,1
TXN69372827,1
TXN60076456,1
TXN17015219,1
TXN59432064,0
TXN67051914,1
TXN59505509,1
TXN40982252,1
TXN74448334,0
TXN11108794,1
TXN92310499,0
TXN54397017,0
TXN75307760,1
TXN52259279,1
TXN84703407,0
TXN06819210,0
TXN58788811,0
TXN68122673,0
TXN94829354,0
TXN50885181,0
TXN97654908,0
TXN32285749,1
TXN70302823,0
TXN01839138,1
TXN98625140,1
TXN04825102,1
TXN51165714,0
TXN42526219,0
TXN29003148,0
TXN09021214,0
TXN77681633,0
TXN22263541,1
TXN66057192,0
TXN79357844,1
TXN27875822,0
TXN07054712,0
TXN40376781,0
TXN11708115,1
TXN87638367,1
TXN55648219,1
TXN95222122,1
TXN04146905,1
TXN72274530,1
TXN62460394,1
TXN76235524,1
TXN32700077,1
TXN92357329,0
TXN72144640,0
TXN00532929,1
TXN57461282,1
TXN04608105,0
TXN62307095,0
TXN36522828,0
TXN65483238,0
TXN11875832,0
TXN57820199,0
TXN00653361,1
TXN39594567,1
TXN41495307,1
TXN36814710,0
TXN30132982,1
TXN46362132,0
TXN71386791,0
TXN60474097,0
TXN79773461,0
TXN96960647,0
TXN69950894,1
TXN53090432,1
TXN86090574,0
TXN45887792,0
TXN99439489,1
TXN50563096,0
TXN15663273,1
TXN65160202,1
TXN38884552,1
TXN97694455,0
TXN34378176,1
TXN36343167,0
TXN64451690,0
TXN06283131,0
TXN07733239,0
TXN92415742,1
TXN54429411,1
TXN03985760,1
TXN56326599,1
TXN66765961,0
TXN59304392,0
TXN40854843,1
TXN29230073,0
TXN37898756,0
TXN95072791,0
TXN73383399,1
TXN91371186,0
TXN89469970,1
TXN39078244,0
TXN72327920,1
TXN86652305,0
TXN92064034,1
TXN54106958,1
TXN05381442,0
TXN95635728,1
TXN43781597,0
TXN26814760,1
TXN67410787,1
TXN42927119,1
TXN79801225,1
TXN47430373,0
TXN80234176,1
TXN11940252,0
TXN09936597,0
TXN75745988,0
TXN87406607,0
TXN94549993,0
TXN86979052,0
TXN71089946,1
TXN86072928,0
TXN93457309,0
TXN40879635,1
TXN36269419,0
TXN34259907,0
TXN69127303,1
TXN44540049,0
TXN03643395,1
TXN29313922,1
TXN56619060,1
TXN48597261,0
TXN19016381,1
TXN92223855,1
TXN43865345,0
TXN28218517,1
TXN20001649,1
TXN93498644,1
TXN65609830,0
TXN02071080,1
TXN73537382,0
TXN21441056,0
TXN01908085,0
TXN08452629,0
TXN84768549,1
TXN32975484,0
TXN62507993,1
TXN78933691,0
TXN11638586,1
TXN68094885,1
TXN81738444,1
TXN75096557,1
TXN01551452,0
TXN98195518,1
TXN49086237,0
TXN61976045,0
TXN06009935,1
TXN71958193,0
TXN23902990,0
TXN25331340,1
TXN54089248,0
TXN08442401,0
TXN82547200,1
TXN87504218,0
TXN71968221,0
TXN55124052,0
TXN50051149,1
TXN54997013,0
TXN91413726,1
TXN63085320,0
TXN68168541,1
TXN73479825,0
TXN96978703,0
TXN73888770,0
TXN02706121,1
TXN72620045,1
TXN42742737,1
TXN62484456,0
TXN47793153,0
TXN09114530,1
TXN57455042,1
TXN55428702,1
TXN66153532,0
TXN71852969,0
TXN85722731,0
TXN64324093,1
TXN59490819,1
TXN41089929,0
TXN06123150,1
TXN65746657,1
TXN51488255,1
TXN22789118,1
TXN22900594,1
TXN38170401,1
TXN07006181,0
TXN07677520,1
TXN90318309,0
TXN63663192,1
TXN87641447,0
TXN42163629,0
TXN25117144,0
TXN03384899,0
TXN56339681,1
TXN90219020,0
TXN01064805,0
TXN12460309,0
TXN80905321,1
TXN13949350,1
TXN44249192,0
TXN18181393,0
TXN15624954,0
TXN96562466,1
TXN59937434,0
TXN96438903,1
TXN65878787,0
TXN24215779,1
TXN99941946,1
TXN69847115,0
TXN00290026,0
TXN24307456,0
TXN85527280,0
TXN54435663,1
TXN14533741,0
TXN98778803,0
TXN51522010,0
TXN43973825,0
TXN60080903,0
TXN17101253,0
TXN86095792,0
TXN12906027,1
TXN14420376,1
TXN69448910,0
TXN33687663,0
TXN48991629,0
TXN01181119,1
TXN82039205,1
TXN99419760,1
TXN71201991,1
TXN93005391,1
TXN90531443,1
TXN57304415,1
TXN98802507,0
TXN00038996,1
TXN45731912,1
TXN45764606,1
TXN74272797,0
TXN07928407,1
TXN39516638,0
TXN60097090,1
TXN78162401,0
TXN98812671,1
TXN36969815,0
TXN82481211,1
TXN58972227,0
TXN49872121,0
TXN08271261,0
TXN69620365,1
TXN81026172,1
TXN43855623,0
TXN00058990,0
TXN47941893,0
TXN42780572,1
TXN98773435,0
TXN73766088,0
TXN49669896,0
TXN85292234,1
TXN63271510,1
TXN14225165,0
TXN23204489,0
TXN99510641,1
TXN64250758,0
TXN93058859,1
TXN07509279,1
TXN22179644,0
TXN48981940,0
TXN74046799,0
TXN88045707,1
TXN34605133,0
TXN15154662,0
TXN76415875,1
TXN67611560,1
TXN58899220,0
TXN40441209,0
TXN76356391,1
TXN91405471,1
TXN91351513,0
TXN81523199,1
TXN08324387,1
TXN12295787,1
TXN51239847,0
TXN23853060,1
TXN69294786,1
TXN02334517,1
TXN79472789,0
TXN87975113,0
TXN67907826,1
TXN82918277,0
TXN93874665,0
TXN76300461,1
TXN43631100,0
TXN24418984,1
TXN72890559,0
TXN22158843,0
TXN55433930,0
TXN66003449,1
TXN34761594,0
TXN35226285,1
TXN80861242,1
TXN41379250,1
TXN56906267,0
TXN27994608,0
TXN54892801,0
TXN46144992,0
TXN51540031,0
TXN19824481,1
TXN31272620,1
TXN19641062,1
TXN58064045,1
TXN60399887,0
TXN40661906,0
TXN49397658,1
TXN48746875,1
TXN88259580,0
TXN13377098,1
TXN60711798,0
TXN52998012,0
TXN10518532,1
TXN17964005,0
TXN10370085,1
TXN50997880,1
TXN34689372,1
TXN69232057,0
TXN39957866,0
TXN35348754,0
TXN22283559,0
TXN47455103,0
TXN61489706,1
TXN80347203,0
TXN25098676,1
TXN67889966,1
TXN92360235,0
TXN29903216,0
TXN65362892,0
TXN38414487,0
TXN24228365,1
TXN46168858,1
TXN85620377,1
TXN94931949,1
TXN41481500,1
TXN04817281,1
TXN30447671,0
TXN92548420,0
TXN26693188,1
TXN24423183,0
TXN84526533,0
TXN93042848,1
TXN67880240,1
TXN77680939,1
TXN75462065,1
TXN52620687,0
TXN46505047,1
TXN42917241,1
TXN88112724,1
TXN85306914,1
TXN29042718,0
TXN96476369,0
TXN25160446,0
TXN73532948,1
TXN95119464,0
TXN35052284,1
TXN99696458,1
TXN62254559,0
TXN59979175,1
TXN57793152,0
TXN95342385,0
TXN05168549,0
TXN89247898,0
TXN63793019,0
TXN06142737,0
TXN99373845,1
TXN72768924,0
TXN11932490,0
TXN43898013,1
TXN17798368,1
TXN77810126,1
TXN71582239,0
TXN27322516,0
TXN41384813,0
TXN40611944,0
TXN05095919,0
TXN51076132,0
TXN45845578,0
TXN39164500,1
TXN26052139,1
TXN45165840,0
TXN15185817,1
TXN42155374,1
TXN97414844,0
TXN25218501,1
TXN57459294,1
TXN94440309,1
TXN60663937,0
TXN98589296,1
TXN21758999,1
TXN80075302,1
TXN51893644,0
TXN93660115,0
TXN86627418,0
TXN22586345,0
TXN99771570,1
TXN47024383,1
TXN34249235,1
TXN90461138,1
TXN74833058,1
TXN75586272,1
TXN30852561,1
TXN84162650,0
TXN01156358,0
TXN38625690,0
TXN94298246,0
TXN13203884,0
TXN96115449,1
TXN65051181,1
TXN94606115,0
TXN86473983,0
TXN33531632,1
TXN32599050,1
TXN90310321,1
TXN90114330,0
TXN15741423,0
TXN53083755,0
TXN65948740,0
TXN41145211,0
TXN99733157,1
TXN00412253,0
TXN69864943,1
TXN93725900,0
TXN76952430,0
TXN26470939,1
TXN08592831,1
TXN03642385,0
TXN21511127,1
TXN23887213,1
TXN79260923,1
TXN80015526,0
TXN95977170,1
TXN79224692,0
TXN01606531,1
TXN33191497,1
TXN77195860,0
TXN66190479,0
TXN24342612,0
TXN10052175,0
TXN94253759,1
TXN25701310,0
TXN56117827,0
TXN00088534,1
TXN33412593,0
TXN54921952,0
TXN12477432,0
TXN92821892,1
TXN98301160,1
TXN44193939,0
TXN46317267,0
TXN05632137,1
TXN12647942,1
TXN57724381,0
TXN31411525,0
TXN52188433,0
TXN53007060,1
TXN15842226,1
TXN05822568,1
TXN05953549,0
TXN15346595,0
TXN54831541,0
TXN68727823,0
TXN77957120,0
TXN00226368,1
TXN87343385,1
TXN78360265,0
TXN44400133,0
TXN36509878,1
TXN81125421,1
TXN18336499,1
TXN92230364,0
TXN70283176,0
TXN05126300,1
TXN43011451,0
TXN65003466,0
TXN28871156,1
TXN28430230,0
TXN41234237,1
TXN93140826,1
TXN73421502,0
TXN14394949,1
TXN67369915,1
TXN22841356,1
TXN64297714,1
TXN50697313,1
TXN24583888,1
TXN57200042,1
TXN62423277,1
TXN17673761,0
TXN93864223,1
TXN11091187,0
TXN95552195,1
TXN22986829,1
TXN45170347,0
TXN29441730,1
TXN08799052,1
TXN44683192,1
TXN83366836,1
TXN83206596,1
TXN57533297,1
TXN95625622,0
TXN26369263,1
TXN22027077,0
TXN44565015,0
TXN52619225,1
TXN85690659,0
TXN84885795,1
TXN37714412,0
TXN69237774,0
TXN26748760,0
TXN33726970,1
TXN24445497,0
TXN14061682,0
TXN86609036,1
TXN44378688,0
TXN55663601,1
TXN88581933,1
TXN98329976,1
TXN36875472,1
TXN01707397,0
TXN24360998,1
TXN51692914,0
TXN17050270,0
TXN23862741,1
TXN16618067,0
TXN30461064,0
TXN42246959,0
TXN22918308,1
TXN12858434,0
TXN60918018,1
TXN42506354,0
TXN64000038,0
TXN05917608,1
TXN21112213,1
TXN93987544,1
TXN78996493,0
TXN15150660,0
TXN39352134,1
TXN06019565,0
TXN93204169,1
TXN65241683,1
TXN36148678,1
TXN06894964,0
TXN77214474,1
TXN74625551,1
TXN49243117,0
TXN83374188,0
TXN02673053,0
TXN89829492,0
TXN34467073,1
TXN22303384,0
TXN53877601,0
TXN57734856,0
TXN63585768,0
TXN68286231,0
TXN16134537,0
TXN68512747,0
TXN65794437,0
TXN26411744,0
TXN00304581,0
TXN93998983,0
TXN13173177,1
TXN39684185,1
TXN75422862,0
TXN99970083,0
TXN31420993,0
TXN56156454,0
TXN01547442,1
TXN34739771,0
TXN85008554,0
TXN40361235,0
TXN31122416,0
TXN95214878,0
TXN58337416,0
TXN99137627,0
TXN25412669,1
TXN40653330,0
TXN97232851,1
TXN16062119,0
TXN33761002,1
TXN77159300,0
TXN78196271,0
TXN79112059,1
TXN45083180,0
TXN80399769,0
TXN26693077,1
TXN05318138,1
TXN70743778,1
TXN90074766,0
TXN58666412,0
TXN62270389,0
TXN13826727,0
TXN78668322,1
TXN32773051,0
TXN10408060,0
TXN77787663,1
TXN75586963,0
TXN23779118,1
TXN90439369,1
TXN55652035,0
TXN65522897,0
TXN23391395,0
TXN47283124,1
TXN27966653,0
TXN45932996,0
TXN94573309,0
TXN61967471,0
TXN70717886,1
TXN74313050,1
TXN86290933,0
TXN82079384,0
TXN72203866,1
TXN97753474,0
TXN18590736,0
TXN89620934,1
TXN91068268,0
TXN00162452,1
TXN68042445,0
TXN59212062,1
TXN31864253,1
TXN21450196,0
TXN38394512,0
TXN60846162,1
TXN37336196,0
TXN60236562,0
TXN62899923,1
TXN61517417,0
TXN60697572,1
TXN72442358,1
TXN64345141,0
TXN20973413,1
TXN58206312,0
TXN94455027,0
TXN84162566,1
TXN13622608,0
TXN85497982,0
TXN00219456,1
TXN40650245,0
TXN45626722,1
TXN98688450,0
TXN94671089,1
TXN26495324,1
TXN04139061,0
TXN68279032,1
TXN35692819,1
TXN25852268,1
TXN52906659,0
TXN80347790,0
TXN07570266,1
TXN58496194,0
TXN43110429,0
TXN18443238,1
TXN15137648,0
TXN10757349,0
TXN34262963,1
TXN40701155,0
TXN62665059,0
TXN83808201,1
TXN78491279,0
TXN50177840,0
TXN61089533,1
TXN09174772,0
TXN32566360,1
TXN79589212,0
TXN47032199,0
TXN39741873,1
TXN62880902,1
TXN31812818,1
TXN49129191,1
TXN49462783,0
TXN47018963,0
TXN65262366,0
TXN36071807,0
TXN24257859,1
TXN71672429,0
TXN38831297,0
TXN53244199,0
TXN75517847,1
TXN69330818,0
TXN55411087,1
TXN51798272,1
TXN65561730,0
TXN26024179,0
TXN94474303,0
TXN02988150,1
TXN89539160,1
TXN49801040,0
TXN35987147,1
TXN01569803,1
TXN49136829,1
TXN44399511,1
TXN41442158,1
TXN18275303,0
TXN69885649,0
TXN89777213,1
TXN52017739,0
TXN77551876,1
TXN70331473,0
TXN86661529,1
TXN11941864,1
TXN73638510,1
TXN29432799,1
TXN24246552,0
TXN59123701,0
TXN87616172,0
TXN48947530,0
TXN59776540,1
TXN56817145,0
TXN33746042,1
TXN71920808,1
TXN93316101,0
TXN94052661,0
TXN74073551,1
TXN89300086,1
TXN30852307,0
TXN24929763,1
TXN98252606,1
TXN48852471,0
TXN89508200,1
TXN10899301,0
TXN06854248,0
TXN43979636,1
TXN41293906,1
TXN52022266,1
TXN45298851,0
TXN34161129,0
TXN72118744,1
TXN64963207,0
TXN96645215,1
TXN36457381,1
TXN52749988,1
TXN57519005,0
TXN53872821,0
TXN71037816,0
TXN16001103,1
TXN56429405,0
TXN96269906,0
TXN06914940,0
TXN66728524,0
TXN35031235,0
TXN68997748,0
TXN07744973,0
TXN13942410,0
TXN22030057,1
TXN95027926,0
TXN87389411,0
TXN57838227,1
TXN86288096,1
TXN06083585,0
TXN19317586,0
TXN15136257,1
TXN53065492,0
TXN05201826,1
TXN82653485,0
TXN51335328,0
TXN00585445,1
TXN72897179,0
TXN49428219,0
TXN26953706,0
TXN21217208,1
TXN97694215,1
TXN79469394,0
TXN98704755,1
TXN10058560,0
TXN34234437,1
TXN01500701,1
TXN52157108,0
TXN33082755,0
TXN98670751,0
TXN47196616,0
TXN79766768,1
TXN33975025,1
TXN27411559,0
TXN85819536,0
TXN40476487,1
TXN33613016,0
TXN33760163,1
TXN78135101,1
TXN58235442,0
TXN97943692,0
TXN50052945,1
TXN53955785,0
TXN97982078,0
TXN21922371,0
TXN93465043,0
TXN87401839,0
TXN28064501,0
TXN42941249,1
TXN57336145,1
TXN43285129,1
TXN84347302,0
TXN57074767,1
TXN42695649,1
TXN57904401,1
TXN45333905,0
TXN80921241,1
TXN55343349,1
TXN05815757,0
TXN34298877,1
TXN51742467,0
TXN23402955,0
TXN02918282,1
TXN86657305,1
TXN07971359,0
TXN48825607,0
TXN86178119,0
TXN78082189,1
TXN75990991,0
TXN51562115,1
TXN26576758,0
TXN17001529,0
TXN61061741,1
TXN72407070,1
TXN08327107,1
TXN99200545,0
TXN73593485,0
TXN31589166,1
TXN09816467,1
TXN08334730,0
TXN23460825,1
TXN31621588,0
TXN73172794,0
TXN34706472,1
TXN72941284,1
TXN55052164,0
TXN00307486,1
TXN97338151,1
TXN62954449,1
TXN28273807,0
TXN98578588,1
TXN81865968,0
TXN50040284,0
TXN71475375,1
TXN35969444,1
TXN63661046,0
TXN68809642,1
TXN68549445,0
TXN88469909,0
TXN04001294,1
TXN25267336,0
TXN38593512,0
TXN46211619,1
TXN52967597,1
TXN97484874,0
TXN45532634,0
TXN81523693,0
TXN04082623,0
TXN85891638,0
TXN14517298,0
TXN78320024,0
TXN88048707,1
TXN81142701,0
TXN23094523,1
TXN79900087,0
TXN93933728,1
TXN10509961,1
TXN37860298,1
TXN67215035,0
TXN93629453,1
TXN67290904,1
TXN70986839,1
TXN38243865,1
TXN25180008,1
TXN63178020,1
TXN73077673,1
TXN01892320,0
TXN25422716,0
TXN22180844,0
TXN70513431,0
TXN36468137,0
TXN59041630,0
TXN36865401,0
TXN52455702,1
TXN62883210,0
TXN48283570,1
TXN55154775,1
TXN14879062,0
TXN00642249,0
TXN82422918,1
TXN01170935,1
TXN41299300,0
TXN10131851,0
TXN04711452,0
TXN11851045,1
TXN01020734,1
TXN21074523,0
TXN13075122,0
TXN28983344,1
TXN85141064,1
TXN46448878,1
TXN43815687,0
TXN36422621,0
TXN67788076,1
TXN06372808,1
TXN76603319,0
TXN63243373,1
TXN82746734,1
TXN53015145,0
TXN49033622,0
TXN03262650,1
TXN91860968,0
TXN44363158,0
TXN27189196,0
TXN94532922,1
TXN08181009,0
TXN11784531,1
TXN10673278,1
TXN11096231,0
TXN25205563,1
TXN51449549,1
TXN28012794,0
TXN94657991,1
TXN59053689,1
TXN30608317,1
TXN05753598,0
TXN51103541,1
TXN89080177,0
TXN10238337,0
TXN38947799,1
TXN18493786,1
TXN09592196,1
TXN08920766,1
TXN50056260,0
TXN05916111,1
TXN74623754,1
TXN80401151,0
TXN21743496,0
TXN21205830,0
TXN09347545,1
TXN39090390,1
TXN95157882,1
TXN26944964,1
TXN10293634,0
TXN17488020,0
TXN51767591,0
TXN98156840,1
TXN82002364,1
TXN55371513,0
TXN58036767,0
TXN02265010,0
TXN57350086,1
TXN17078555,1
TXN44574770,0
TXN21778421,0
TXN93717484,1
TXN24018875,0
TXN17091291,1
TXN68957141,0
TXN18604873,0
TXN27975022,0
TXN49538387,0
TXN71343043,1
TXN76252443,1
TXN30769435,0
TXN27119895,1
TXN63638453,1
TXN43831185,0
TXN84326643,1
TXN97078268,1
TXN57717348,1
TXN54507866,1
TXN16881499,1
TXN33564100,1
TXN47649770,1
TXN85811380,0
TXN66402780,0
TXN11425447,0
TXN07946898,1
TXN80794675,0
TXN23479192,0
TXN61259328,1
TXN13132506,0
TXN85713767,1
TXN55582862,1
TXN43534037,0
TXN00604895,0
TXN79737453,1
TXN95947759,1
TXN29569328,1
TXN42237708,0
TXN22842804,1
TXN19764886,0
TXN10443539,1
TXN86477392,1
TXN97646450,1
TXN90247215,0
TXN30149274,0
TXN96665097,1
TXN53085026,0
TXN78049798,0
TXN31136079,0
TXN78364296,1
TXN42944683,1
TXN69922323,1
TXN74461862,0
TXN89839402,0
TXN85482898,0
TXN48950748,1
TXN03528553,0
TXN75066313,1
TXN63384754,0
TXN23221751,1
TXN62646810,0
TXN99563756,1
TXN06488662,0
TXN25507534,1
TXN36311002,1
TXN27756975,0
TXN20644835,0
TXN27143182,0
TXN63910343,0
TXN14134569,0
TXN34631751,1
TXN91282636,0
TXN47287870,0
TXN00117680,1
TXN65117092,1
TXN51224102,1
TXN76734056,1
TXN88216692,0
TXN80925528,1
TXN34228087,1
TXN89614146,0
TXN80881206,0
TXN67247267,0
TXN44977142,1
TXN34039575,0
TXN45695323,0
TXN39222483,1
TXN76481137,0
TXN28127573,0
TXN46033343,1
TXN33551783,1
TXN34877282,0
TXN59956552,0
TXN88676185,0
TXN47735122,0
TXN90951118,0
TXN93860911,0
TXN11316219,1
TXN54732602,1
TXN42859674,0
TXN95248077,0
TXN70803197,1
TXN83088147,1
TXN09228574,1
TXN20969791,0
TXN96844066,1
TXN52338439,1
TXN67590895,1
TXN07912797,1
TXN03721447,0
TXN23677382,1
TXN97960717,1
TXN11795416,1
TXN63670684,0
TXN37904841,1
TXN68207910,0
TXN23506979,1
TXN09984260,1
TXN20212346,1
TXN02469918,1
TXN34603321,1
TXN06422909,0
TXN17116428,0
TXN65758106,0
TXN89046036,0
TXN31617007,1
TXN08764744,1
TXN46219701,1
TXN12408221,0
TXN86053194,0
TXN56273192,0
TXN69880503,0
TXN89432896,1
TXN95480210,0
TXN08669197,0
TXN36031477,0
TXN69873563,0
TXN79063469,0
TXN22105516,0
TXN94406076,1
TXN39528082,0
TXN19184432,1
TXN47309978,1
TXN09598944,1
TXN44928383,0
TXN87171872,0
TXN00720488,0
TXN61354978,1
TXN73539521,1
TXN65948721,0
TXN03273269,1
TXN82431995,1
TXN57396976,0
TXN21122818,0
TXN09344232,0
TXN05444657,0
TXN35930864,0
TXN32708955,1
TXN92815751,0
TXN10868422,0
TXN33220064,1
TXN93656605,1
TXN67951005,1
TXN43480913,1
TXN01017201,0
TXN68994753,1
TXN08584280,0
TXN75476582,1
TXN63612931,1
TXN12786751,0
TXN10138675,1
TXN50266737,1
TXN74028560,0
TXN95238416,1
TXN99543353,0
TXN86418731,1
TXN46129804,0
TXN41614508,0
TXN93936857,1
TXN19607718,0
TXN60233288,0
TXN71979111,0
TXN81300685,1
TXN36146357,0
TXN72859928,1
TXN43138009,1
TXN66519452,1
TXN09738191,0
TXN23406422,1
TXN53807057,0
TXN82083867,0
TXN40483240,1
TXN57122702,0
TXN99380011,0
TXN93443076,1
TXN45598855,0
TXN62374284,0
TXN90377619,1
TXN12806987,0
TXN61356426,1
TXN75820159,1
TXN38615811,1
TXN30149539,1
TXN61880687,1
TXN90627246,1
TXN68245697,1
TXN16040343,0
TXN00085250,0
TXN80691467,0
TXN53900120,0
TXN90437845,0
TXN75968699,1
TXN71445223,1
TXN57282949,0
TXN30465151,1
TXN22273066,1
TXN95736345,1
TXN85842021,1
TXN88244869,1
TXN88060365,0
TXN93093144,1
TXN32190992,1
TXN28178005,1
TXN51880335,0
TXN29540785,1
TXN91204288,1
TXN72347617,1
TXN75102592,0
TXN03184666,0
TXN74940563,0
TXN94610646,1
TXN07621623,1
TXN50575210,1
TXN94815140,1
TXN19670267,0
TXN30895356,0
TXN59875939,0
TXN46392046,1
TXN27194439,1
TXN33959739,0
TXN52005935,0
TXN37369181,1
TXN34700572,1
TXN63711554,1
TXN86857209,0
TXN87303162,1
TXN36647340,1
TXN09315309,0
TXN10087101,0
TXN56546714,1
TXN67341793,0
TXN92919097,0
TXN14894937,0
TXN12085365,0
TXN11145964,1
TXN52226475,0
TXN67159321,0
TXN55514317,0
TXN05959790,0
TXN37321704,1
TXN65222900,0
TXN04753958,1
TXN77970491,1
TXN47134157,1
TXN73753230,0
TXN05985836,0
TXN59387177,1
TXN35203055,0
TXN07941421,1
TXN04908614,0
TXN35728189,0
TXN12612662,0
TXN04162377,0
TXN17961181,1
TXN20521051,1
TXN57644842,1
TXN15636564,1
TXN83719584,0
TXN12205475,1
TXN50659337,1
TXN79113878,1
TXN01842745,0
TXN22258213,0
TXN55126585,1
TXN25360562,0
TXN47910451,1
TXN80793284,1
TXN46449164,1
TXN92343478,0
TXN44650221,0
TXN13143345,1
TXN02616409,0
TXN50393522,0
TXN08589440,1
TXN08070303,1
TXN88223809,0
TXN52654373,1
TXN39806838,1
TXN86175271,0
TXN38215240,0
TXN60541088,0
TXN56157942,1
TXN72232328,1
TXN42189345,0
TXN55564214,0
TXN26737104,0
TXN70675347,1
TXN22448181,0
TXN40459702,1
TXN15416734,1
TXN64936019,0
TXN34300364,1
TXN75408903,0
TXN70735569,0
TXN28494110,1
TXN72726917,1
TXN54732764,1
TXN65646719,0
TXN58290487,0
TXN99479316,1
TXN44289730,0
TXN28278995,1
TXN45023622,1
TXN99587601,0
TXN03214143,0
TXN71964465,1
TXN39901279,0
TXN47872218,1
TXN52032418,1
TXN20484544,0
TXN20822747,0
TXN51960482,1
TXN84232362,1
TXN11969306,0
TXN92011664,1
TXN47249134,1
TXN67996591,1
TXN09368990,0
TXN79709377,0
TXN65650979,1
TXN92696674,0
TXN75506680,0
TXN18772493,1
TXN87153446,1
TXN29675857,0
TXN38388302,1
TXN69165490,0
TXN28919395,1
TXN29142117,0
TXN09065846,0
TXN77599817,0
TXN81982766,0
TXN99678389,1
TXN94106595,0
TXN15689644,0
TXN09435267,1
TXN02958734,1
TXN84501657,0
TXN43747183,0
TXN62692723,0
TXN04877469,1
TXN67992398,1
TXN03492052,0
TXN10944390,0
TXN59312128,0
TXN75793803,0
TXN43774839,0
TXN37251086,1
TXN43809731,1
TXN48110815,0
TXN42166366,1
TXN26640988,0
TXN46592572,1
TXN98686691,1
TXN49076050,1
TXN69987100,0
TXN79898044,1
TXN48437923,0
TXN34086863,0
TXN12711633,0
TXN61078289,1
TXN42625733,0
TXN86002377,1
TXN32902992,0
TXN33386359,0
TXN98989780,1
TXN94745533,0
TXN36528022,1
TXN32418500,1
TXN50386002,0
TXN30177498,1
TXN94815492,1
TXN53681345,0
TXN60597440,0
TXN13008791,0
TXN00679240,1
TXN36329569,0
TXN95890442,0
TXN79585532,0
TXN62341270,0
TXN51166707,0
TXN95111769,0
TXN79553026,0
TXN88908078,0
TXN76183092,1
TXN56441643,0
TXN26034439,1
TXN62228125,0
TXN14621446,0
TXN34963448,0
TXN39704811,1
TXN17900030,0
TXN36874342,1
TXN38564751,0
TXN09364902,0
TXN33751767,0
TXN41627993,1
TXN00931631,0
TXN08968170,1
TXN41736532,1
TXN23732004,1
TXN07144927,1
TXN95123929,0
TXN99354092,0
TXN62160895,1
TXN98456746,1
TXN82475108,1
TXN84595858,0
TXN90063014,1
TXN81145171,0
TXN20146807,0
TXN17998540,1
TXN95939385,1
TXN73600047,1
TXN20482076,0
TXN61343428,0
TXN54332337,1
TXN97336622,0
TXN81866777,1
TXN23721920,0
TXN76560095,0
TXN35416691,1
TXN07129703,0
TXN54193120,0
TXN17955694,0
TXN30835720,1
TXN88404833,0
TXN93600975,0
TXN51592046,0
TXN82558738,1
TXN66099808,1
TXN68498187,0
TXN93970467,0
TXN46914372,1
TXN38624065,1
TXN87902971,1
TXN00557289,1
TXN30892331,0
TXN43918046,0
TXN71339407,0
TXN83558509,0
TXN61315858,0
TXN13506661,1
TXN15654593,1
TXN16868188,0
TXN80762296,0
TXN26871552,1
TXN91186622,0
TXN33773434,0
TXN29423626,1
TXN58713121,1
TXN76381463,0
TXN29106756,0
TXN10699767,0
TXN29255328,1
TXN52354675,1
TXN91303344,1
TXN09745195,1
TXN00581294,1
TXN82081847,1
TXN69161414,1
TXN12811652,1
TXN65077090,1
TXN63615710,0
TXN56214782,0
TXN48032500,0
TXN51342228,0
TXN52325443,1
TXN11601870,0
TXN67504575,0
TXN46052500,0
TXN06525099,1
TXN02544707,1
TXN85730909,1
TXN10188756,0
TXN50328100,1
TXN83867426,1
TXN72254804,1
TXN87563102,0
TXN28771180,1
TXN02822902,0
TXN57911384,0
TXN02378608,1
TXN55054792,0
TXN72429572,0
TXN96919893,1
TXN39772239,0
TXN15277077,1
TXN47639320,0
TXN47833242,0
TXN41118323,0
TXN24785303,0
TXN89130789,1
TXN76182215,1
TXN76695739,1
TXN11216974,0
TXN37510532,0
TXN86016755,0
TXN74285230,1
TXN98199116,0
TXN78145802,1
TXN52221978,1
TXN45888030,0
TXN81555590,0
TXN78887342,1
TXN43642202,0
TXN21808178,1
TXN31951636,0
TXN53655960,1
TXN62537255,0
TXN04743126,1
TXN94575661,0
TXN15078550,0
TXN93631242,0
TXN02027504,1
TXN80819382,1
TXN15131525,1
TXN72004169,0
TXN22953201,0
TXN76014024,0
TXN30273993,0
TXN66496723,1
TXN88788361,1
TXN20201345,1
TXN31906064,1
TXN85181665,1
TXN66678201,0
TXN43550859,0
TXN28571625,1
TXN38021582,0
TXN72041072,1
TXN06579218,1
TXN37855928,1
TXN68259525,0
TXN72204385,0
TXN09099005,1
TXN03040492,0
TXN54922062,0
TXN45322648,0
TXN74145705,1
TXN33408499,0
TXN24027529,1
TXN18593408,0
TXN44598815,0
TXN39999524,0
TXN57589794,0
TXN25997255,1
TXN20951111,1
TXN44011401,0
TXN09155389,0
TXN64257825,1
TXN23713709,1
TXN06903486,0
TXN64533143,0
TXN37849700,0
TXN86695412,0
TXN67136892,0
TXN65230692,1
TXN60494762,1
TXN43426969,1
TXN30423276,1
TXN93585300,1
TXN86770701,0
TXN68091146,1
TXN39441471,0
TXN86196626,0
TXN02088958,0
TXN62796983,1
TXN01343779,0
TXN46029640,0
TXN58227584,1
TXN44159846,1
TXN34268444,0
TXN49616928,0
TXN66014703,1
TXN04353730,0
TXN10802044,0
TXN74207331,0
TXN21104380,0
TXN32689457,0
TXN52504970,1
TXN22117457,1
TXN97252901,0
TXN51706491,1
TXN05963080,0
TXN58540951,1
TXN53333813,1
TXN55925758,1
TXN71841298,1
TXN78426331,0
TXN57011782,0
TXN35797478,1
TXN24973308,0
TXN77960853,1
TXN81183852,1
TXN65493261,1
TXN25411777,1
TXN50968923,0
TXN32986541,1
TXN94286286,0
TXN24420877,0
TXN70221709,0
TXN06305962,1
TXN82130837,0
TXN03627324,1
TXN53375421,0
TXN35016296,0
TXN13860537,1
TXN79994954,1
TXN09244068,0
TXN06237100,0
TXN79461421,1
TXN58274008,1
TXN79426352,1
TXN31004923,1
TXN22870346,0
TXN43681561,0
TXN10841741,1
TXN67142920,1
TXN49082839,0
TXN40509076,1
TXN74565821,0
TXN63170020,0
TXN02120054,0
TXN68877286,1
TXN40365886,1
TXN95497724,1
TXN86451572,1
TXN04614171,0
TXN25827555,1
TXN02457759,0
TXN07159050,0
TXN27481298,1
TXN64269609,0
TXN27387923,1
TXN45188001,0
TXN52077936,0
TXN92429090,0
TXN73234873,0
TXN67783987,0
TXN37108981,1
TXN78267899,1
TXN87503165,1
TXN12733544,1
TXN26841291,1
TXN32445423,1
TXN81265706,0
TXN65551633,1
TXN76208710,0
TXN85404266,0
TXN30611224,0
TXN60126643,1
TXN10982922,0
TXN04901782,1
TXN42401054,0
TXN15367031,1
TXN24668479,1
TXN89007790,0
TXN48867535,0
TXN58544018,1
TXN91898405,0
TXN90581847,1
TXN16444799,1
TXN33001985,0
TXN97063009,1
TXN54772259,1
TXN40387741,1
TXN00110963,1
TXN52785284,0
TXN54669273,1
TXN20633485,1
TXN33768555,0
TXN64540480,0
TXN41080015,1
TXN48077975,1
TXN85001029,0
TXN72106974,1
TXN91195066,1
TXN29076965,1
TXN53565753,0
TXN31300911,0
TXN44155012,1
TXN20494489,1
TXN65133460,1
TXN80145057,1
TXN74085486,0
TXN55605705,0
TXN61892211,0
TXN13314333,0
TXN79486317,0
TXN21077326,1
TXN52926268,0
TXN89012120,1
TXN43689144,0
TXN23464371,1
TXN52393337,1
TXN91720887,1
TXN85977300,1
TXN54273638,0
TXN86769049,0
TXN24409913,0
TXN64482880,1
TXN00656450,1
TXN36098032,0
TXN17367899,0
TXN59442167,0
TXN80367712,1
TXN59667573,1
TXN20188037,0
TXN54724293,0
TXN46199393,0
TXN04907622,0
TXN77264787,1
TXN54524507,0
TXN92743259,0
TXN20933618,1
TXN24096246,0
TXN77103786,0
TXN23273804,0
TXN45407289,0
TXN64539033,1
TXN21714367,1
TXN25911643,1
TXN20479595,0
TXN36012682,1
TXN68612752,1
TXN95266275,1
TXN77850043,1
TXN23646707,0
TXN40122697,1
TXN31657987,1
TXN20773307,0
TXN76669994,1
TXN50359221,1
TXN84352801,1
TXN24361583,1
TXN94849159,0
TXN87624956,1
TXN59468234,1
TXN58774146,0
TXN57860635,1
TXN68525415,1
TXN54592166,0
TXN69263497,1
TXN23967717,1
TXN04233822,0
TXN40907805,0
TXN63040808,1
TXN22896854,1
TXN60116563,0
TXN99130014,0
TXN87968693,1
TXN01152537,0
TXN59867278,0
TXN93177525,0
TXN90536427,1
TXN99877938,0
TXN75045882,1
TXN95369882,0
TXN05855512,1
TXN21473772,1
TXN25592498,0
TXN49293174,1
TXN14894924,1
TXN80698612,1
TXN28021073,0
TXN56550840,0
TXN98479757,1
TXN96616892,0
TXN18516543,1
TXN29713770,1
TXN91193369,0
TXN62408386,0
TXN61911220,0
TXN03999764,1
TXN66032169,1
TXN90900743,0
TXN28226313,0
TXN29224052,1
TXN00029772,1
TXN48901824,1
TXN33623806,0
TXN98853469,1
TXN85284051,0
TXN18223504,1
TXN63916711,0
TXN36457005,0
TXN09427603,0
TXN19718318,1
TXN43795515,1
TXN11434155,0
TXN25881896,1
TXN19021591,1
TXN70198848,0
TXN09827671,1
TXN42640396,1
TXN22048900,1
TXN51810049,1
TXN96650337,0
TXN13217759,1
TXN67749700,1
TXN41021215,1
TXN23825162,1
TXN84316904,1
TXN26502908,1
TXN30551392,1
TXN83370754,1
TXN17664462,0
TXN44585555,0
TXN04657148,1
TXN29598949,0
TXN16495784,0
TXN44317404,0
TXN65425117,1
TXN13682985,0
TXN31511142,0
TXN48354879,1
TXN74627021,0
TXN39117829,1
TXN54870454,1
TXN97377896,1
TXN04718444,1
TXN14950147,0
TXN54447849,1
TXN37562303,1
TXN53397150,1
TXN12011048,1
TXN29383868,1
TXN41532552,0
TXN46914033,1
TXN64237137,1
TXN57063426,0
TXN52555238,0
TXN17364288,0
TXN47387111,0
TXN92881084,1
TXN88642099,1
TXN02712539,0
TXN08821840,0
TXN29349946,1
TXN99268181,0
TXN53073312,1
TXN33764638,0
TXN96358370,1
TXN25872121,1
TXN00022844,1
TXN59181731,1
TXN24813163,0
TXN96746542,1
TXN56544723,0
TXN99197059,0
TXN07941379,1
TXN97575486,1
TXN56976363,1
TXN12806507,1
TXN95810735,1
TXN65234019,1
TXN25845135,1
TXN21249939,0
TXN05518123,1
TXN90907589,0
TXN44043772,0
TXN95122820,1
TXN42730606,1
TXN21817846,0
TXN26017180,0
TXN21551409,0
TXN48506469,1
TXN28391884,1
TXN66208540,1
TXN27325404,0
TXN86432404,0
TXN72237007,0
TXN05579623,0
TXN00306714,0
TXN21257356,0
TXN36693858,0
TXN08894044,1
TXN36310916,0
TXN51161543,1
TXN76251419,1
TXN38984126,1
TXN93587373,0
TXN88313095,1
TXN24305399,1
TXN74921364,0
TXN72866058,0
TXN48911991,0
TXN81439164,0
TXN42335010,0
TXN96350970,1
TXN11326145,1
TXN31098262,0
TXN52692839,0
TXN72217619,1
TXN72337251,1
TXN82056705,0
TXN61737822,1
TXN55867175,1
TXN19063315,0
TXN48034727,0
TXN15539024,1
TXN00068963,0
TXN75174050,1
TXN05782750,0
TXN03667372,1
TXN11628590,0
TXN20669816,1
TXN65169181,0
TXN11114590,1
TXN02060928,0
TXN51013989,1
TXN60099288,1
TXN59458530,0
TXN52064741,0
TXN76059708,0
TXN14869521,0
TXN58357394,1
TXN15678767,0
TXN32384034,1
TXN22518580,0
TXN02328681,1
TXN73583193,0
TXN63702005,0
TXN58599172,0
TXN04255220,0
TXN56278380,1
TXN98419293,1
TXN36560291,0
TXN15896705,0
TXN60425733,0
TXN46992145,1
TXN05040034,0
TXN73589383,1
TXN90682320,1
TXN10358684,0
TXN63277160,0
TXN99393309,0
TXN67259365,1
TXN00869902,0
TXN06642900,1
TXN67402517,0
TXN78664391,1
TXN42304350,1
TXN49605641,1
TXN51845642,1
TXN85956464,0
TXN58181889,1
TXN63648789,1
TXN35515521,0
TXN50729437,1
TXN01068912,1
TXN56297797,0
TXN99260905,0
TXN75722424,1
TXN10425880,1
TXN94819525,0
TXN72127012,0
TXN14782752,1
TXN47576406,1
TXN88642633,0
TXN33201440,0
TXN92672232,1
TXN08862330,1
TXN45491939,1
TXN75802591,1
TXN83499425,1
TXN15894103,0
TXN37475653,0
TXN14606368,1
TXN60945789,1
TXN76765670,1
TXN51743369,0
TXN32387565,1
TXN85538519,1
TXN82040127,1
TXN25191132,1
TXN49965087,0
TXN85449663,1
TXN13326442,1
TXN19261811,0
TXN85055142,0
TXN25065515,1
TXN63252930,1
TXN08656950,1
TXN44674399,0
TXN83341798,0
TXN14852478,0
TXN69224112,1
TXN04893162,1
TXN66157661,0
TXN67449176,0
TXN22023120,0
TXN44630535,0
TXN90237020,0
TXN56909321,1
TXN69481309,0
TXN91150818,1
TXN66994503,1
TXN50406683,0
TXN35224307,0
TXN49110391,1
TXN11642966,0
TXN83132606,0
TXN86000944,1
TXN39764362,0
TXN58841211,1
TXN85125234,1
TXN34647231,1
TXN87450554,1
TXN75767267,0
TXN58610030,1
TXN43867752,1
TXN85960380,0
TXN87845116,1
TXN14318539,0
TXN26448697,0
TXN79267449,1
TXN17173398,1
TXN36691395,1
TXN22352508,1
TXN72256967,0
TXN18850271,1
TXN84933084,0
TXN00078348,1
TXN36713723,1
TXN62034897,0
TXN32485628,0
TXN27718133,1
TXN11627626,1
TXN73562609,0
TXN25915060,0
TXN97853333,1
TXN52585588,1
TXN07722459,0
TXN80110221,1
TXN48168617,0
TXN04010712,1
TXN96994798,0
TXN53091154,1
TXN72879316,0
TXN12885612,0
TXN11364386,0
TXN80838073,0
TXN38949938,1
TXN45491732,1
TXN01293121,0
TXN34724951,1
TXN40469431,1
TXN03276998,0
TXN24930892,1
TXN02940833,0
TXN51606786,0
TXN49528560,0
TXN16620589,1
TXN77206812,0
TXN36431408,0
TXN58603850,0
TXN13285911,1
TXN30404586,0
TXN34024601,0
TXN09789271,1
TXN66019024,1
TXN88544463,1
TXN24974048,0
TXN52749376,0
TXN28181335,1
TXN95669816,0
TXN50825921,1
TXN28544923,1
TXN77185915,1
TXN97469887,0
TXN87953548,1
TXN04794684,0
TXN67992988,1
TXN14350003,0
TXN48730324,1
TXN22456659,1
TXN18953345,0
TXN26967676,1
TXN17592028,1
TXN27634047,1
TXN50723732,0
TXN77314257,0
TXN73725381,0
TXN62416135,0
TXN69093534,0
TXN49324290,1
TXN04872746,0
TXN10529494,0
TXN64068186,1
TXN48633192,1
TXN89408157,0
TXN49165363,0
TXN73465224,0
TXN62934612,1
TXN82895513,1
TXN75488389,0
TXN86320711,1
TXN49890481,1
TXN42558890,0
TXN10788533,0
TXN75537891,0
TXN83167882,1
TXN60122397,1
TXN66482127,1
TXN53105873,0
TXN64906652,0
TXN31032612,1
TXN58004206,1
TXN23521265,0
TXN36131132,0
TXN14307407,0
TXN37900683,0
TXN83796256,0
TXN59321723,1
TXN05018250,0
TXN16759325,0
TXN06710863,0
TXN13142341,1
TXN14707221,0
TXN58859774,0
TXN77375155,1
TXN53968345,0
TXN52038284,1
TXN09508938,1
TXN88413649,0
TXN88484844,0
TXN72822726,1
TXN70963292,1
TXN45564149,1
TXN56434941,1
TXN10177084,0
TXN17027194,0
TXN35366178,0
TXN89616396,1
TXN98278320,0
TXN75593556,1
TXN09649318,0
TXN91588234,0
TXN55511163,0
TXN28799348,1
TXN42223348,1
TXN91834428,0
TXN34671289,0
TXN80078195,0
TXN56880225,0
TXN23581896,1
TXN25738979,0
TXN60227796,1
TXN56611985,0
TXN40201141,1
TXN29007143,0
TXN35903307,1
TXN20889471,1
TXN54952094,0
TXN76349442,0
TXN81815219,1
TXN07196015,1
TXN18761323,1
TXN65060773,1
TXN73986660,0
TXN85990474,1
TXN43411781,0
TXN55963876,0
TXN50836637,1
TXN21840667,1
TXN79225516,1
TXN68290813,1
TXN67220750,1
TXN30459058,0
TXN38654526,0
TXN98713374,1
TXN54132161,0
TXN45813422,1
TXN44147437,0
TXN01674107,1
TXN20950310,0
TXN28092079,1
TXN26166472,1
TXN78276981,1
TXN68724955,0
TXN29230397,1
TXN63239128,1
TXN16048714,1
TXN97445153,0
TXN76045331,0
TXN28819475,1
TXN70720896,1
TXN66610595,1
TXN37883490,0
TXN38055099,1
TXN69713647,0
TXN82859332,0
TXN92601755,1
TXN63636023,1
TXN75215693,0
TXN32741363,1
TXN16294004,0
TXN56306795,0
TXN45134101,0
TXN06715600,0
TXN34673437,1
TXN13603032,0
TXN89442725,1
TXN70596644,1
TXN70583375,0
TXN82139013,1
TXN30084562,1
TXN88200302,1
TXN39092428,1
TXN78625810,1
TXN26179899,1
TXN60835018,0
TXN62875173,0
TXN17616900,1
TXN98236722,0
TXN26159969,1
TXN76793911,1
TXN44562014,1
TXN36023612,0
TXN42837428,0
TXN50207060,0
TXN45013140,0
TXN12810305,0
TXN56510776,0
TXN30460506,1
TXN64928615,1
TXN62231379,0
TXN29823749,1
TXN42772800,0
TXN48720474,0
TXN08879157,0
TXN96518034,0
TXN80203233,1
TXN30858088,0
TXN91300809,1
TXN54586848,0
TXN92154352,1
TXN55000157,0
TXN68083584,1
TXN14479965,0
TXN88192939,0
TXN80590177,0
TXN72556556,0
TXN68610892,1
TXN61567833,0
TXN03252274,1
TXN61704679,0
TXN62123416,0
TXN08188180,1
TXN40101960,0
TXN04578928,1
TXN11200716,0
TXN67509395,1
TXN28494435,1
TXN19769946,0
TXN26149949,1
TXN58605328,1
TXN08236274,0
TXN22305536,0
TXN32424918,1
TXN19860268,1
TXN21627911,1
TXN90814513,0
TXN22893111,0
TXN99797026,0
TXN49023656,1
TXN52295011,0
TXN71882806,0
TXN08121542,0
TXN76018897,1
TXN68099013,0
TXN65696291,1
TXN19976124,1
TXN71604480,0
TXN78328549,1
TXN38375930,0
TXN17260096,0
TXN45022341,0
TXN92802458,0
TXN34595663,0
TXN10015837,0
TXN01973031,1
TXN41193333,1
TXN25262356,1
TXN26839768,1
TXN73204008,1
TXN32823243,0
TXN23913481,0
TXN66104160,1
TXN17871746,1
TXN76783358,1
TXN66980691,1
TXN02200278,0
TXN05461271,1
TXN57798130,1
TXN32532078,0
TXN35433459,1
TXN33586667,1
TXN05776812,1
TXN02125399,0
TXN03493352,0
TXN49407815,0
TXN69666220,0
TXN39579065,0
TXN86406123,0
TXN20741279,1
TXN08777786,1
TXN29628583,1
TXN98116454,1
TXN19856329,1
TXN57455231,1
TXN68953593,1
TXN03206082,1
TXN85275461,0
TXN32260893,0
TXN28992769,0
TXN60693900,0
TXN45782503,1
TXN84744773,0
TXN07155599,1
TXN11274768,0
TXN52187659,1
TXN71034572,0
TXN49445311,1
TXN16003928,0
TXN89356689,1
TXN03514712,0
TXN95203218,0
TXN30410933,1
TXN27855533,1
TXN81567884,1
TXN02177627,0
TXN16281656,0
TXN87452508,0
TXN28429354,1
TXN32700349,0
TXN86445240,1
TXN04789969,1
TXN92413810,0
TXN77226093,1
TXN42933252,0
TXN93448038,0
TXN80169109,1
TXN85565316,1
TXN86484345,1
TXN82779573,0
TXN70761341,1
TXN19415716,0
TXN35580930,0
TXN25575304,0
TXN35697767,1
TXN52254535,1
TXN79572047,0
TXN78942104,0
TXN25721733,0
TXN94781608,0
TXN68225908,0
TXN94156713,1
TXN53208872,0
TXN73576382,0
TXN57578384,1
TXN02814213,1
TXN24961714,0
TXN56336598,0
TXN01996819,1
TXN64196025,0
TXN14826034,0
TXN35161405,1
TXN85186346,1
TXN98770810,1
TXN34752641,0
TXN42748615,0
TXN97096749,0
TXN94047144,1
TXN21870113,0
TXN37296668,1
TXN34420343,0
TXN47493407,0
TXN56680584,0
TXN54035513,1
TXN69011965,1
TXN48177329,1
TXN40132847,1
TXN54480161,0
TXN28953930,0
TXN12805668,0
TXN47060061,1
TXN61866475,0
TXN23179865,0
TXN97491396,1
TXN21965886,0
TXN62027630,0
TXN19212059,0
TXN32591315,1
TXN03883401,1
TXN51883962,1
TXN77649413,1
TXN54699607,1
TXN52208051,1
TXN60225061,0
TXN05950552,0
TXN89009917,1
TXN68485885,1
TXN91802212,1
TXN15984885,0
TXN53906165,1
TXN28930110,1
TXN80084901,1
TXN28754541,1
TXN45900775,1
TXN41210875,1
TXN08803848,0
TXN23223677,1
TXN65444814,1
TXN44154287,1
TXN08876061,0
TXN59117205,0
TXN24926322,1
TXN20300650,1
TXN10813050,1
TXN39924644,1
TXN07628231,0
TXN21958163,0
TXN01243720,0
TXN17889550,1
TXN12399503,1
TXN90479920,1
TXN64444631,0
TXN84165793,1
TXN73554258,1
TXN13013626,0
TXN37650640,1
TXN53383408,0
TXN05258115,0
TXN81986077,0
TXN16669787,0
TXN02530186,0
TXN43015954,1
TXN74006383,0
TXN84828469,0
TXN82629820,1
TXN60516876,1
TXN04918429,1
TXN02067486,0
TXN19471122,1
TXN67272842,0
TXN59655882,1
TXN95565962,0
TXN95869037,1
TXN90723791,0
TXN99935017,1
TXN59062069,0
TXN54320447,1
TXN16679314,0
TXN12961566,1
TXN98532349,0
TXN66618626,0
TXN03243859,0
TXN23191153,1
TXN26123068,1
TXN68484896,1
TXN10170824,1
TXN43832657,0
TXN20877956,0
TXN70492048,0
TXN56680129,1
TXN37328307,1
TXN21070497,0
TXN63711286,1
TXN12790361,1
TXN95733859,0
TXN17467226,1
TXN16338016,1
TXN89989605,0
TXN34986399,1
TXN58388793,1
TXN73681998,0
TXN33092127,1
TXN51631475,0
TXN19255886,0
TXN53788091,1
TXN06076475,0
TXN44615819,1
TXN20337432,0
TXN62692702,1
TXN13282931,1
TXN97415265,0
TXN32595318,0
TXN91436036,0
TXN63600249,0
TXN70095711,0
TXN83016591,1
TXN67415902,0
TXN33269085,0
TXN83694447,0
TXN94166370,0
TXN79992892,0
TXN02397220,1
TXN05742345,1
TXN54889200,0
TXN12943633,1
TXN12975701,0
TXN04388665,1
TXN77316964,1
TXN03603972,1
TXN77263222,0
TXN97203387,0
TXN78766720,1
TXN91097751,0
TXN97507873,0
TXN24215537,1
TXN05165994,0
TXN35103403,1
TXN91826958,0
TXN24266642,1
TXN06887727,1
TXN27832202,0
TXN58648768,1
TXN99523328,0
TXN08470972,1
TXN97097720,0
TXN97298161,1
TXN96766760,1
TXN06247887,1
TXN40047234,1
TXN75366439,0
TXN00710629,1
TXN10657617,1
TXN92976020,1
TXN46272377,0
TXN47906887,1
TXN97617991,1
TXN36988827,1
TXN28384279,1
TXN29669430,0
TXN15766087,1
TXN80967908,1
TXN42714353,1
TXN60108269,0
TXN67892896,0
TXN17993871,0
TXN75700233,0
TXN77902413,0
TXN98914225,1
TXN51963091,1
TXN51074918,1
TXN10971053,1
TXN05455978,0
TXN53853571,0
TXN22836000,0
TXN37969762,1
TXN59053322,1
TXN91402105,0
TXN01075010,0
TXN16635235,0
TXN92333511,0
TXN29019160,1
TXN37746822,0
TXN78245608,1
TXN93390474,0
TXN25961647,0
TXN52740842,0
TXN02898304,1
TXN29643106,0
TXN31058646,1
TXN63043673,0
TXN50166414,1
TXN34912741,1
TXN87182380,1
TXN97693308,1
TXN11761773,1
TXN76420848,0
TXN38480770,1
TXN06355329,0
TXN39715638,1
TXN92115367,0
TXN29136820,0
TXN86186199,1
TXN54659881,1
TXN52064246,0
TXN15885239,0
TXN75683220,0
TXN19257029,0
TXN69567051,1
TXN03328459,1
TXN16401297,1
TXN84103431,0
TXN84331761,1
TXN39293742,1
TXN31111524,0
TXN76438041,1
TXN87354314,0
TXN87110056,0
TXN36463803,0
TXN76314032,1
TXN71828395,0
TXN40051982,1
TXN63307965,0
TXN25947850,1
TXN50350211,0
TXN11291238,0
TXN85338106,0
TXN16149184,0
TXN74319031,1
TXN64239597,1
TXN48951682,1
TXN35810948,1
TXN52551658,1
TXN91583745,1
TXN44662617,0
TXN82154732,1
TXN20844863,0
TXN05653151,0
TXN28234383,0
TXN54473636,1
TXN28123599,1
TXN97800641,0
TXN47131882,0
TXN01927758,0
TXN19748385,1
TXN26982508,0
TXN42597880,0
TXN75025395,1
TXN86246922,0
TXN23418991,0
TXN21282267,1
TXN20449057,0
TXN79854570,1
TXN48819173,1
TXN24758097,0
TXN51905865,1
TXN74915263,0
TXN46492794,0
TXN79726764,0
TXN16994561,0
TXN07011122,1
TXN12546245,0
TXN06830923,1
TXN39464003,0
TXN71352666,0
TXN22874557,1
TXN55769315,1
TXN11667970,1
TXN26473992,0
TXN50835570,1
TXN14422381,0
TXN36889545,0
TXN00977460,0
TXN70757082,1
TXN82014475,0
TXN65127067,1
TXN42083930,1
TXN38844591,0
TXN79370246,1
TXN83841027,0
TXN59828578,0
TXN84930248,1
TXN37817615,0
TXN93256317,0
TXN75658688,1
TXN47627600,1
TXN12561717,1
TXN04400882,1
TXN19597089,0
TXN53128884,0
TXN28617533,0
TXN56789766,0
TXN79722645,0
TXN13276764,1
TXN74604480,0
TXN71284650,1
TXN91938203,0
TXN44568843,1
TXN10754254,1
TXN16916989,0
TXN46317308,0
TXN72719004,0
TXN28249483,0
TXN53814863,0
TXN31365707,1
TXN23278238,0
TXN21834045,1
TXN39538628,0
TXN06122847,0
TXN25788713,1
TXN39332393,1
TXN39319560,1
TXN60860323,0
TXN32761037,0
TXN96694739,1
TXN62201408,1
TXN87705903,1
TXN61977134,1
TXN75601187,1
TXN47898442,0
TXN42305538,0
TXN35058016,0
TXN23911570,1
TXN00171935,1
TXN09960241,1
TXN03107621,1
TXN18054246,0
TXN48204611,0
TXN85102516,1
TXN65119114,1
TXN58224295,0
TXN75557790,1
TXN06890459,1
TXN04478465,0
TXN49777821,0
TXN79546257,1
TXN00388315,0
TXN25393557,0
TXN24700117,0
TXN40349783,1
TXN59804888,1
TXN23595927,1
TXN15572667,0
TXN27748088,1
TXN38070844,0
TXN68939737,1
TXN69983892,0
TXN28258882,1
TXN78343943,1
TXN50684555,1
TXN44007071,0
TXN94050173,0
TXN04888216,1
TXN14385968,1
TXN57348290,1
TXN34833688,1
TXN27788474,0
TXN54005413,1
TXN53114711,1
TXN36477732,1
TXN56516285,0
TXN22288096,1
TXN61679680,1
TXN49751137,0
TXN19225463,1
TXN85163912,1
TXN77438977,0
TXN54410610,1
TXN41921218,0
TXN16022483,1
TXN05270903,0
TXN69551302,1
TXN65767693,0
TXN07542404,1
TXN70989100,0
TXN57171189,0
TXN94307506,1
TXN04406808,0
TXN46742191,0
TXN73451244,0
TXN63521166,1
TXN62491545,0
TXN40253294,1
TXN34748770,0
TXN03897923,1
TXN27060164,1
TXN53544065,1
TXN22981728,1
TXN91789219,0
TXN86703559,0
TXN28187710,0
TXN64710649,0
TXN09863664,0
TXN21488561,0
TXN69017325,1
TXN08000125,1
TXN93844281,0
TXN71532479,1
TXN01071308,0
TXN20675363,0
TXN11747152,1
TXN78066454,0
TXN09922401,0
TXN17344100,0
TXN10137763,0
TXN53497488,0
TXN82667606,1
TXN12026208,0
TXN78333727,0
TXN47913545,0
TXN40295239,1
TXN64615326,0
TXN15371312,0
TXN17187765,0
TXN37517932,0
TXN67061605,0
TXN76263011,1
TXN94690484,0
TXN27225874,1
TXN99926287,0
TXN32257493,0
TXN66342044,1
TXN01570214,0
TXN44008597,1
TXN52886175,1
TXN05686212,0
TXN84261116,0
TXN65357774,1
TXN88800595,0
TXN05626688,0
TXN60065976,0
TXN43599773,1
TXN73233650,1
TXN96843490,1
TXN78768200,1
TXN24365707,1
TXN21653546,0
TXN28469646,1
TXN55780083,1
TXN14678926,0
TXN51185081,1
TXN67250652,0
TXN07503758,1
TXN14734104,0
TXN94023693,1
TXN36683289,1
TXN56523836,0
TXN82208781,1
TXN32005737,0
TXN09631816,0
TXN12976403,0
TXN34382914,1
TXN18869483,1
TXN10749799,1
TXN41095731,1
TXN55054453,0
TXN65451734,0
TXN03681089,0
TXN06792907,0
TXN00246816,0
TXN60590397,1
TXN78137224,1
TXN44414755,1
TXN20004207,1
TXN48397550,0
TXN69903140,0
TXN36153466,1
TXN75634010,1
TXN64533105,1
TXN29686090,0
TXN61928983,0
TXN86380437,0
TXN29988286,1
TXN21532241,1
TXN40022582,0
TXN70325733,0
TXN50733982,1
TXN46681455,0
TXN09742340,0
TXN01982128,1
TXN18723810,1
TXN70439033,1
TXN73369507,0
TXN76140618,1
TXN46962563,0
TXN69030276,1
TXN06793793,1
TXN55066969,0
TXN38677055,1
TXN77700445,0
TXN68682994,0
TXN43253396,0
TXN02232727,1
TXN26564072,1
TXN19791446,0
TXN32658792,0
TXN42216045,1
TXN98662349,1
TXN97520180,0
TXN13497145,1
TXN81048814,0
TXN65461623,1
TXN03032111,0
TXN58306957,1
TXN27216924,1
TXN10618657,1
TXN13313272,1
TXN01627361,0
TXN49414631,0
TXN25750491,1
TXN56866351,0
TXN12258282,0
TXN45065245,1
TXN24761612,1
TXN69051653,0
TXN13226544,1
TXN89497178,1
TXN89115778,1
TXN02652415,0
TXN77878714,0
TXN46237105,1
TXN92934918,1
TXN62788376,0
TXN88561608,1
TXN71931100,1
TXN53446082,0
TXN91356050,1
TXN73134859,1
TXN31286372,1
TXN43711632,0
TXN37148753,1
TXN07439531,0
TXN35094518,1
TXN79735460,1
TXN94583439,1
TXN68505808,0
TXN98544561,0
TXN75326696,1
TXN67133379,1
TXN99124603,1
TXN82425986,1
TXN04600890,0
TXN83091334,0
TXN17424956,1
TXN67851638,1
TXN76867847,0
TXN86604410,1
TXN90843085,0
TXN25787222,1
TXN75062554,0
TXN41032474,0
TXN08935265,1
TXN99904765,0
TXN97972266,0
TXN65988744,0
TXN12773724,1
TXN93784357,0
TXN31592374,1
TXN54980755,0
TXN25464477,1
TXN87863425,1
TXN63417135,0
TXN50421200,0
TXN49255907,0
TXN43091809,1
TXN96653759,0
TXN67026351,0
TXN71662048,1
TXN60579594,0
TXN51846641,0
TXN07703247,1
TXN07286937,1
TXN08398970,1
TXN49814857,1
TXN50792737,1
TXN47951325,0
TXN72938187,1
TXN61339509,1
TXN30005830,1
TXN60900795,0
TXN35665931,0
TXN94394930,0
TXN93145925,1
TXN66300033,0
TXN90859842,0
TXN75444575,0
TXN39528904,0
TXN05820386,1
TXN57112890,1
TXN18731549,1
TXN42646089,0
TXN05483650,0
TXN37589628,0
TXN54977239,1
TXN42115261,0
TXN93194561,1
TXN89958053,0
TXN01803100,0
TXN57240623,1
TXN27623843,0
TXN43123709,0
TXN88714542,1
TXN34275327,0
TXN73842204,0
TXN18370763,1
TXN21482257,1
TXN26037883,0
TXN76142784,1
TXN95761810,1
TXN11676678,0
TXN16840501,1
TXN55151215,0
TXN28522946,1
TXN58337492,0
TXN19354527,0
TXN26471998,0
TXN61909924,1
TXN61214015,1
TXN17227620,0
TXN69396679,0
TXN30327809,0
TXN66423528,1
TXN68427145,1
TXN14835962,0
TXN48199526,0
TXN59256210,1
TXN45046588,0
TXN25773966,1
TXN12762203,0
TXN15773010,0
TXN71594234,1
TXN73356198,0
TXN76203777,0
TXN71697553,0
TXN89280405,1
TXN07170177,1
TXN53870393,0
TXN51692532,0
TXN80449350,0
TXN17004110,0
TXN26686658,1
TXN89932689,1
TXN83578662,0
TXN50082777,0
TXN12577485,1
TXN71447357,1
TXN37597169,0
TXN98810742,1
TXN27983572,0
TXN01501231,0
TXN00673332,0
TXN70345418,1
TXN93237945,0
TXN13982798,0
TXN22916350,0
TXN04598948,1
TXN75547444,1
TXN07829533,1
TXN06922502,0
TXN44216720,1
TXN10038500,0
TXN22932536,1
TXN77695759,0
TXN15078791,0
TXN43514838,1
TXN49947471,1
TXN32002854,0
TXN93857811,1
TXN20736602,0
TXN31936527,1
TXN82658335,0
TXN87391406,1
TXN79801821,0
TXN57893345,1
TXN85364282,0
TXN21570872,0
TXN76668266,1
TXN02467586,1
TXN39470893,1
TXN65113748,1
TXN90275809,1
TXN32288230,1
TXN18361714,0
TXN04959145,1
TXN36253605,0
TXN92282048,1
TXN07573430,0
TXN55529401,1
TXN83733157,1
TXN65290254,0
TXN14689205,0
TXN41148607,0
TXN70542798,0
TXN04327520,1
TXN55103904,0
TXN48852098,0
TXN47011418,1
TXN16850559,1
TXN63483192,1
TXN11151571,1
TXN50647889,0
TXN85326497,1
TXN86081970,1
TXN75489446,0
TXN13052010,1
TXN29094298,1
TXN67824450,1
TXN01157322,0
TXN30827556,0
TXN35246029,0
TXN38311976,0
TXN80707214,0
TXN47836823,0
TXN24456666,1
TXN65475057,0
TXN26391328,1
TXN43752693,0
TXN27557773,0
TXN01055062,0
TXN17817846,0
TXN82863274,0
TXN54847466,1
TXN30419591,0
TXN38971374,0
TXN03472307,0
TXN27891823,1
TXN68059129,1
TXN65636680,1
TXN47647489,0
TXN90851912,1
TXN68864857,0
TXN23340114,1
TXN49826153,0
TXN39544094,1
TXN80461687,1
TXN13819912,1
TXN37394010,0
TXN17687157,1
TXN12086397,0
TXN64970321,1
TXN99380218,0
TXN12761721,0
TXN42191326,0
TXN19196699,0
TXN47976560,0
TXN10877595,1
TXN16883032,1
TXN02666160,0
TXN31760284,1
TXN98227153,0
TXN02613945,0
TXN34046356,0
TXN13057537,1
TXN52681948,0
TXN60059654,1
TXN87870496,0
TXN94768794,1
TXN39196165,0
TXN67361539,1
TXN41899067,1
TXN44297939,0
TXN19325983,1
TXN10879627,1
TXN85374083,1
TXN38781067,0
TXN09091113,0
TXN56189972,0
TXN02420163,0
TXN82087572,1
TXN26375953,1
TXN84264643,0
TXN75953372,1
TXN73564080,0
TXN29046879,0
TXN84212591,0
TXN68630114,0
TXN33499793,0
TXN91423514,0
TXN57941504,1
TXN85801055,1
TXN32544977,1
TXN17175465,1
TXN15322835,1
TXN32540905,1
TXN77229817,0
TXN18274230,1
TXN61363377,1
TXN75607996,0
TXN96310022,1
TXN23528490,1
TXN40011952,1
TXN65126833,0
TXN75761527,0
TXN00234874,0
TXN66628029,0
TXN98306253,0
TXN02827251,0
TXN98491172,1
TXN20769344,0
TXN16041999,0
TXN25666774,1
TXN70656756,1
TXN35899646,1
TXN28259467,1
TXN86504317,0
TXN16510233,1
TXN81744141,0
TXN87359024,0
TXN94474679,0
TXN43777463,0
TXN18802288,0
TXN83014214,0
TXN94366537,1
TXN17610946,0
TXN81457352,1
TXN17850562,1
TXN04389981,0
TXN87153452,0
TXN16324543,0
TXN84643681,0
TXN19444407,0
TXN08910059,1
TXN21527385,1
TXN29180782,1
TXN50345396,0
TXN66608051,1
TXN94389210,0
TXN72228098,1
TXN27402574,0
TXN87909220,1
TXN96740204,1
TXN44372816,1
TXN54490139,1
TXN00197773,0
TXN37327475,1
TXN18058880,0
TXN76967049,0
TXN07576380,1
TXN70489181,1
TXN39533070,0
TXN98471658,0
TXN72833563,0
TXN11542515,0
TXN60618192,0
TXN42884408,0
TXN19830947,0
TXN12432888,0
TXN10583562,1
TXN58560763,0
TXN47790388,1
TXN27310877,0
TXN29417752,1
TXN60838007,1
TXN91997365,1
TXN49661749,1
TXN40591012,1
TXN45317819,1
TXN58898298,1
TXN74767639,0
TXN21787216,1
TXN33177725,0
TXN18356367,1
TXN49757813,0
TXN02157268,1
TXN44777361,0
TXN15569580,0
TXN02069743,1
TXN31498927,0
TXN23088516,0
TXN06572811,0
TXN13443319,0
TXN48250905,0
TXN64132997,0
TXN76381498,0
TXN11233581,0
TXN93542864,0
TXN10272516,1
TXN64746539,0
TXN39864450,0
TXN08819310,0
TXN90978538,0
TXN95723824,1
TXN22181951,0
TXN43115479,0
TXN52158892,1
TXN03666497,0
TXN85938874,1
TXN18147786,1
TXN05629189,0
TXN45252259,1
TXN33505613,0
TXN40249065,0
TXN25443605,1
TXN73969339,1
TXN22372240,1
TXN78391643,1
TXN68227254,1
TXN14854854,1
TXN62596262,0
TXN34289073,0
TXN20067165,1
TXN79454718,0
TXN54733331,0
TXN42965599,1
TXN02971474,1
TXN82686580,0
TXN57517370,0
TXN60661617,0
TXN85043990,1
TXN30901273,0
TXN49317639,0
TXN97753513,0
TXN11267942,0
TXN80915563,0
TXN12434890,0
TXN17141620,1
TXN11755726,0
TXN75092420,0
TXN09884484,0
TXN70880448,1
TXN08285062,1
TXN91598374,1
TXN45055373,1
TXN93875670,1
TXN85817297,0
TXN06564389,1
TXN90571582,0
TXN19913708,1
TXN45398670,0
TXN75947198,1
TXN18726672,0
TXN96938505,0
TXN20325459,0
TXN98212283,0
TXN60258514,1
TXN25204243,1
TXN68756845,0
TXN97756958,0
TXN55488622,1
TXN10378211,1
TXN01711858,1
TXN34578150,1
TXN38403697,0
TXN37526414,0
TXN31093554,0
TXN31938991,1
TXN41553553,1
TXN51816216,1
TXN21529546,1
TXN64724806,0
TXN91963546,0
TXN25506851,1
TXN30660181,0
TXN38314399,1
TXN22540367,0
TXN61994095,0
TXN02306902,1
TXN76850132,0
TXN20899938,0
TXN36648748,1
TXN12732513,0
TXN53831437,1
TXN59674370,1
TXN81999525,1
TXN33689591,1
TXN88341883,1
TXN83535360,0
TXN45682907,0
TXN64813507,1
TXN58900323,0
TXN58758639,0
TXN85677364,1
TXN58814347,0
TXN66286606,0
TXN15740915,1
TXN32900933,1
TXN15018833,1
TXN01612488,0
TXN91836133,1
TXN58946825,0
TXN56173127,1
TXN42420968,1
TXN87538672,0
TXN55678753,0
TXN29971610,0
TXN72106171,0
TXN47340403,0
TXN58047795,0
TXN64376561,0
TXN01243456,0
TXN04989813,1
TXN61032373,0
TXN94864683,0
TXN15758745,0
TXN78572033,0
TXN81425296,1
TXN85192629,1
TXN34528214,0
TXN71754669,0
TXN05737192,0
TXN28485480,1
TXN78869906,1
TXN20969226,0
TXN48509374,0
TXN35622346,0
TXN41397413,1
TXN11389563,0
TXN01811545,1
TXN14283433,1
TXN81590043,1
TXN65905712,1
TXN38728203,1
TXN13843069,1
TXN11964443,0
TXN78014683,0
TXN12741878,1
TXN82030689,1
TXN91553684,0
TXN20371337,1
TXN07072648,1
TXN31648474,0
TXN26658564,0
TXN97473010,0
TXN39189425,1
TXN50656642,1
TXN98325045,1
TXN67767262,0
TXN62874856,0
TXN05861362,0
TXN56479719,0
TXN98040070,1
TXN58011055,0
TXN06850913,1
TXN11100840,1
TXN63429182,0
TXN57452251,1
TXN10644314,0
TXN50195177,0
TXN78876392,0
TXN45166828,0
TXN76604457,1
TXN62752898,1
TXN70281333,1
TXN37651901,0
TXN88965666,1
TXN89485522,1
TXN94575860,0
TXN49586623,1
TXN67211581,0
TXN18249349,1
TXN84312501,1
TXN00523029,1
TXN51594101,1
TXN54790957,1
TXN41742800,1
TXN04189050,1
TXN70410134,1
TXN75120471,0
TXN07954436,0
TXN69437802,1
TXN47998488,0
TXN70741891,1
TXN28757813,1
TXN02756795,0
TXN05438735,1
TXN70323410,0
TXN10099450,0
TXN50079629,1
TXN03492206,1
TXN46027210,1
TXN89713509,0
TXN93512244,0
TXN91160869,0
TXN27404288,1
TXN27719907,1
TXN71514966,0
TXN56755519,1
TXN00910178,1
TXN97761647,1
TXN02332488,0
TXN79058160,1
TXN86426299,0
TXN43033634,1
TXN89869993,0
TXN19832454,1
TXN11724414,1
TXN29703265,1
TXN31597873,1
TXN93424790,1
TXN01566143,1
TXN78559531,0
TXN78519099,1
TXN45539344,1
TXN25585184,1
TXN09933630,1
TXN70294273,1
TXN78092893,1
TXN55903442,1
TXN99179926,1
TXN24460678,1
TXN37756226,0
TXN39339435,1
TXN65684727,0
TXN30617618,1
TXN03367496,1
TXN19355790,1
TXN47709612,1
TXN07442479,1
TXN52525075,0
TXN12915807,1
TXN19597644,1
TXN06210280,0
TXN00310448,1
TXN91703898,1
TXN88153158,1
TXN61745498,1
TXN37858485,1
TXN31741236,1
TXN09148818,0
TXN54832713,0
TXN72382434,1
TXN93673479,0
TXN86617242,0
TXN30530831,1
TXN97727887,1
TXN56632902,0
TXN82573125,0
TXN23065475,1
TXN10465896,1
TXN24379398,1
TXN23863795,1
TXN81861640,1
TXN12656415,0
TXN67168249,0
TXN64515817,0
TXN61361346,1
TXN29549909,0
TXN66394210,1
TXN59573126,0
TXN58061697,0
TXN60739559,1
TXN88019833,0
TXN40400478,1
TXN98118276,1
TXN96841612,1
TXN96622553,1
TXN39789989,0
TXN79220538,0
TXN69819640,1
TXN45726195,1
TXN59678312,1
TXN24785551,1
TXN99071570,1
TXN44199341,0
TXN52132509,0
TXN07606691,1
TXN88092370,1
TXN38826701,1
TXN51457075,1
TXN50421452,1
TXN06074777,0
TXN69095207,1
TXN11251577,0
TXN89644733,0
TXN54119246,1
TXN55711275,1
TXN82131442,1
TXN91773982,0
TXN91599441,1
TXN60003377,1
TXN95621239,1
TXN43597791,0
TXN09360211,1
TXN99970170,0
TXN66356687,0
TXN81595782,0
TXN96959890,1
TXN92418379,0
TXN72246759,1
TXN86950145,1
TXN32366448,0
TXN70306802,0
TXN27581359,1
TXN43073184,1
TXN45909121,1
TXN95261113,0
TXN91334770,0
TXN56368277,0
TXN31911151,1
TXN92794528,0
TXN50987434,0
TXN75795477,0
TXN44065841,1
TXN76383632,0
TXN22918713,1
TXN49422338,1
TXN23554537,1
TXN22042798,0
TXN17079512,1
TXN91123346,1
TXN29641312,1
TXN29318919,0
TXN56623155,1
TXN85848823,1
TXN58923709,0
TXN72969901,1
TXN79075012,0
TXN43554484,1
TXN16780217,0
TXN77643518,0
TXN50324854,1
TXN84856619,0
TXN70647347,1
TXN43188695,1
TXN67738313,1
TXN43537327,0
TXN64416487,0
TXN16986513,1
TXN64425270,1
TXN83836212,0
TXN86674131,1
TXN44939922,0
TXN51907495,0
TXN04608420,0
TXN34995687,1
TXN07132366,0
TXN25315192,0
TXN23942436,0
TXN41039779,1
TXN42006226,0
TXN62662318,0
TXN02687605,1
TXN16999181,0
TXN91088881,0
TXN85592123,1
TXN66712941,0
TXN87815082,1
TXN78407293,1
TXN37347110,0
TXN41502793,0
TXN12479904,0
TXN05539999,0
TXN05934870,1
TXN24927199,1
TXN34837379,0
TXN02459588,1
TXN76340156,0
TXN14933091,1
TXN80116423,0
TXN31206726,0
TXN46442636,1
TXN53084477,0
TXN99424515,0
TXN26129725,1
TXN32544818,1
TXN63378071,1
TXN31678734,1
TXN69719593,1
TXN89482906,0
TXN50725816,1
TXN46137374,0
TXN13779756,1
TXN18126757,1
TXN83562369,0
TXN55083724,1
TXN48068867,0
TXN87444238,0
TXN41970896,1
TXN42329126,1
TXN15919872,1
TXN47969707,0
TXN88879182,0
TXN66457675,1
TXN99531095,1
TXN31762740,0
TXN47168144,0
TXN36346252,1
TXN16287457,1
TXN76504238,0
TXN03104545,1
TXN54802077,1
TXN95517774,0
TXN52537566,0
TXN59605889,0
TXN93394207,0
TXN54304265,1
TXN02021493,0
TXN14587898,1
TXN54467716,1
TXN77791996,0
TXN96563719,0
TXN58741648,1
TXN98117760,0
TXN01571816,1
TXN75430986,1
TXN24199083,1
TXN19617136,0
TXN87348387,1
TXN89233626,1
TXN44027162,1
TXN97552530,1
TXN48318267,0
TXN63902149,0
TXN79009046,1
TXN02828936,0
TXN54703290,0
TXN75108444,0
TXN20856493,1
TXN49489717,0
TXN69486430,0
TXN72850812,0
TXN38006199,1
TXN99877101,0
TXN93477099,1
TXN36746441,0
TXN83679308,1
TXN07066168,0
TXN91737086,1
TXN67685868,0
TXN80678256,0
TXN57907382,0
TXN08334020,0
TXN88705121,1
TXN15755935,0
TXN54464820,0
TXN70740577,1
TXN33439092,1
TXN30762561,0
TXN08025557,1
TXN66949260,0
TXN07483904,1
TXN47929878,1
TXN22179946,0
TXN26883518,1
TXN10116812,0
TXN70195221,1
TXN57350284,1
TXN02208611,1
TXN72817690,1
TXN65844076,0
TXN12989948,1
TXN44426223,1
TXN35983208,1
TXN03679216,0
TXN70441266,1
TXN18158710,0
TXN44353624,1
TXN23908893,0
TXN33266150,0
TXN68329556,1
TXN63681781,1
TXN87622569,1
TXN90544724,0
TXN09541388,1
TXN21392441,1
TXN52161032,0
TXN42549266,1
TXN84227149,0
TXN51515555,1
TXN84574290,0
TXN86706509,1
TXN57284886,1
TXN07349615,0
TXN71218496,0
TXN33050607,0
TXN84577314,0
TXN96390073,1
TXN97250804,0
TXN60691372,1
TXN71893809,0
TXN95385025,0
TXN97236400,1
TXN43032406,1
TXN02426008,0
TXN99708724,1
TXN19718995,0
TXN33742274,0
TXN06942602,1
TXN84254309,0
TXN67792695,0
TXN34007590,1
TXN88610815,1
TXN35718460,0
TXN16052075,0
TXN61720667,1
TXN67440337,1
TXN59859404,1
TXN90125505,1
TXN82062744,1
TXN97598075,0
TXN35156806,0
TXN36745643,0
TXN83671701,1
TXN85629821,0
TXN61302075,0
TXN77660612,1
TXN06319557,1
TXN26918507,1
TXN15163663,0
TXN79747840,1
TXN56588783,0
TXN51866037,1
TXN51440434,1
TXN11154895,0
TXN04629082,1
TXN29110568,0
TXN44796800,0
TXN81186286,1
TXN04018342,1
TXN11153858,1
TXN10838614,1
TXN15585719,1
TXN22000804,0
TXN32612859,1
TXN95044259,0
TXN55099390,0
TXN91445400,1
TXN43093660,0
TXN40092647,1
TXN02289280,0
TXN60224562,0
TXN11838784,1
TXN69759522,0
TXN42368024,0
TXN11119772,1
TXN67904297,0
TXN52060835,1
TXN85517702,1
TXN93381768,1
TXN82080585,0
TXN53944451,1
TXN49179346,1
TXN66039469,0
TXN42516877,1
TXN76214786,0
TXN29834029,0
TXN49014865,0
TXN37765724,1
TXN11445746,0
TXN54731407,1
TXN60220340,1
TXN39093189,0
TXN65224777,1
TXN03548928,0
TXN67427591,1
TXN92524633,0
TXN35517554,1
TXN06924188,0
TXN99049457,0
TXN79333638,1
TXN39275153,0
TXN02709938,1
TXN84694167,0
TXN19317094,1
TXN92811718,0
TXN06736640,0
TXN05655380,0
TXN67237194,1
TXN62669982,1
TXN27717115,0
TXN17620917,1
TXN23258600,1
TXN66113228,0
TXN40803606,0
TXN47909958,1
TXN01529935,0
TXN64505462,0
TXN73561953,0
TXN68757624,1
TXN98775125,0
TXN80242971,0
TXN26371710,1
TXN14522600,0
TXN92304538,0
TXN82320292,0
TXN17769323,1
TXN25469416,0
TXN12900475,1
TXN67474627,1
TXN48110613,1
TXN56888510,0
TXN42928772,0
TXN26114950,0
TXN20618025,1
TXN12514470,1
TXN05191775,1
TXN23309518,0
TXN80405284,0
TXN69061583,1
TXN93329542,0
TXN09501350,0
TXN65288413,1
TXN39752177,1
TXN27985021,0
TXN06541713,0
TXN38895297,1
TXN84974376,1
TXN03177717,0
TXN58195444,1
TXN54904012,1
TXN12634009,1
TXN56150029,1
TXN79739604,0
TXN34135313,1
TXN21024784,0
TXN67945575,0
TXN83969052,1
TXN92874815,1
TXN89841910,0
TXN92538519,0
TXN83680411,1
TXN97602901,0
TXN61450690,1
TXN15774782,0
TXN35846119,0
TXN36048429,1
TXN60992841,0
TXN87165675,0
TXN72238174,1
TXN14315743,0
TXN23525425,0
TXN45678898,0
TXN23071777,0
TXN29118498,0
TXN96664421,0
TXN74057427,1
TXN98524833,0
TXN95940943,0
TXN88217373,1
TXN13167442,1
TXN46410302,1
TXN84273508,0
TXN92524115,0
TXN88633916,1
TXN23488920,1
TXN39442394,0
TXN35157796,0
TXN12334285,1
TXN23666803,1
TXN17266308,0
TXN41913432,1
TXN98933920,0
TXN23401854,0
TXN11781012,1
TXN39092324,0
TXN84341666,1
TXN44044320,0
TXN57012151,0
TXN87548171,0
TXN10935702,1
TXN34846659,0
TXN86413415,1
TXN70901102,1
TXN64586364,1
TXN23811749,0
TXN86408822,1
TXN20846489,0
TXN59159855,1
TXN17914320,0
TXN31758407,1
TXN17980465,1
TXN39509085,0
TXN89759827,0
TXN19679380,0
TXN42855768,0
TXN26600977,1
TXN15187943,1
TXN09336287,0
TXN56139139,1
TXN56522530,0
TXN11339140,0
TXN78975048,1
TXN43112112,1
TXN77576878,0
TXN48347331,1
TXN14718927,0
TXN25640251,1
TXN00811507,1
TXN65690062,1
TXN77150014,1
TXN88646304,0
TXN20226991,1
TXN36712427,1
TXN19078158,1
TXN12156281,1
TXN96453272,1
TXN29779592,0
TXN14693124,0
TXN88852433,1
TXN24612813,1
TXN43650852,0
TXN53101303,1
TXN10128126,1
TXN79264292,1
TXN62824933,0
TXN11266643,0
TXN12566050,1
TXN52655543,0
TXN92758574,1
TXN58168676,1
TXN95372433,0
TXN46984380,0
TXN79652663,1
TXN61412362,1
TXN89606035,0
TXN17348720,1
TXN45789210,0
TXN05674620,1
TXN46079035,0
TXN19223956,0
TXN91753023,0
TXN57646316,1
TXN90668882,0
TXN22180822,0
TXN23179044,1
TXN63392544,1
TXN66209554,1
TXN86751283,0
TXN57999944,1
TXN16006477,0
TXN89471693,0
TXN63277283,1
TXN85130902,1
TXN09331536,0
TXN94851392,1
TXN09109606,1
TXN83754925,1
TXN78675136,0
TXN71384956,1
TXN94013533,0
TXN05299909,0
TXN77776192,0
TXN54579559,0
TXN63829344,1
TXN06089433,0
TXN04637893,0
TXN56330126,1
TXN95635550,1
TXN38711056,1
TXN28659943,0
TXN48410455,1
TXN31136727,0
TXN76447516,0
TXN91018173,0
TXN78872271,0
TXN75391997,0
TXN92404477,1
TXN93157943,0
TXN06114472,1
TXN08688804,1
TXN85995854,1
TXN59343168,1
TXN08817143,0
TXN24644841,1
TXN49609621,0
TXN93559904,1
TXN22827351,1
TXN30696071,1
TXN35303044,1
TXN71909201,0
TXN84597003,1
TXN29609454,1
TXN12088822,0
TXN25602169,0
TXN01906139,1
TXN28860260,1
TXN43036650,1
TXN83970416,1
TXN78954485,0
TXN81935127,1
TXN40267509,0
TXN41013379,0
TXN92302145,1
TXN46039488,1
TXN04391582,0
TXN30745269,1
TXN26249750,0
TXN30065793,0
TXN11168759,1
TXN01873496,0
TXN68831645,1
TXN03382160,0
TXN25100863,0
TXN66185039,1
TXN03239448,0
TXN91483693,0
TXN00365790,1
TXN40535164,1
TXN52854400,0
TXN68774475,0
TXN48668513,1
TXN47245950,1
TXN54259697,0
TXN81297190,1
TXN28956263,0
TXN00437852,1
TXN28161732,1
TXN74943710,0
TXN10300736,1
TXN42681988,0
TXN72043134,1
TXN60640039,0
TXN32595267,1
TXN10011130,1
TXN85278851,1
TXN01827992,0
TXN85573655,0
TXN05834875,1
TXN43652835,1
TXN93336850,0
TXN53679648,0
TXN04951340,1
TXN67879412,0
TXN32706943,0
TXN96908671,1
TXN88227858,0
TXN18293549,0
TXN81144805,0
TXN47362913,1
TXN81330801,1
TXN94681253,1
TXN50903821,0
TXN62939844,1
TXN32830936,1
TXN17639782,0
TXN73878710,0
TXN74421741,0
TXN68198474,1
TXN89502350,1
TXN78789595,1
TXN21973219,0
TXN32358719,1
TXN81079418,0
TXN13202490,1
TXN44465306,1
TXN89284718,1
TXN79364308,1
TXN07746285,1
TXN61890909,1
TXN79989333,1
TXN18015790,0
TXN50099799,0
TXN51893758,1
TXN37797238,0
TXN09039203,1
TXN69370971,0
TXN42538710,1
TXN42048389,1
TXN73602741,1
TXN57684208,0
TXN09232532,0
TXN55341252,0
TXN66114029,1
TXN66999838,0
TXN71334403,1
TXN88735534,1
TXN20660088,1
TXN01094654,0
TXN52116957,1
TXN91499621,0
TXN91041904,0
TXN39313080,0
TXN79729238,1
TXN00375480,1
TXN56899207,0
TXN88233592,1
TXN03721102,1
TXN76302440,0
TXN64029850,0
TXN13992915,0
TXN99619991,0
TXN74424429,0
TXN54675245,1
TXN13955970,1
TXN49726662,1
TXN69086562,1
TXN15299641,1
TXN57608665,1
TXN74745178,1
TXN70913449,1
TXN42857871,1
TXN87335684,0
TXN72935114,1
TXN03380245,0
TXN33922753,1
TXN18041433,1
TXN40059188,1
TXN50890706,1
TXN15553668,1
TXN89083794,0
TXN26018441,0
TXN20312910,1
TXN23188634,0
TXN38874665,0
TXN12392477,0
TXN06521707,0
TXN78792399,0
TXN76808369,0
TXN64931946,1
TXN35506792,1
TXN56665778,1
TXN53157390,1
TXN58315632,0
TXN85150016,1
TXN35949366,0
TXN33527322,1
TXN81311313,1
TXN94078788,0
TXN01641087,1
TXN65044532,0
TXN87263824,1
TXN48767428,0
TXN70147139,0
TXN20504375,0
TXN70123770,0
TXN40757199,0
TXN66207738,0
TXN40471285,0
TXN47660148,0
TXN38163693,0
TXN74142902,1
TXN32643089,0
TXN58003587,1
TXN23813182,0
TXN40109835,0
TXN23002753,1
TXN21658616,0
TXN29587994,1
TXN96158886,0
TXN17697337,1
TXN06889665,1
TXN16893739,1
TXN88277047,0
TXN30763811,1
TXN62975962,1
TXN86284698,1
TXN62831960,0
TXN34875578,0
TXN65731499,0
TXN47395233,0
TXN61121213,1
TXN57812359,1
TXN63979772,0
TXN67963708,0
TXN17236295,0
TXN65439649,0
TXN68053012,0
TXN50480231,1
TXN31417654,1
TXN86450051,1
TXN04601177,0
TXN60301211,0
TXN49739229,1
TXN40860931,1
TXN58291396,0
TXN89457597,0
TXN39282374,1
TXN81794926,1
TXN27840716,1
TXN12882651,1
TXN35629580,0
TXN45561738,1
TXN87631301,1
TXN22637171,1
TXN09864347,1
TXN07725399,1
TXN99984148,1
TXN02310950,0
TXN31584847,1
TXN78091790,0
TXN91381635,1
TXN41896672,1
TXN89930527,0
TXN86881872,1
TXN17904647,1
TXN90091167,1
TXN56479526,0
TXN64939842,1
TXN76472544,1
TXN87648022,1
TXN57210279,0
TXN67469540,1
TXN22024046,1
TXN75699589,1
TXN39969003,0
TXN96914560,1
TXN73324414,0
TXN11422431,1
TXN18607543,1
TXN85786750,0
TXN17186912,0
TXN37020436,0
TXN05489150,1
TXN65749252,1
TXN91793910,0
TXN76394251,1
TXN07483757,0
TXN32572427,0
TXN77969507,0
TXN18806578,1
TXN44249696,0
TXN68280518,1
TXN22077664,0
TXN54715098,0
TXN97358923,0
TXN02690155,0
TXN43325484,0
TXN85536416,0
TXN00857185,1
TXN99668481,0
TXN63984685,0
TXN42193534,0
TXN30423600,1
TXN74194924,1
TXN29670136,1
TXN75424639,0
TXN75934807,1
TXN18988211,1
TXN37094148,1
TXN93671908,1
TXN48450358,0
TXN88536249,1
TXN29168309,1
TXN46451832,0
TXN95418527,0
TXN86562130,1
TXN86469819,1
TXN64256692,0
TXN84287383,0
TXN64409478,0
TXN93526526,1
TXN77712719,1
TXN39792518,0
TXN06711247,1
TXN29693371,0
TXN84357690,0
TXN79225193,0
TXN30279840,1
TXN24761848,1
TXN84889236,0
TXN76894756,0
TXN31597088,0
TXN42166557,1
TXN34775920,0
TXN50559338,1
TXN20922674,1
TXN84981603,1
TXN17401102,0
TXN55265254,0
TXN23076381,0
TXN95097986,1
TXN55269093,1
TXN13655446,1
TXN24647935,1
TXN68470393,0
TXN92939146,1
TXN88054738,0
TXN31151092,0
TXN98700087,1
TXN57208550,0
TXN27735600,1
TXN16080514,0
TXN46536992,0
TXN24726432,0
TXN58205729,0
TXN26058120,1
TXN79523482,0
TXN12519718,0
TXN94470957,0
TXN71406040,1
TXN86204045,0
TXN79296271,0
TXN17467382,1
TXN49762844,1
TXN75546858,1
TXN99896543,1
TXN99365050,0
TXN36730214,0
TXN51571796,1
TXN19305053,1
TXN65635765,1
TXN95298129,0
TXN91338489,1
TXN18095349,1
TXN47284119,0
TXN09826699,1
TXN57478514,0
TXN69398310,1
TXN13086220,1
TXN87407973,0
TXN88958271,1
TXN19395702,0
TXN99287198,0
TXN20419425,0
TXN12821787,1
TXN79229614,1
TXN88054349,0
TXN52082385,0
TXN33466245,1
TXN74098828,1
TXN05381128,0
TXN24091728,1
TXN47689868,1
TXN81377583,0
TXN46707334,1
TXN57713997,1
TXN66808075,1
TXN87280682,0
TXN35826442,0
TXN64592762,1
TXN06673810,1
TXN33347923,1
TXN65180643,0
TXN57572866,0
TXN59511006,0
TXN63514646,1
TXN65176964,1
TXN06441619,0
TXN19929455,1
TXN59998381,1
TXN61301463,0
TXN08844399,0
TXN79170674,1
TXN24617819,0
TXN40302233,1
TXN00048758,1
TXN79129424,1
TXN08766412,1
TXN66565355,0
TXN36697318,0
TXN47967152,1
TXN91586460,1
TXN95578744,0
TXN91981829,1
TXN78332165,0
TXN90964196,0
TXN48069053,1
TXN71408916,0
TXN96185324,0
TXN93221910,0
TXN16107775,0
TXN66851602,1
TXN27900793,1
TXN76617438,1
TXN36556380,0
TXN13001740,0
TXN34715007,0
TXN21675625,0
TXN98579212,1
TXN08001616,0
TXN73284637,0
TXN94825079,0
TXN66462877,0
TXN67151996,0
TXN40794321,1
TXN77866467,1
TXN37262395,0
TXN22721209,1
TXN32518930,1
TXN53722725,1
TXN90127424,0
TXN02366631,0
TXN18157423,1
TXN88554276,0
TXN50866697,1
TXN57140939,1
TXN84843345,0
TXN51734010,0
TXN19376666,1
TXN46318424,1
TXN98641818,1
TXN22659928,1
TXN14436425,1
TXN40138254,1
TXN89767388,0
TXN82869128,1
TXN51687068,1
TXN09790086,1
TXN98830039,0
TXN22009827,0
TXN66514517,1
TXN04422341,1
TXN24201376,1
TXN62644292,1
TXN41749324,1
TXN83209951,0
TXN98919918,1
TXN02098541,0
TXN45167210,1
TXN79282073,0
TXN15402524,1
TXN43300041,0
TXN27833051,0
TXN35415125,1
TXN64180865,0
TXN59228753,1
TXN03777074,1
TXN53925451,1
TXN48511219,0
TXN92412423,0
TXN93732589,0
TXN17859908,0
TXN10105414,1
TXN63096009,0
TXN90226348,1
TXN96052694,0
TXN92755991,0
TXN36733026,1
TXN16187025,0
TXN56225263,0
TXN76908181,0
TXN02328610,0
TXN36317918,0
TXN11033545,1
TXN04207818,1
TXN87663987,1
TXN74325484,1
TXN74216776,0
TXN89193782,0
TXN41831248,1
TXN42932162,1
TXN47057054,1
TXN57120056,1
TXN90295867,1
TXN48467156,1
TXN97994396,0
TXN97335971,0
TXN14441140,0
TXN86718933,0
TXN11340913,0
TXN15157344,1
TXN68352247,1
TXN27646018,0
TXN26452519,1
TXN38791482,1
TXN17891490,1
TXN50435284,1
TXN23484483,1
TXN34438903,1
TXN85718117,1
TXN49314096,0
TXN03126115,1
TXN89439096,1
TXN36023797,0
TXN54506456,0
TXN62102702,0
TXN94043881,1
TXN64251604,0
TXN14399786,1
TXN86426431,1
TXN52206641,1
TXN80996095,0
TXN73394317,1
TXN86184327,1
TXN79214112,0
TXN63306164,1
TXN76663013,1
TXN62002994,0
TXN23480506,0
TXN97223739,1
TXN60282443,1
TXN22268695,1
TXN94233080,0
TXN01690226,1
TXN47271990,1
TXN10524134,1
TXN33666884,1
TXN60809882,1
TXN20853419,1
TXN38834224,0
TXN21964053,0
TXN70013724,0
TXN91826123,1
TXN22002987,1
TXN64825943,1
TXN83463704,0
TXN85149226,0
TXN04304115,0
TXN81616834,0
TXN18356308,1
TXN78969862,0
TXN97219319,1
TXN66202104,1
TXN15468722,0
TXN87487895,1
TXN41914207,1
TXN88744662,1
TXN07572443,0
TXN56873865,1
TXN69725349,0
TXN35071503,1
TXN22488785,1
TXN57411544,1
TXN84792313,1
TXN26818954,1
TXN90937453,1
TXN83637217,1
TXN17472597,0
TXN86474402,0
TXN59169236,0
TXN10221504,0
TXN60176627,0
TXN91756877,0
TXN96755424,0
TXN64154307,0
TXN05963581,1
TXN54744831,1
TXN12052360,0
TXN12963648,1
TXN82131738,1
TXN34840136,1
TXN40229851,1
TXN82935888,0
TXN80543063,1
TXN29860901,1
TXN10918654,0
TXN41720134,1
TXN88676585,1
TXN17736236,1
TXN57531367,0
TXN15176872,1
TXN97729528,1
TXN06064144,0
TXN92853909,0
TXN89993720,1
TXN94565567,1
TXN79142997,0
TXN85043236,0
TXN70107781,0
TXN80801640,1
TXN12178984,1
TXN99766638,1
TXN18052345,0
TXN62485528,1
TXN77805395,1
TXN26004439,0
TXN36233473,1
TXN07581512,1
TXN46369626,0
TXN88022684,0
TXN55951785,0
TXN81333843,1
TXN51121797,1
TXN75541240,1
TXN03446991,0
TXN72871539,1
TXN96741620,1
TXN54375536,1
TXN39743029,1
TXN82949084,1
TXN44319705,1
TXN05969419,0
TXN37321736,0
TXN39372741,0
TXN06019241,0
TXN74506296,0
TXN90191850,0
TXN50765746,0
TXN87102396,1
TXN29115804,1
TXN47994042,1
TXN96589934,1
TXN73178143,0
TXN18059442,1
TXN63583093,0
TXN08175117,0
TXN09724023,0
TXN67627295,1
TXN88623185,1
TXN01831681,1
TXN81242125,0
TXN98182535,1
TXN90922595,1
TXN70581299,0
TXN81009252,0
TXN18940161,0
TXN11114300,1
TXN08630290,0
TXN42078938,1
TXN64557640,0
TXN61488170,0
TXN40597526,0
TXN71038891,1
TXN44730333,0
TXN81968227,0
TXN15197199,0
TXN20568936,1
TXN80994987,0
TXN49535361,0
TXN89084638,1
TXN68269328,0
TXN43694025,1
TXN62874679,1
TXN33221816,0
TXN48256447,0
TXN49772180,0
TXN95243431,0
TXN62158896,1
TXN24423707,0
TXN96660455,1
TXN48676179,0
TXN50215253,1
TXN78149620,0
TXN72401436,0
TXN36490063,0
TXN32774013,0
TXN62134094,1
TXN36207142,0
TXN08801308,0
TXN26165077,0
TXN18079350,1
TXN93358922,0
TXN55470761,1
TXN51289199,0
TXN06954754,0
TXN25455196,1
TXN50443698,0
TXN21344115,0
TXN05108575,1
TXN82977445,0
TXN71058940,1
TXN24965070,0
TXN16012437,0
TXN46354544,1
TXN71403060,1
TXN18082432,0
TXN21464693,1
TXN00426551,1
TXN14027513,0
TXN06600456,1
TXN58538195,1
TXN91275642,1
TXN69348749,1
TXN94805775,1
TXN35565793,1
TXN46734999,1
TXN37003111,0
TXN57395744,0
TXN91793785,0
TXN58417897,1
TXN60339883,1
TXN70013407,0
TXN18380811,0
TXN41854473,1
TXN85274616,1
TXN06643950,0
TXN72651677,1
TXN85355875,0
TXN96793315,1
TXN22495381,1
TXN68016173,0
TXN15462334,1
TXN06175396,1
TXN43786281,0
TXN91717674,0
TXN56122736,1
TXN73039446,1
TXN29755670,0
TXN73844903,0
TXN83444168,0
TXN33221356,0
TXN45186961,0
TXN92362042,1
TXN25241009,1
TXN48020518,1
TXN46085756,0
TXN82665358,1
TXN52981057,1
TXN72173347,0
TXN97931031,1
TXN42366901,1
TXN73176404,0
TXN97305082,0
TXN42073320,0
TXN42396525,1
TXN61022071,0
TXN37440258,1
TXN17392667,0
TXN83427679,1
TXN91232073,1
TXN20901598,0
TXN25772836,0
TXN86334141,1
TXN51839603,1
TXN90928609,0
TXN85170073,0
TXN46190181,1
TXN70697567,0
TXN93963746,1
TXN36795718,1
TXN13571145,1
TXN95431030,0
TXN01954979,0
TXN02963679,0
TXN97144789,1
TXN11232229,0
TXN05065349,0
TXN46712731,0
TXN91752775,0
TXN14734416,0
TXN55422898,1
TXN96436300,0
TXN43438579,0
TXN15503897,1
TXN34775154,0
TXN00536144,1
TXN45753432,0
TXN53176353,1
TXN68520148,0
TXN70571830,1
TXN71563909,0
TXN24607190,0
TXN12916129,0
TXN86395470,0
TXN55627964,1
TXN38504716,1
TXN49608693,0
TXN16654645,0
TXN74137588,0
TXN39198879,1
TXN78331369,0
TXN52997096,1
TXN62222337,0
TXN04478088,0
TXN50241529,0
TXN15156329,1
TXN59983815,1
TXN86305113,0
TXN75308520,1
TXN85695825,1
TXN19141903,1
TXN52576067,0
TXN88086701,1
TXN69719816,0
TXN45661748,0
TXN53592326,1
TXN51856211,0
TXN97194491,1
TXN15114411,1
TXN66068052,1
TXN98493800,1
TXN14665296,0
TXN10158936,1
TXN18168684,0
TXN65189687,0
TXN05327219,1
TXN84536826,0
TXN84624634,0
TXN70289997,1
TXN29835793,0
TXN23347059,1
TXN98180908,1
TXN08627307,1
TXN61491135,1
TXN91226862,0
TXN65827673,1
TXN56998332,0
TXN09472371,0
TXN32052375,0
TXN39203258,0
TXN46295160,0
TXN36450986,0
TXN36608806,0
TXN75410122,1
TXN04934402,0
TXN33858687,0
TXN35219444,0
TXN33762411,0
TXN42431301,1
TXN70553820,0
TXN65195310,1
TXN70428344,0
TXN37492654,1
TXN90696535,0
TXN55128014,1
TXN88566279,0
TXN76503155,1
TXN27813246,0
TXN64412244,0
TXN94711910,1
TXN71239352,0
TXN55537959,0
TXN13447242,0
TXN40602641,0
TXN42044831,1
TXN71046802,1
TXN75029411,0
TXN46569372,1
TXN54362562,0
TXN16034933,0
TXN56517856,0
TXN13850217,0
TXN23086653,1
TXN93319754,1
TXN70152669,1
TXN59941192,0
TXN24971241,1
TXN53749494,0
TXN32526195,0
TXN90820583,0
TXN90535686,0
TXN82075109,1
TXN23608069,0
TXN88991464,1
TXN74085357,1
TXN92329386,0
TXN97456771,1
TXN78649832,0
TXN94341577,1
TXN57049904,1
TXN82453620,0
TXN55895599,0
TXN76451327,0
TXN72040060,1
TXN23014180,1
TXN38735747,0
TXN99733008,1
TXN17467953,1
TXN00723153,1
TXN06517453,0
TXN04262752,1
TXN33751173,1
TXN20069300,0
TXN05965378,0
TXN36610634,1
TXN98486615,1
TXN52404473,1
TXN19101479,1
TXN26417875,1
TXN62558260,0
TXN61574012,0
TXN01564611,1
TXN54822766,0
TXN29360377,1
TXN87150307,0
TXN33737829,1
TXN05944406,1
TXN90673632,0
TXN69633133,1
TXN10227988,0
TXN86887220,0
TXN35681394,1
TXN98201464,0
TXN62755923,1
TXN71853166,0
TXN53323956,1
TXN81007441,1
TXN13071204,1
TXN41817425,0
TXN19619157,1
TXN24704927,0
TXN23463829,0
TXN64933961,1
TXN52233116,0
TXN09855480,1
TXN64657568,1
TXN31451927,1
TXN31825766,0
TXN61336228,1
TXN64512148,0
TXN90138300,0
TXN34788524,1
TXN94943335,0
TXN18034487,0
TXN69946561,0
TXN87699394,1
TXN71302952,1
TXN29718356,0
TXN41075630,1
TXN34326077,1
TXN42795541,0
TXN56568020,1
TXN70024598,0
TXN39445358,1
TXN77779672,1
TXN34527112,1
TXN26649994,0
TXN04230820,0
TXN51266383,0
TXN15259750,0
TXN35208477,1
TXN04573100,1
TXN38566877,0
TXN97697554,0
TXN04802958,1
TXN73848522,0
TXN34847586,1
TXN71392160,0
TXN58818466,1
TXN51698986,0
TXN50764122,0
TXN59709958,1
TXN53199152,0
TXN02425519,1
TXN13483047,0
TXN42660518,0
TXN50490860,0
TXN51629227,0
TXN55660576,1
TXN25604298,0
TXN59612359,0
TXN00808470,1
TXN16461260,0
TXN70197800,1
TXN02227765,1
TXN33517811,0
TXN77942665,0
TXN48476997,0
TXN85456009,1
TXN77011239,0
TXN85912902,1
TXN38362170,1
TXN15194641,1
TXN91444261,1
TXN34678509,1
TXN57120576,1
TXN81025798,0
TXN97103146,1
TXN28568939,0
TXN56934865,0
TXN29313729,0
TXN48144928,1
TXN44939887,1
TXN75089388,0
TXN58819816,0
TXN72230044,1
TXN51545811,1
TXN71160661,0
TXN75344303,1
TXN62047963,0
TXN22728221,1
TXN74848665,1
TXN42578518,1
TXN19969544,1
TXN19206029,0
TXN72733768,0
TXN07768193,1
TXN56771086,1
TXN78480843,0
TXN38011238,0
TXN39553834,1
TXN74891849,1
TXN95219968,1
TXN78739159,1
TXN30399634,0
TXN01496963,0
TXN13665890,0
TXN49732613,0
TXN19468981,0
TXN06380425,1
TXN37099733,1
TXN94896251,0
TXN74504838,0
TXN68394752,1
TXN41990895,0
TXN10373840,1
TXN10698442,0
TXN81797393,0
TXN01588388,0
TXN10746969,1
TXN41931957,0
TXN44389569,0
TXN62994246,0
TXN04542215,1
TXN93727657,0
TXN16444380,1
TXN78932374,0
TXN26438109,1
TXN30652948,0
TXN10868044,1
TXN15861827,1
TXN28731558,0
TXN04685876,1
TXN07907027,1
TXN08627869,0
TXN12019347,1
TXN23065015,1
TXN57410136,1
TXN23199502,1
TXN67838167,1
TXN69183785,1
TXN28560756,0
TXN02346669,1
TXN04021643,0
TXN49882188,0
TXN56823522,0
TXN90987725,1
TXN76066826,1
TXN55292260,1
TXN96434881,0
TXN66021326,1
TXN03944303,1
TXN88842795,1
TXN22977500,1
TXN50720977,0
TXN53500549,0
TXN44974634,0
TXN30132205,0
TXN30998330,1
TXN64939040,0
TXN32290894,1
TXN48002810,0
TXN30145329,0
TXN26584331,0
TXN11696442,1
TXN67574085,1
TXN53587970,1
TXN90020400,0
TXN80392019,0
TXN40513179,1
TXN26946467,1
TXN51578523,1
TXN37196647,0
TXN72954408,1
TXN42357761,1
TXN42365904,1
TXN09338589,0
TXN19618085,1
TXN65759611,1
TXN71266195,1
TXN76176143,1
TXN99991787,1
TXN87608973,1
TXN08219304,0
TXN06281891,0
TXN95001317,0
TXN54412957,1
TXN63803101,0
TXN22814371,1
TXN45316941,1
TXN98529008,0
TXN65325101,1
TXN99200694,0
TXN34427060,0
TXN93960806,1
TXN18212703,1
TXN72402554,1
TXN64585037,0
TXN78651997,1
TXN94239051,1
TXN86586317,0
TXN54187892,0
TXN04249531,0
TXN14316704,0
TXN85898709,0
TXN82295448,0
TXN78710680,1
TXN98221021,1
TXN62088245,0
TXN72522941,1
TXN78935062,1
TXN68678656,0
TXN74029332,0
TXN02943795,1
TXN86273479,1
TXN05254403,0
TXN51999510,0
TXN61436966,1
TXN27341183,0
TXN97809674,1
TXN10147476,1
TXN51286829,1
TXN68094771,0
TXN97657195,1
TXN55698138,1
TXN24210086,0
TXN98135120,1
TXN43453727,1
TXN04601369,0
TXN79320126,0
TXN13874618,1
TXN53242087,0
TXN29045097,0
TXN44021812,0
TXN24667239,0
TXN37202458,0
TXN68923624,1
TXN50605209,0
TXN11411117,1
TXN63095441,1
TXN09805713,1
TXN15125382,0
TXN92631595,1
TXN45417601,1
TXN16858565,0
TXN17348429,0
TXN04406810,0
TXN88811648,1
TXN33713232,0
TXN41360932,0
TXN18022806,1
TXN64413552,0
TXN36796932,1
TXN90357042,0
TXN01496777,0
TXN39292377,1
TXN20828596,0
TXN94788073,0
TXN11526511,0
TXN74702121,0
TXN38587851,1
TXN52021820,0
TXN88848144,0
TXN71479735,0
TXN97167946,1
TXN91390948,0
TXN63717728,0
TXN94693344,1
TXN24671937,0
TXN29557432,0
TXN26831385,1
TXN53352276,0
TXN69126144,0
TXN46985557,0
TXN19683602,1
TXN31692904,1
TXN36854952,1
TXN12254929,0
TXN31109501,1
TXN88162772,1
TXN31089644,1
TXN57092329,0
TXN95619577,1
TXN68164426,1
TXN33671289,0
TXN30717131,0
TXN68436412,0
TXN31852967,0
TXN42203421,0
TXN41097646,0
TXN22806460,1
TXN92977636,0
TXN15283871,0
TXN05103020,0
TXN96136362,1
TXN36447940,1
TXN32407201,0
TXN77840019,0
TXN54847012,1
TXN98055495,0
TXN58138440,1
TXN23740460,1
TXN53649605,1
TXN67536913,0
TXN31658110,0
TXN50143819,0
TXN64415373,0
TXN58377300,0
TXN65555564,0
TXN25764562,1
TXN35257493,1
TXN00667149,0
TXN59168763,1
TXN30560266,1
TXN56984309,0
TXN70889520,1
TXN39493141,0
TXN86410435,0
TXN92408579,1
TXN12476614,1
TXN20656030,0
TXN64237001,0
TXN26655283,1
TXN72177199,0
TXN50576967,0
TXN12913197,0
TXN35358897,0
TXN98650085,0
TXN12704481,0
TXN38853961,0
TXN02079599,1
TXN65292102,1
TXN71687026,0
TXN92658215,1
TXN36979952,0
TXN54412426,1
TXN08324189,1
TXN37479334,1
TXN42600524,1
TXN92995741,1
TXN05547169,1
TXN80764499,0
TXN33629985,0
TXN24011691,1
TXN33977743,1
TXN06482035,1
TXN25656750,0
TXN74566715,0
TXN30777490,1
TXN32562406,0
TXN14034853,0
TXN01695591,1
TXN85097736,0
TXN36130494,1
TXN61585440,1
TXN84979220,0
TXN48004187,1
TXN46728838,0
TXN46843597,0
TXN68789021,1
TXN34605760,1
TXN33817153,1
TXN48281014,1
TXN55866219,1
TXN31907027,1
TXN11431294,1
TXN57716950,0
TXN26629811,0
TXN12315201,0
TXN92803410,1
TXN20834461,1
TXN20729912,1
TXN25640348,1
TXN26808668,1
TXN20002567,0
TXN87247541,1
TXN87095178,1
TXN07492005,1
TXN13441605,1
TXN34120377,0
TXN03346455,1
TXN96782800,1
TXN55038632,0
TXN52789273,0
TXN76337678,0
TXN85270181,1
TXN41059353,0
TXN13658808,0
TXN18082349,1
TXN45690816,0
TXN52729098,0
TXN40473765,0
TXN05171310,1
TXN43538366,1
TXN09768041,1
TXN94388906,1
TXN11617610,1
TXN54896690,0
TXN72768016,0
TXN74156342,1
TXN72202993,0
TXN22520235,1
TXN82172088,0
TXN15372491,0
TXN36496794,0
TXN75924982,1
TXN55892759,0
TXN61466077,0
TXN79701969,0
TXN20938346,0
TXN67364229,0
TXN46537770,1
TXN37561468,1
TXN62674119,1
TXN89717323,0
TXN51097769,0
TXN92010736,1
TXN09334065,0
TXN78524388,1
TXN67993428,0
TXN89698399,0
TXN39243347,0
TXN11796306,0
TXN04494272,0
TXN06339445,0
TXN96437875,0
TXN99343134,1
TXN82036475,1
TXN11211768,1
TXN22634643,1
TXN07879463,1
TXN24454132,1
TXN65114688,0
TXN54914674,0
TXN47975958,1
TXN46372133,1
TXN73813212,0
TXN04765867,0
TXN25750029,0
TXN23906365,1
TXN48055789,1
TXN62962399,0
TXN92061841,1
TXN70148478,1
TXN32761467,1
TXN88111926,0
TXN11545826,1
TXN53768577,0
TXN63002061,0
TXN31504959,0
TXN03879747,0
TXN70596342,1
TXN56615783,0
TXN02834018,0
TXN31681459,0
TXN42741539,1
TXN49137695,0
TXN44053561,1
TXN06403839,1
TXN98900028,0
TXN77218523,1
TXN08180873,1
TXN17573518,1
TXN64712675,1
TXN81475950,1
TXN86282324,0
TXN15777357,0
TXN42412336,1
TXN91286048,1
TXN78048875,0
TXN56873940,1
TXN04363175,0
TXN68169738,0
TXN26392575,1
TXN54671964,1
TXN96390037,0
TXN85377048,1
TXN46318001,0
TXN61097268,1
TXN30622739,1
TXN00235787,0
TXN54237462,0
TXN57730664,0
TXN41894406,0
TXN34502735,0
TXN82954639,0
TXN04362945,1
TXN58020154,1
TXN98951452,0
TXN21194061,1
TXN41937198,1
TXN34451646,0
TXN44505941,1
TXN66118837,1
TXN87711858,0
TXN69789073,0
TXN75413438,1
TXN86967073,1
TXN89238196,0
TXN47893386,1
TXN66238149,0
TXN15634974,0
TXN90017595,1
TXN32045334,1
TXN78115872,0
TXN99240913,1
TXN10683033,0
TXN00443951,1
TXN64853729,0
TXN27164650,1
TXN66057602,0
TXN70785007,1
TXN26916242,1
TXN23910092,1
TXN80005808,1
TXN08444692,1
TXN93603087,1
TXN01838852,0
TXN42127400,1
TXN59324044,1
TXN10793839,1
TXN30801435,0
TXN92113519,0
TXN11335997,0
TXN44281612,1
TXN74916642,0
TXN14778188,1
TXN70939395,1
TXN79589570,0
TXN75577159,0
TXN27267841,1
TXN13247281,1
TXN60385728,1
TXN41205424,0
TXN98369944,0
TXN45686120,1
TXN84296317,0
TXN25527866,1
TXN57629957,1
TXN59881638,0
TXN77694791,0
TXN18405696,0
TXN90540699,1
TXN88791582,1
TXN83316059,1
TXN82638140,0
TXN65462357,1
TXN92436674,0
TXN47080165,1
TXN68791365,1
TXN70063309,0
TXN61146419,1
TXN80179358,0
TXN63184313,1
TXN60399111,0
TXN66046294,1
TXN22211669,0
TXN82308708,0
TXN74849102,1
TXN89437858,0
TXN12481828,0
TXN25529344,1
TXN30621533,1
TXN11246074,0
TXN11184094,0
TXN44861074,1
TXN79271993,0
TXN69810374,1
TXN17067064,0
TXN62405124,1
TXN42162005,0
TXN36255764,1
TXN29888002,0
TXN19711475,1
TXN44829979,1
TXN18707754,1
TXN35086816,0
TXN19290148,1
TXN50735767,0
TXN65500663,1
TXN53161694,1
TXN97012783,0
TXN30162610,1
TXN25668872,1
TXN06828272,1
TXN00734097,1
TXN58425449,1
TXN73149013,1
TXN58037542,1
TXN47215537,0
TXN82035258,0
TXN54583457,0
TXN20615939,0
TXN04251211,1
TXN75760858,0
TXN42995361,1
TXN87240275,1
TXN04531463,0
TXN72191810,1
TXN04096417,1
TXN57097460,0
TXN61232758,1
TXN31323408,1
TXN15011972,0
TXN12417826,0
TXN81118698,0
TXN81312979,0
TXN24714255,1
TXN35228074,1
TXN51576170,1
TXN20751129,1
TXN67659225,1
TXN76326089,1
TXN91386540,0
TXN34133913,0
TXN73401857,1
TXN20438862,0
TXN48599174,1
TXN13883428,1
TXN28229853,1
TXN92715027,1
TXN86512126,0
TXN73943789,1
TXN71749979,0
TXN58526776,0
TXN84513522,0
TXN90940840,0
TXN73381585,1
TXN23073770,1
TXN17060802,1
TXN86117904,1
TXN48730205,1
TXN58726072,0
TXN80578075,0
TXN66122788,1
TXN45612416,1
TXN43438156,1
TXN43953080,0
TXN33807594,0
TXN79147701,0
TXN54112018,1
TXN26116873,1
TXN10363556,1
TXN45547068,1
TXN30539423,0
TXN16114150,0
TXN53542824,0
TXN82257312,0
TXN68268597,0
TXN83083523,1
TXN22393983,1
TXN04621961,1
TXN20557188,0
TXN12807036,0
TXN99357694,1
TXN22281743,0
TXN68626149,0
TXN80661886,1
TXN25457606,0
TXN83369672,0
TXN15405377,1
TXN34762802,1
TXN99527114,0
TXN94030017,0
TXN20766125,0
TXN82570607,0
TXN50591196,1
TXN32337628,0
TXN27079341,0
TXN22130368,0
TXN63920162,1
TXN59630018,1
TXN14338517,0
TXN14117474,1
TXN13513698,1
TXN30132344,0
TXN00142595,0
TXN99294517,1
TXN63393973,0
TXN99021774,0
TXN83512002,0
TXN00247352,0
TXN51249244,1
TXN64475585,0
TXN08410837,1
TXN00338613,1
TXN28901512,0
TXN34240812,0
TXN84846044,0
TXN53713599,1
TXN99543340,0
TXN89939732,1
TXN21126965,0
TXN18399987,0
TXN64693585,0
TXN59937285,0
TXN71630087,0
TXN55087436,1
TXN13224460,0
TXN51195008,1
TXN92018674,0
TXN63778158,1
TXN46442720,0
TXN48536259,0
TXN14027854,0
TXN36707845,0
TXN09005312,0
TXN07305315,1
TXN63711018,1
TXN86026764,1
TXN48742582,1
TXN25967250,0
TXN27668528,1
TXN69567579,0
TXN41948394,0
TXN95321994,0
TXN74649097,1
TXN59989099,1
TXN63274969,0
TXN45623463,0
TXN76141178,0
TXN65462890,0
TXN80908427,0
TXN19356469,1
TXN79796004,0
TXN70631262,0
TXN74220126,0
TXN61900163,1
TXN08789021,1
TXN44879668,0
TXN08445171,1
TXN11075020,0
TXN35195226,0
TXN69369015,0
TXN54521367,1
TXN74597531,1
TXN81458516,0
TXN98864873,0
TXN03958902,0
TXN37396427,1
TXN22102268,0
TXN44890424,1
TXN64260379,1
TXN85859080,0
TXN52045535,0
TXN25935587,0
TXN98898075,0
TXN65386126,0
TXN38913139,0
TXN61875927,0
TXN96081028,1
TXN38294443,1
TXN66639659,1
TXN28823649,0
TXN21020366,0
TXN53092730,1
TXN51193633,1
TXN25031098,1
TXN65288188,1
TXN59072630,0
TXN08146507,0
TXN08365124,1
TXN24269520,1
TXN68965672,0
TXN19952153,0
TXN52241411,0
TXN87207622,0
TXN22535950,0
TXN94246570,1
TXN16746554,1
TXN41718656,0
TXN01851678,0
TXN93523639,0
TXN60649337,0
TXN05276473,1
TXN68544432,0
TXN91521748,1
TXN59586663,0
TXN65631855,0
TXN77517482,1
TXN60572085,1
TXN43737127,0
TXN53043257,0
TXN40152667,0
TXN57495981,0
TXN52435503,0
TXN18264538,1
TXN91828836,1
TXN29649006,1
TXN06253869,1
TXN20427233,0
TXN91024166,1
TXN00646856,1
TXN98645524,0
TXN07761972,0
TXN93320876,0
TXN06779486,0
TXN01195582,1
TXN06604462,0
TXN27415159,0
TXN27242543,0
TXN89696329,0
TXN74097540,1
TXN19206664,0
TXN15140475,0
TXN58978552,1
TXN88791123,0
TXN26781920,1
TXN53028151,1
TXN36649550,1
TXN42944295,0
TXN41350431,0
TXN41465871,1
TXN11617873,1
TXN88237219,1
TXN44106423,1
TXN38349356,0
TXN23906903,1
TXN78482202,1
TXN24193477,0
TXN74163206,0
TXN47906805,1
TXN67255494,1
TXN20913703,1
TXN49519773,1
TXN64565897,0
TXN05010103,0
TXN86733462,0
TXN40209595,0
TXN25338556,0
TXN32978671,1
TXN51032344,0
TXN66153923,0
TXN31045134,0
TXN69858190,0
TXN93113802,1
TXN04665899,1
TXN90071132,0
TXN97040189,1
TXN17004412,1
TXN88176738,0
TXN93593068,0
TXN44870410,0
TXN12844236,0
TXN50462114,0
TXN44517811,1
TXN77251281,0
TXN37004047,1
TXN46196468,0
TXN09437054,0
TXN39877122,1
TXN70612520,1
TXN40861531,1
TXN26051681,1
TXN08920215,1
TXN58580593,0
TXN56999801,1
TXN07572920,0
TXN57958683,1
TXN47827774,0
TXN97345940,1
TXN30897456,0
TXN08993062,1
TXN47251075,0
TXN64936941,0
TXN77227992,0
TXN10541855,0
TXN41963081,1
TXN72939505,1
TXN40059158,1
TXN94480878,0
TXN67354039,1
TXN24732370,0
TXN51469630,1
TXN30389824,0
TXN92668472,0
TXN27810146,0
TXN05137273,1
TXN71509023,0
TXN75841474,1
TXN88678215,1
TXN74379089,0
TXN23036848,1
TXN41836918,1
TXN87778084,0
TXN74913606,0
TXN69151847,1
TXN32146932,1
TXN61930385,1
TXN92108693,0
TXN80224826,0
TXN18639530,0
TXN20042231,1
TXN03781477,1
TXN22068915,1
TXN70272051,0
TXN79036466,0
TXN91004783,0
TXN02006251,1
TXN14618802,0
TXN35683156,1
TXN25035219,1
TXN31868616,1
TXN93646982,1
TXN19151627,0
TXN36232321,1
TXN68173787,0
TXN90169544,0
TXN75571821,0
TXN73684421,0
TXN19013406,0
TXN36393308,1
TXN98792964,0
TXN42046786,0
TXN63112776,0
TXN38585702,1
TXN37021489,1
TXN39392860,0
TXN60834769,0
TXN04281040,1
TXN46374856,1
TXN78690666,0
TXN45019847,1
TXN19637137,1
TXN32784828,1
TXN52566742,0
TXN24566784,1
TXN75026070,0
TXN97574571,1
TXN78937906,1
TXN75657892,1
TXN02647684,1
TXN72852999,0
TXN11016486,1
TXN92000194,0
TXN30242042,1
TXN67377804,1
TXN59536740,1
TXN50090693,0
TXN67582857,0
TXN94363987,1
TXN45099818,0
TXN43262933,1
TXN16992379,0
TXN63247875,1
TXN25580138,0
TXN54170541,1
TXN80581409,1
TXN78852106,0
TXN52824706,1
TXN16554464,0
TXN01660323,1
TXN83613735,1
TXN35352338,0
TXN10744076,1
TXN19317309,1
TXN27107823,0
TXN77296119,0
TXN01868149,1
TXN47126665,1
TXN80324449,1
TXN40186813,1
TXN14557542,1
TXN20214170,1
TXN17216896,1
TXN50019552,1
TXN51759194,0
TXN43515358,1
TXN92417142,0
TXN49365130,1
TXN16272174,1
TXN76408338,0
TXN79503497,1
TXN25367392,1
TXN06150541,1
TXN61129772,1
TXN05788551,0
TXN24865345,0
TXN82463924,1
TXN36101718,0
TXN30154812,1
TXN43075169,1
TXN30757446,0
TXN10652942,0
TXN84625136,0
TXN54275790,1
TXN48085028,0
TXN01692880,1
TXN95231947,0
TXN72131265,0
TXN83085375,1
TXN42438778,0
TXN09897991,0
TXN88012405,0
TXN35537354,1
TXN18192696,1
TXN64465121,0
TXN50186859,0
TXN11974848,1
TXN17281830,1
TXN77110262,0
TXN53190724,0
TXN96166211,1
TXN54620321,0
TXN00257432,0
TXN74907022,1
TXN98803974,1
TXN18730881,1
TXN77556655,0
TXN12143245,1
TXN22228855,0
TXN29242680,1
TXN91556383,1
TXN31493374,0
TXN29179164,0
TXN97038655,0
TXN80262774,1
TXN91316886,0
TXN13629601,1
TXN73016814,0
TXN61034886,1
TXN53798566,1
TXN91998835,1
TXN99578332,0
TXN96172806,0
TXN77087111,0
TXN81210848,1
TXN74626628,1
TXN20362189,0
TXN82504948,0
TXN92160856,0
TXN85422235,1
TXN15849582,0
TXN27367946,1
TXN14387677,0
TXN55968299,1
TXN42740541,0
TXN86586196,1
TXN42496235,1
TXN77856924,1
TXN89611449,0
TXN76496724,0
TXN83634145,0
TXN20385684,0
TXN93038775,0
TXN99178790,0
TXN15519262,0
TXN50675090,0
TXN79975216,0
TXN43714638,1
TXN93320584,1
TXN23962319,0
TXN08002837,1
TXN28226241,0
TXN32944737,1
TXN36994234,1
TXN96647102,0
TXN59604963,1
TXN19368244,0
TXN95242033,0
TXN31940034,1
TXN81365729,1
TXN86940555,0
TXN18548907,0
TXN18486514,0
TXN43096767,1
TXN80037349,0
TXN88110551,1
TXN96867198,1
TXN81877902,0
TXN91943903,1
TXN61569839,0
TXN59133404,1
TXN08108824,1
TXN67711448,0
TXN78210210,0
TXN35469053,1
TXN58568648,0
TXN40379240,0
TXN31522642,0
TXN74497261,0
TXN03302256,1
TXN88894738,1
TXN84457825,0
TXN85619521,1
TXN79086463,0
TXN96979775,0
TXN01417560,1
TXN34167942,0
TXN18312699,0
TXN75475197,0
TXN13692908,0
TXN54678349,0
TXN04835385,0
TXN43330885,0
TXN30007656,1
TXN94752366,0
TXN18250615,1
TXN97496324,1
TXN33925127,1
TXN84684471,1
TXN77680289,1
TXN90596296,0
TXN33595655,1
TXN40986452,0
TXN80962436,0
TXN11762962,1
TXN09536732,0
TXN48770978,1
TXN17485198,0
TXN24141070,1
TXN65574142,0
TXN55116509,0
TXN99105279,0
TXN07216223,1
TXN90743433,1
TXN31400270,0
TXN94077319,1
TXN49384783,0
TXN34197790,0
TXN00505912,1
TXN74085031,0
TXN49491416,1
TXN34886861,1
TXN33870268,1
TXN35189123,0
TXN64285858,1
TXN78690782,0
TXN67674436,1
TXN79750795,1
TXN54962777,0
TXN15810370,0
TXN67891967,1
TXN86053402,1
TXN06701505,1
TXN23087419,1
TXN68285171,0
TXN66749139,0
TXN94929291,1
TXN24485735,0
TXN61748025,1
TXN49666734,0
TXN02856035,0
TXN02250853,1
TXN77134046,1
TXN25974766,1
TXN47876320,1
TXN91420954,0
TXN10768285,1
TXN93452340,0
TXN52861173,0
TXN16443898,1
TXN82647786,0
TXN72870341,1
TXN00540458,1
TXN51828703,1
TXN12688033,0
TXN52108121,0
TXN90665739,0
TXN67469101,1
TXN14842012,0
TXN55265031,0
TXN21240270,0
TXN45506308,1
TXN81110331,1
TXN00140915,0
TXN37485194,0
TXN46168421,1
TXN44813686,0
TXN75291053,1
TXN71512262,1
TXN95444145,0
TXN21462845,0
TXN73345191,1
TXN58224092,1
TXN81129485,0
TXN59772899,0
TXN23689486,0
TXN35624300,0
TXN95034025,1
TXN67524938,1
TXN32412309,1
TXN82222451,1
TXN28209154,0
TXN86244829,1
TXN41388992,0
TXN62302274,0
TXN14338099,1
TXN73279977,0
TXN19527343,1
TXN36115664,0
TXN93708086,0
TXN24665005,1
TXN88098505,1
TXN63590286,0
TXN85266195,0
TXN31553673,1
TXN81149335,0
TXN19400117,0
TXN75340431,1
TXN66212494,1
TXN36281922,0
TXN46389657,0
TXN30530373,1
TXN66547014,1
TXN52062848,0
TXN44858741,1
TXN69203290,1
TXN10491943,0
TXN52554710,1
TXN25266910,1
TXN76652602,1
TXN40094835,0
TXN39166528,1
TXN04251582,0
TXN75610072,0
TXN90848215,1
TXN70169140,0
TXN55623140,1
TXN66779784,0
TXN46922985,0
TXN87480048,0
TXN35576507,1
TXN76361192,1
TXN91146010,1
TXN53366404,0
TXN50263120,1
TXN87242044,1
TXN76865852,0
TXN67889574,0
TXN19631397,1
TXN30138002,0
TXN85568600,0
TXN09220684,1
TXN71837835,1
TXN66448797,1
TXN29794689,1
TXN55895043,0
TXN44035212,1
TXN69861137,1
TXN45443878,1
TXN15999307,1
TXN82114476,1
TXN48215294,0
TXN58448992,1
TXN07654301,1
TXN33834927,0
TXN10758740,0
TXN62959461,0
TXN99414934,0
TXN78163598,0
TXN30634897,0
TXN81261421,0
TXN21708003,1
TXN55507769,0
TXN03505455,1
TXN75477498,1
TXN90051751,0
TXN81931475,1
TXN06926161,1
TXN39791048,0
TXN48963135,1
TXN32021165,1
TXN32568656,1
TXN65979800,1
TXN42935779,0
TXN65255352,1
TXN06091939,0
TXN59494115,0
TXN28203930,0
TXN74534240,1
TXN99949349,0
TXN51498455,1
TXN45745507,0
TXN88606265,1
TXN92181841,1
TXN66781232,1
TXN94034023,0
TXN28296811,0
TXN91993434,1
TXN62664280,0
TXN30702354,0
TXN47701917,0
TXN41032577,1
TXN50287398,1
TXN76577285,0
TXN14333471,1
TXN16407586,0
TXN45389384,1
TXN06953189,1
TXN92222297,0
TXN81920951,1
TXN61938080,1
TXN54918297,1
TXN25527156,1
TXN91189443,0
TXN19745731,1
TXN44608091,0
TXN05482214,1
TXN50332327,1
TXN26780935,0
TXN77349204,1
TXN86629694,1
TXN85215473,1
TXN16374280,0
TXN47938446,1
TXN90345373,0
TXN67816979,0
TXN00911880,0
TXN58239018,0
TXN05570724,1
TXN81840979,1
TXN29075629,1
TXN49084878,1
TXN53073222,0
TXN50573794,0
TXN26301863,1
TXN99570085,1
TXN80779397,0
TXN45884981,1
TXN78495846,0
TXN12263111,0
TXN57397683,1
TXN80550379,0
TXN76952633,1
TXN15285744,1
TXN01036107,0
TXN38283758,1
TXN87600563,1
TXN54443077,1
TXN51027374,1
TXN28312590,0
TXN62680480,0
TXN75086155,0
TXN19566904,1
TXN83091609,0
TXN41935781,1
TXN20862124,1
TXN46690026,1
TXN95057332,0
TXN06533477,0
TXN98600953,1
TXN82380389,0
TXN91711427,0
TXN93211564,1
TXN73382392,1
TXN20498082,0
TXN96546830,0
TXN11736965,1
TXN83828824,1
TXN39055883,1
TXN77617044,0
TXN66532114,0
TXN32414880,1
TXN92816257,1
TXN84558409,1
TXN65355450,0
TXN12196577,1
TXN81963750,0
TXN04144400,1
TXN22445059,1
TXN14843293,0
TXN69292416,1
TXN79716137,1
TXN78922388,1
TXN12925244,1
TXN76643801,1
TXN47869440,0
TXN66226961,0
TXN20666866,1
TXN19936629,0
TXN62696958,0
TXN10770431,1
TXN92539599,0
TXN88265279,1
TXN74505655,1
TXN96001620,0
TXN86153958,1
TXN67052004,1
TXN00484753,0
TXN82444438,1
TXN09913921,0
TXN11401246,0
TXN83039013,1
TXN94839353,1
TXN95590213,1
TXN96369121,1
TXN85504737,1
TXN75742872,0
TXN40878967,1
TXN67508736,1
TXN68232800,1
TXN92098249,0
TXN26314635,0
TXN05524059,0
TXN68752473,1
TXN35209312,0
TXN68938864,0
TXN73033212,1
TXN71614331,0
TXN09498460,0
TXN36667270,0
TXN73673317,0
TXN55763248,1
TXN52454570,1
TXN94297821,1
TXN64305534,0
TXN50638236,0
TXN77697629,1
TXN27099073,0
TXN74682170,1
TXN44847812,1
TXN70570218,0
TXN71089713,1
TXN77152854,1
TXN06923709,0
TXN95794074,0
TXN80790632,0
TXN76304435,0
TXN61432769,0
TXN86901329,0
TXN09402888,0
TXN23563737,1
TXN09866546,0
TXN04466935,1
TXN39252178,0
TXN35452990,1
TXN69035268,0
TXN99007739,0
TXN10413951,0
TXN24302019,1
TXN92042378,0
TXN29943772,0
TXN92975184,0
TXN29132036,1
TXN15099581,0
TXN06458364,1
TXN19979599,1
TXN41660163,0
TXN09488107,0
TXN53278491,1
TXN33491609,1
TXN97601731,1
TXN70216191,0
TXN46190290,0
TXN79035079,1
TXN04264928,0
TXN07871209,1
TXN27979387,0
TXN21160730,1
TXN42041471,1
TXN11124542,0
TXN21295364,1
TXN95253692,1
TXN77447834,0
TXN76739380,0
TXN46403727,1
TXN91804554,0
TXN49758491,0
TXN00021501,1
TXN16872615,1
TXN66122985,1
TXN23322245,0
TXN49415481,1
TXN71539408,1
TXN39367964,1
TXN21037400,1
TXN84983213,0
TXN59189879,0
TXN78043588,0
TXN21942840,1
TXN86792694,1
TXN44336915,0
TXN35296836,0
TXN60564282,0
TXN44728840,0
TXN94687902,0
TXN60171036,0
TXN45864556,0
TXN04280961,1
TXN46999098,1
TXN47703819,1
TXN79685249,0
TXN44818364,1
TXN05274405,0
TXN30425955,1
TXN85618717,0
TXN94858778,0
TXN76087163,0
TXN10913601,1
TXN48769108,0
TXN44317093,0
TXN04459469,0
TXN71786261,1
TXN43409099,1
TXN32620971,0
TXN54160279,1
TXN08877628,1
TXN79706977,0
TXN29037204,0
TXN91453649,0
TXN65159161,0
TXN78268224,1
TXN32603462,0
TXN61495355,0
TXN81324889,1
TXN95858264,1
TXN13689122,0
TXN09103967,1
TXN53009302,0
TXN22473287,0
TXN50032197,0
TXN24655372,1
TXN14012798,1
TXN02172850,1
TXN04410471,1
TXN48327525,0
TXN30701474,0
TXN87564085,1
TXN26469389,0
TXN54931747,0
TXN46737207,1
TXN84940520,1
TXN00867453,1
TXN93290449,1
TXN26348891,0
TXN99084184,1
TXN14437375,1
TXN17172857,0
TXN53452794,0
TXN12314396,1
TXN46132581,0
TXN26803512,1
TXN88512308,0
TXN60253542,0
TXN12946500,0
TXN82985879,1
TXN24009248,1
TXN54422676,0
TXN18636649,0
TXN99347564,0
TXN80177908,1
TXN46492472,1
TXN92919438,1
TXN72725785,1
TXN84347318,0
TXN92660719,1
TXN93361000,1
TXN92375341,0
TXN10423643,1
TXN24654148,0
TXN48276107,0
TXN02831873,0
TXN57391311,1
TXN05544527,0
TXN61554593,0
TXN96419215,1
TXN25467597,0
TXN62280317,1
TXN25482445,0
TXN71965563,1
TXN84131018,0
TXN35434771,1
TXN30309421,1
TXN48805689,1
TXN50412196,0
TXN52126355,0
TXN56638400,1
TXN02098093,0
TXN33953337,0
TXN32926208,1
TXN90233795,1
TXN77070633,1
TXN25005018,0
TXN61668699,1
TXN70013635,0
TXN42536229,0
TXN07452684,0
TXN10097942,1
TXN07117847,0
TXN13814319,1
TXN66225221,1
TXN21088579,1
TXN70495851,1
TXN46981323,0
TXN34489431,1
TXN75668227,0
TXN16818742,0
TXN23106426,0
TXN81674149,1
TXN79174006,1
TXN57388121,1
TXN36714601,1
TXN81300489,1
TXN69539959,1
TXN83258885,0
TXN79432887,0
TXN09358838,1
TXN65624792,0
TXN86834741,1
TXN39555845,1
TXN61311554,1
TXN19793650,1
TXN54346441,1
TXN62746717,0
TXN54286163,1
TXN61279533,1
TXN80021407,0
TXN79179403,1
TXN70920738,1
TXN51346759,0
TXN81546711,1
TXN81451117,0
TXN62485881,0
TXN14413662,0
TXN51706075,0
TXN08933683,1
TXN37578941,1
TXN71462001,0
TXN31920344,1
TXN46891900,0
TXN38193534,1
TXN72180846,1
TXN77308324,1
TXN26582876,0
TXN14054143,1
TXN79595559,1
TXN40968227,1
TXN21150730,0
TXN90111502,1
TXN85276205,1
TXN45979325,1
TXN81584011,0
TXN62440192,0
TXN95249180,0
TXN73397307,1
TXN56651897,0
TXN34118668,1
TXN88225707,0
TXN34314347,0
TXN38397806,1
TXN91995816,0
TXN74492541,1
TXN31750343,0
TXN56552238,0
TXN76842869,1
TXN28645837,0
TXN93240670,1
TXN44850877,1
TXN03873820,1
TXN33342910,0
TXN62555846,1
TXN76771922,0
TXN03766667,1
TXN13943991,1
TXN72627481,0
TXN12957946,0
TXN44534956,0
TXN13802652,0
TXN02352650,1
TXN36874965,1
TXN61316946,0
TXN87686625,0
TXN40215763,1
TXN61982958,0
TXN43701441,0
TXN88854547,1
TXN16252575,0
TXN42236697,0
TXN08026681,0
TXN55441178,1
TXN74159119,1
TXN86092668,1
TXN48159658,1
TXN09770979,1
TXN32793393,1
TXN96306275,1
TXN88704481,1
TXN53027055,1
TXN42423465,1
TXN62429478,1
TXN02720241,0
TXN03253404,0
TXN37859361,0
TXN61588014,0
TXN64542272,0
TXN45128920,1
TXN76534523,1
TXN79232991,1
TXN04280194,0
TXN02604414,0
TXN47518847,0
TXN01963017,1
TXN36834240,1
TXN98575151,1
TXN31803387,1
TXN57747586,0
TXN91921081,1
TXN78734884,1
TXN42428971,0
TXN34729092,1
TXN72347991,0
TXN05904547,0
TXN05356032,1
TXN57212071,1
TXN06702930,0
TXN83173258,0
TXN86011542,0
TXN24668980,0
TXN33775517,0
TXN18901723,0
TXN35589511,1
TXN93165732,1
TXN25368172,1
TXN87564911,0
TXN06651639,0
TXN97431351,0
TXN08575157,1
TXN65419996,1
TXN76805149,0
TXN12689845,0
TXN86832835,0
TXN73377034,0
TXN10270145,1
TXN69349255,1
TXN00970289,1
TXN84038789,0
TXN44651663,0
TXN78374965,0
TXN12704096,1
TXN64062965,0
TXN20222359,1
TXN66441641,1
TXN12120344,0
TXN31802796,1
TXN41683853,1
TXN35787351,1
TXN42707239,0
TXN49452488,1
TXN22580482,1
TXN47194435,1
TXN87301102,0
TXN25509430,1
TXN29807915,1
TXN13363181,1
TXN47360308,0
TXN30434790,0
TXN36775292,0
TXN83547390,0
TXN15292075,1
TXN90535268,1
TXN59266755,0
TXN05063750,1
TXN12440710,1
TXN93772873,1
TXN65325828,1
TXN93594262,0
TXN61807205,1
TXN46556567,1
TXN12768738,0
TXN89361597,0
TXN88612874,1
TXN95168640,1
TXN74969939,0
TXN46154690,1
TXN59322849,0
TXN34648144,0
TXN98263677,0
TXN06133622,0
TXN87292265,1
TXN33725819,0
TXN26133420,1
TXN95926061,0
TXN08026063,0
TXN68929058,1
TXN94050718,1
TXN30471904,0
TXN59584771,1
TXN16230200,1
TXN14400425,0
TXN30290926,0
TXN96616155,1
TXN03122782,0
TXN85389046,0
TXN60348201,0
TXN99486723,0
TXN25025340,0
TXN84565224,1
TXN20243344,1
TXN92205916,1
TXN88553914,0
TXN25781929,1
TXN19967870,1
TXN13011453,1
TXN22685472,1
TXN64903767,1
TXN68127742,1
TXN82606234,0
TXN28923641,0
TXN92390155,1
TXN32193968,1
TXN20179894,1
TXN38105169,0
TXN52961425,0
TXN16567323,1
TXN45261135,1
TXN98653194,0
TXN41967015,1
TXN78098068,1
TXN60195599,0
TXN00357125,1
TXN25532157,0
TXN21459050,1
TXN94012322,0
TXN33998738,1
TXN47083514,0
TXN14020583,0
TXN09147963,1
TXN34483483,1
TXN40354108,0
TXN13500176,0
TXN15958868,1
TXN54544130,0
TXN89556917,0
TXN02335821,0
TXN31365298,1
TXN28182550,0
TXN90039883,1
TXN83055393,1
TXN78022291,1
TXN13132217,0
TXN75970790,1
TXN19600506,1
TXN41710925,0
TXN52611785,0
TXN09375630,0
TXN22856171,1
TXN45594916,0
TXN04944279,1
TXN12249635,0
TXN97833672,0
TXN72491399,1
TXN32462156,1
TXN17633831,1
TXN44763237,0
TXN60561944,1
TXN72296841,1
TXN80456733,1
TXN86968626,1
TXN12830583,0
TXN02056319,0
TXN77130621,1
TXN51388163,1
TXN45929244,1
TXN70574923,0
TXN97475599,0
TXN70647406,0
TXN40805542,1
TXN20340559,0
TXN79508660,0
TXN62238688,1
TXN74994030,0
TXN82487993,1
TXN99128430,0
TXN47142743,0
TXN83620596,0
TXN68727954,1
TXN70679340,0
TXN87087991,0
TXN66954526,1
TXN07718888,1
TXN46446415,1
TXN57885974,1
TXN08578660,0
TXN68161496,0
TXN90739799,0
TXN83650186,0
TXN96841823,0
TXN74154686,0
TXN91227826,1
TXN85947164,1
TXN95639135,1
TXN46267058,1
TXN39913190,1
TXN51697502,1
TXN30002829,1
TXN65739602,0
TXN45294367,1
TXN67522714,0
TXN09187919,0
TXN67098591,1
TXN76885545,1
TXN81960277,0
TXN74216416,0
TXN83845570,0
TXN46545735,1
TXN82212057,0
TXN26163915,0
TXN11858609,1
TXN90404624,1
TXN68725381,1
TXN28930624,1
TXN47464521,0
TXN28589530,0
TXN55125143,0
TXN33232659,0
TXN47133915,0
TXN20463987,0
TXN17864261,0
TXN52598395,0
TXN11444789,1
TXN51788825,0
TXN58829711,1
TXN72152505,0
TXN19193503,0
TXN93642238,0
TXN83589216,1
TXN48988452,0
TXN10371701,1
TXN46342060,1
TXN30757062,0
TXN42908802,1
TXN20338179,1
TXN58167060,0
TXN56639759,1
TXN69897271,1
TXN47213827,0
TXN92646499,0
TXN30101626,1
TXN75636058,1
TXN01959791,1
TXN35452293,1
TXN47255575,0
TXN93432198,0
TXN13748593,0
TXN29403626,0
TXN83253380,0
TXN78074127,1
TXN45851652,1
TXN19296635,0
TXN85122976,0
TXN02505308,0
TXN81359539,0
TXN26733571,0
TXN95396122,0
TXN29750393,0
TXN50001682,0
TXN82270238,1
TXN64008391,0
TXN53616159,1
TXN61026167,0
TXN76701195,1
TXN63595789,0
TXN77825817,0
TXN07057352,0
TXN93208607,1
TXN30247899,0
TXN18633782,1
TXN71755332,0
TXN13623149,0
TXN34067915,1
TXN44510140,1
TXN61697738,1
TXN06410841,1
TXN84914366,1
TXN99268972,0
TXN30962372,0
TXN87857538,0
TXN01112821,1
TXN35675132,1
TXN85330819,1
TXN74120525,0
TXN65003057,1
TXN19408926,1
TXN45349627,0
TXN97511525,0
TXN65348805,0
TXN60990316,1
TXN37853534,0
TXN96943453,0
TXN40730059,0
TXN06928790,1
TXN22649932,1
TXN64435832,0
TXN38686178,0
TXN86490873,0
TXN40662497,0
TXN82574069,1
TXN21050237,0
TXN50532762,1
TXN28289797,0
TXN73484626,1
TXN01097715,1
TXN51122929,1
TXN29176839,1
TXN75217946,1
TXN75776961,1
TXN39131456,0
TXN56731296,1
TXN83256527,0
TXN03212336,1
TXN56293873,0
TXN42936651,1
TXN41421594,0
TXN85900622,1
TXN97159424,1
TXN52709680,1
TXN41181103,1
TXN87458648,0
TXN28274286,1
TXN97784110,0
TXN21048158,0
TXN82141614,0
TXN00733095,1
TXN81019172,1
TXN64852885,1
TXN88312362,0
TXN02010935,0
TXN68512423,0
TXN43410484,0
TXN37541525,0
TXN54234500,0
TXN01219479,0
TXN23840146,0
TXN52416717,1
TXN19394074,1
TXN38698796,0
TXN02348948,0
TXN62017911,1
TXN19601919,1
TXN57793167,1
TXN97453872,1
TXN39524897,0
TXN91253373,0
TXN58745398,1
TXN41549908,0
TXN79801949,1
TXN92151858,0
TXN97261451,0
TXN00470273,1
TXN35715907,0
TXN59678774,0
TXN80082425,1
TXN37799484,1
TXN51887486,0
TXN17702330,1
TXN27296145,0
TXN91474480,0
TXN06091180,0
TXN27312409,0
TXN46478768,1
TXN81728723,0
TXN51459021,1
TXN48300551,0
TXN09311415,0
TXN35792535,0
TXN76668683,0
TXN70678124,0
TXN32210437,0
TXN24078164,0
TXN65735473,0
TXN38638354,1
TXN68567026,1
TXN26659364,0
TXN14479979,0
TXN14946411,0
TXN08236205,1
TXN62953988,1
TXN79685639,1
TXN73374920,1
TXN62914102,0
TXN92293022,0
TXN15654187,0
TXN60033909,1
TXN58298426,0
TXN08846227,1
TXN59293677,1
TXN79344552,0
TXN83196565,1
TXN99518226,0
TXN15470470,0
TXN36517804,0
TXN05644409,1
TXN60432453,0
TXN88490278,0
TXN86174755,1
TXN77474799,0
TXN52994987,0
TXN86705676,1
TXN87415818,0
TXN17898062,0
TXN25091090,1
TXN31951167,0
TXN16361356,0
TXN66891360,1
TXN76627534,1
TXN80282695,1
TXN26387558,0
TXN11472490,1
TXN27461739,1
TXN37232239,0
TXN22414123,0
TXN39235644,1
TXN44139917,0
TXN08193074,1
TXN06157060,1
TXN67814846,0
TXN30931581,1
TXN91622173,0
TXN70635830,0
TXN07836924,1
TXN70584934,1
TXN30624245,1
TXN94702079,0
TXN00594289,0
TXN82001805,0
TXN19918227,1
TXN22662444,0
TXN55272003,1
TXN28285067,1
TXN28976063,0
TXN71101650,0
TXN70430883,0
TXN56397826,0
TXN47843503,1
TXN07586857,1
TXN79166118,1
TXN72269480,1
TXN53636130,0
TXN66954231,1
TXN65965841,1
TXN05811581,0
TXN98268057,1
TXN22212855,1
TXN31855779,1
TXN17978886,0
TXN80661814,0
TXN66157938,0
TXN88518050,0
TXN60756049,1
TXN60752932,0
TXN40470100,0
TXN13051615,0
TXN18838963,1
TXN45106809,1
TXN61320513,1
TXN37950036,1
TXN32264528,1
TXN23537711,0
TXN40270732,1
TXN57259271,1
TXN04054531,1
TXN69909958,1
TXN61671866,0
TXN62469252,1
TXN38401951,1
TXN50872957,0
TXN75812790,1
TXN32750009,0
TXN22379274,0
TXN68118114,1
TXN79193054,0
TXN67109919,0
TXN51820680,1
TXN98888274,0
TXN83457965,0
TXN35095761,1
TXN64109807,1
TXN40629528,0
TXN47577361,0
TXN22610732,0
TXN54589382,1
TXN70758425,0
TXN10565497,0
TXN63707536,1
TXN51183978,1
TXN95877870,1
TXN06404496,0
TXN30721639,0
TXN36188799,0
TXN48249893,0
TXN44916584,0
TXN42923265,1
TXN57206324,0
TXN91819915,1
TXN50396317,0
TXN65280009,1
TXN50223695,0
TXN81119758,1
TXN63731582,0
TXN24619622,0
TXN07973481,1
TXN26753948,0
TXN53903016,0
TXN49935687,1
TXN55947476,0
TXN91881432,0
TXN83114935,1
TXN83889119,1
TXN36998754,0
TXN70217908,0
TXN71627731,0
TXN03970920,0
TXN20508363,1
TXN90438857,0
TXN01203890,1
TXN92089391,1
TXN02062203,1
TXN00570024,1
TXN30633384,1
TXN60099840,0
TXN68212652,1
TXN06106265,1
TXN69665886,0
TXN05000812,1
TXN69410844,0
TXN17390004,0
TXN54756241,1
TXN29092901,0
TXN96235451,1
TXN30953003,1
TXN92558492,1
TXN19395809,1
TXN68229651,1
TXN05031469,1
TXN28198887,1
TXN80448209,0
TXN36949293,0
TXN38801519,1
TXN56037360,0
TXN80936794,0
TXN04880350,0
TXN92956054,1
TXN30279357,1
TXN07614179,0
TXN58984181,0
TXN09533250,1
TXN26377188,0
TXN84936480,1
TXN24563163,0
TXN35916146,0
TXN11258687,0
TXN59021591,1
TXN21912862,1
TXN15131724,0
TXN99041535,0
TXN16417745,1
TXN03940818,1
TXN17649753,0
TXN02826217,0
TXN81458646,1
TXN75116544,0
TXN89654670,1
TXN81272786,0
TXN59376478,0
TXN95803513,0
TXN76775621,0
TXN14352136,1
TXN38991551,0
TXN79029371,1
TXN77237741,0
TXN02551789,0
TXN41195516,1
TXN99861998,1
TXN94675275,0
TXN60092476,0
TXN73415315,1
TXN48540735,0
TXN66269792,1
TXN73314363,0
TXN87772149,0
TXN09276536,0
TXN40545439,0
TXN06211601,0
TXN23813962,1
TXN39668559,0
TXN17380329,1
TXN76449520,1
TXN90049015,0
TXN25358796,0
TXN75668344,1
TXN93881373,0
TXN18546766,1
TXN22602089,0
TXN15688812,0
TXN61046653,1
TXN37774421,0
TXN05478218,0
TXN57490963,1
TXN17154535,1
TXN85275960,1
TXN68791753,1
TXN98651718,0
TXN72050191,1
TXN42429455,1
TXN30658109,1
TXN33554132,0
TXN77099666,1
TXN12036530,1
TXN56283099,1
TXN63158800,0
TXN61488211,1
TXN52560863,0
TXN12147148,1
TXN65914361,0
TXN85566269,1
TXN15427278,0
TXN63999066,1
TXN13907712,0
TXN86093078,0
TXN70810483,1
TXN99310826,0
TXN35093034,0
TXN99312075,0
TXN65959909,0
TXN45189010,0
TXN44189535,1
TXN10523642,1
TXN60507059,1
TXN79855912,0
TXN42539880,1
TXN51778811,0
TXN05777149,1
TXN15351744,1
TXN39851079,0
TXN70834534,1
TXN03797413,0
TXN25420755,1
TXN05500035,1
TXN20037321,0
TXN60780720,1
TXN66974685,1
TXN54445664,1
TXN54924145,0
TXN26266530,1
TXN65331562,1
TXN10355935,0
TXN06213127,1
TXN02934061,1
TXN26403227,1
TXN98940578,0
TXN43136584,0
TXN98128902,1
TXN95260557,1
TXN64303430,0
TXN86532143,1
TXN83329272,0
TXN55045001,1
TXN93586520,1
TXN81015563,0
TXN09195107,0
TXN23386484,1
TXN21621408,1
TXN53083550,0
TXN97596236,0
TXN14880452,1
TXN34129656,0
TXN38465248,1
TXN87500912,1
TXN02379167,0
TXN95917951,1
TXN42682262,1
TXN53167177,1
TXN39803089,1
TXN83424602,1
TXN04386036,1
TXN45043349,1
TXN15401715,0
TXN33903752,1
TXN07907796,0
TXN77386297,1
TXN20424747,1
TXN33752919,0
TXN15180486,0
TXN66927879,1
TXN32303216,0
TXN55044554,1
TXN93546775,0
TXN57882316,1
TXN64201274,1
TXN28568997,1
TXN45849519,1
TXN79645360,1
TXN32380309,1
TXN47038494,1
TXN30580217,0
TXN75502344,1
TXN99107345,0
TXN83822472,1
TXN42011211,0
TXN64277573,0
TXN38772503,0
TXN61603160,1
TXN80582549,1
TXN82501833,0
TXN77467873,0
TXN15975321,0
TXN10532384,0
TXN27605959,1
TXN44611513,0
TXN12768587,0
TXN09650816,0
TXN09893795,1
TXN98563342,1
TXN30844549,0
TXN96114110,0
TXN05055074,0
TXN42477184,1
TXN40341762,1
TXN20406834,0
TXN19069946,0
TXN33559087,0
TXN24147958,0
TXN18855108,0
TXN39848835,0
TXN87941838,0
TXN40399820,0
TXN33488234,0
TXN79270451,1
TXN89701764,1
TXN85294305,1
TXN40178746,0
TXN29454080,1
TXN03116708,0
TXN57026027,1
TXN92926386,0
TXN13873129,1
TXN00639611,0
TXN76889890,1
TXN04181925,0
TXN87904628,0
TXN18921099,1
TXN35290928,0
TXN53898796,0
TXN24209765,1
TXN66522809,0
TXN92116368,1
TXN67575155,0
TXN86797084,0
TXN21970786,0
TXN11028154,0
TXN54241998,0
TXN94215044,1
TXN89299838,1
TXN12027573,0
TXN07371517,1
TXN41394190,0
TXN08408817,0
TXN34701841,0
TXN33327986,1
TXN77259759,0
TXN07853199,0
TXN08069833,1
TXN23448199,0
TXN72037822,0
TXN43430553,0
TXN66063061,0
TXN40532176,1
TXN61558787,0
TXN09658412,0
TXN60357662,0
TXN39795848,1
TXN64378637,0
TXN38506393,0
TXN96786978,1
TXN57026959,0
TXN78320432,0
TXN09853550,1
TXN98694263,0
TXN82960231,0
TXN77518184,1
TXN67529624,0
TXN38429752,1
TXN99175531,1
TXN53863374,0
TXN13855672,1
TXN32565519,0
TXN87762817,1
TXN10575084,1
TXN44327323,0
TXN31166828,0
TXN20546577,0
TXN04951285,0
TXN30325215,0
TXN13801219,0
TXN56902622,0
TXN55829131,1
TXN17175965,1
TXN22497492,0
TXN71151847,1
TXN60315068,0
TXN97101343,1
TXN05983032,0
TXN30218644,1
TXN38575933,1
TXN22807708,1
TXN22545107,1
TXN41077651,0
TXN27545438,0
TXN86124890,0
TXN76917644,1
TXN83966470,1
TXN54549285,1
TXN78761310,0
TXN96650634,0
TXN44694660,1
TXN44679471,0
TXN82272627,0
TXN16407045,0
TXN37981673,1
TXN52341489,1
TXN97851224,0
TXN40129485,0
TXN60194821,0
TXN27880433,1
TXN12360540,0
TXN01030710,1
TXN44482799,0
TXN32255139,1
TXN90492378,0
TXN05855510,0
TXN09062345,0
TXN75411510,1
TXN04909802,1
TXN10292757,0
TXN34153031,0
TXN75436181,0
TXN88781751,0
TXN88146211,0
TXN11836937,1
TXN32810847,0
TXN21879437,1
TXN46206364,0
TXN70596723,1
TXN53560208,0
TXN68819481,0
TXN07468944,0
TXN36839066,1
TXN17102115,1
TXN24222625,0
TXN02103882,0
TXN81599633,1
TXN40439636,0
TXN50418800,0
TXN30366657,1
TXN98997938,1
TXN50625525,1
TXN58563144,1
TXN18072171,1
TXN48657835,1
TXN53199883,0
TXN93677916,1
TXN26262048,1
TXN92889342,0
TXN92066353,0
TXN58561915,0
TXN94147757,1
TXN31542961,0
TXN36761688,1
TXN64440787,1
TXN52771010,1
TXN75837748,0
TXN02359332,0
TXN32191874,0
TXN06688222,0
TXN53889423,0
TXN03687953,1
TXN21839704,1
TXN89350337,1
TXN84986019,1
TXN70794157,0
TXN66163184,0
TXN91549581,1
TXN77565206,1
TXN22152271,1
TXN66881359,1
TXN94503791,1
TXN77125969,0
TXN43196761,0
TXN90522501,0
TXN27787447,1
TXN82666594,0
TXN54774260,1
TXN32252149,0
TXN62074053,0
TXN27757128,1
TXN99607681,1
TXN76949618,0
TXN82205085,1
TXN68463390,1
TXN47188020,1
TXN43476892,1
TXN13454504,0
TXN32280224,1
TXN20249225,0
TXN37054622,0
TXN21088951,0
TXN34736241,0
TXN93004489,1
TXN94221140,1
TXN01078894,0
TXN61278333,1
TXN06768532,1
TXN25230739,1
TXN40000353,1
TXN11634375,1
TXN51118836,1
TXN45906859,1
TXN46100330,1
TXN73928890,1
TXN90743678,1
TXN44625431,0
TXN46414345,1
TXN72619579,1
TXN12995018,0
TXN66780818,0
TXN92176717,0
TXN00775590,1
TXN05721336,0
TXN25169734,0
TXN87382955,0
TXN72235160,0
TXN47556379,0
TXN36475100,0
TXN72534434,0
TXN05685761,1
TXN06620506,1
TXN52803008,1
TXN70840442,0
TXN60506517,1
TXN82601303,0
TXN11349790,1
TXN16525417,1
TXN21922562,0
TXN01201425,0
TXN39536178,1
TXN87913687,0
TXN45122041,1
TXN77816899,0
TXN54450542,0
TXN62537364,1
TXN05763111,1
TXN88846000,0
TXN65841884,1
TXN89421670,0
TXN51514549,0
TXN76971068,1
TXN94580309,0
TXN93119044,1
TXN77548359,1
TXN20411373,1
TXN12140779,1
TXN89005684,0
TXN18448252,1
TXN19808619,1
TXN89729780,1
TXN52413843,0
TXN62664285,1
TXN53872542,0
TXN92566486,1
TXN12655774,1
TXN48531732,1
TXN64736810,0
TXN00741140,0
TXN94889946,0
TXN22065758,0
TXN46458383,0
TXN72334111,0
TXN51641922,1
TXN26416088,1
TXN06355415,1
TXN77587754,1
TXN55618332,0
TXN19835531,1
TXN56515777,1
TXN01511227,1
TXN11205840,0
TXN99949152,1
TXN15766770,1
TXN33037133,1
TXN66541867,0
TXN38101084,1
TXN12131361,1
TXN21295835,1
TXN06567026,0
TXN76038639,0
TXN12684711,0
TXN60029712,1
TXN79020395,1
TXN97668235,1
TXN81669172,1
TXN23785308,0
TXN18681407,0
TXN27306893,1
TXN49262316,1
TXN82641664,1
TXN39965781,0
TXN43677925,1
TXN53777957,0
TXN24147646,0
TXN47317124,1
TXN46294951,1
TXN17587956,1
TXN34178322,0
TXN89125312,0
TXN17441946,0
TXN60703354,1
TXN39533592,1
TXN97755368,1
TXN76737319,0
TXN33738175,0
TXN35749963,0
TXN71453100,0
TXN95629610,1
TXN90744130,1
TXN93380529,0
TXN86121039,0
TXN79226576,1
TXN50586812,1
TXN27494474,0
TXN62451931,1
TXN12612655,1
TXN31919639,1
TXN88544097,0
TXN51706890,1
TXN30691860,0
TXN14361843,0
TXN28735543,1
TXN29000382,0
TXN51750898,0
TXN86241045,0
TXN42190905,1
TXN64489040,0
TXN17874353,1
TXN71367191,1
TXN58429982,1
TXN82740150,0
TXN26904987,1
TXN00316869,1
TXN04942626,0
TXN19317521,0
TXN00535038,1
TXN42286923,1
TXN95391120,0
TXN28829049,1
TXN78504922,1
TXN11560713,1
TXN54123808,1
TXN29715233,1
TXN07353644,0
TXN70152204,1
TXN81158481,1
TXN59925829,0
TXN15320288,0
TXN64795555,1
TXN21400251,0
TXN67021609,0
TXN39780834,1
TXN06690254,0
TXN21155417,0
TXN25259044,0
TXN15832488,1
TXN83353942,0
TXN87495025,1
TXN52117134,1
TXN54335611,0
TXN83855983,1
TXN93513016,0
TXN70936987,1
TXN40660911,1
TXN71525035,0
TXN59853045,1
TXN25278689,0
TXN27820757,0
TXN37288465,0
TXN72118813,0
TXN84283837,0
TXN44855874,1
TXN67055520,0
TXN51215048,0
TXN92988167,1
TXN91007313,1
TXN77137024,1
TXN09211900,1
TXN03855565,1
TXN71451176,1
TXN59504952,1
TXN29001034,0
TXN43930842,0
TXN07208609,1
TXN55601273,0
TXN23109046,0
TXN30090228,1
TXN15202248,0
TXN29515112,1
TXN83472769,1
TXN77341582,0
TXN05004161,1
TXN49580558,0
TXN34256649,0
TXN07542000,0
TXN59315444,1
TXN67318546,0
TXN57779788,1
TXN94935891,0
TXN20315133,1
TXN92624286,0
TXN80522392,1
TXN02787415,1
TXN90714992,0
TXN81601140,1
TXN08368833,1
TXN14369388,0
TXN71145791,0
TXN26468168,1
TXN43304801,0
TXN82639205,1
TXN01600078,1
TXN48373188,0
TXN66866085,0
TXN72174474,0
TXN71068286,0
TXN18534548,1
TXN15106583,1
TXN89386237,1
TXN21456810,1
TXN82922556,1
TXN21839677,1
TXN55790526,1
TXN83772338,1
TXN76709105,1
TXN22239112,1
TXN31709313,0
TXN17271750,0
TXN89801583,0
TXN26842048,0
TXN32222546,1
TXN22293206,0
TXN09472930,1
TXN31947995,1
TXN05729155,1
TXN86731651,1
TXN45349696,1
TXN40131726,0
TXN03858953,0
TXN09752990,0
TXN74323332,0
TXN95561027,0
TXN66232942,1
TXN09169423,0
TXN40953346,0
TXN95119941,0
TXN77650768,1
TXN17692283,0
TXN04351150,0
TXN86587767,1
TXN10334574,1
TXN16297542,0
TXN29115475,1
TXN42766523,1
TXN52563069,0
TXN59191733,0
TXN52293658,0
TXN80507810,1
TXN62960098,0
TXN65726754,0
TXN57748817,1
TXN86411263,0
TXN06932308,1
TXN00361522,0
TXN30475837,0
TXN53635963,1
TXN48633163,1
TXN93222032,0
TXN20849828,1
TXN13158592,1
TXN00707880,1
TXN27852616,1
TXN43284991,1
TXN40261860,0
TXN25501015,0
TXN26101952,0
TXN13061980,1
TXN01169989,0
TXN10033427,1
TXN79089414,0
TXN28689862,1
TXN47963162,0
TXN82230583,0
TXN76759894,0
TXN48437838,1
TXN74149392,0
TXN88099820,1
TXN10015749,0
TXN20126504,0
TXN08383602,0
TXN55004191,0
TXN79406989,0
TXN76856744,1
TXN49240578,1
TXN28403741,1
TXN34319319,0
TXN22748877,0
TXN06408678,0
TXN25843435,0
TXN68867976,0
TXN47385941,1
TXN31466115,1
TXN43048711,1
TXN56093213,0
TXN06842217,1
TXN18244747,1
TXN37250823,0
TXN90204869,0
TXN78453943,0
TXN85860979,1
TXN03694112,0
TXN85231077,0
TXN70154925,1
TXN40073303,1
TXN24633337,1
TXN09747224,0
TXN78396290,1
TXN97908209,0
TXN87670477,1
TXN21952193,0
TXN19637126,0
TXN16958981,0
TXN69920760,0
TXN14688395,1
TXN14528975,1
TXN59697537,0
TXN83987602,0
TXN34096685,0
TXN56677742,1
TXN84456804,0
TXN52184273,0
TXN72757274,0
TXN88919760,0
TXN70329786,1
TXN89894220,1
TXN44417929,0
TXN33872524,0
TXN49336135,0
TXN87810522,0
TXN02603037,0
TXN82147505,0
TXN64750328,1
TXN52190737,1
TXN41729288,1
TXN23490108,1
TXN84693820,1
TXN21900288,1
TXN72249565,1
TXN21643574,1
TXN59072002,1
TXN39193591,1
TXN59834517,1
TXN38614939,0
TXN63484872,1
TXN56399260,1
TXN84297119,0
TXN75128279,0
TXN64646193,0
TXN31310533,1
TXN44942424,1
TXN82879677,0
TXN67410230,1
TXN10187435,1
TXN75766227,1
TXN99834246,0
TXN29322498,1
TXN87100700,0
TXN57650794,1
TXN24654224,0
TXN60006412,1
TXN75997115,0
TXN92864503,0
TXN58242182,0
TXN98469554,0
TXN91859651,1
TXN73402190,1
TXN93877064,1
TXN63438178,0
TXN82615340,0
TXN67988108,1
TXN95479686,1
TXN71934463,0
TXN02391249,1
TXN01025130,0
TXN02676448,0
TXN56227977,0
TXN86659554,0
TXN63784402,0
TXN63833726,0
TXN68368040,0
TXN91480371,1
TXN06844798,0
TXN88271146,1
TXN66355000,1
TXN23263350,0
TXN38978809,0
TXN53568626,0
TXN32818802,0
TXN67576832,0
TXN46104740,0
TXN60666498,1
TXN33936943,1
TXN58545680,0
TXN95661801,1
TXN04118897,1
TXN73704154,1
TXN53142319,0
TXN65982224,0
TXN79345737,1
TXN13832384,0
TXN12920222,0
TXN93972629,0
TXN70673875,1
TXN82596888,1
TXN86140052,0
TXN44242014,0
TXN70162920,0
TXN84536492,1
TXN70220545,1
TXN15358050,1
TXN41461162,1
TXN07162699,0
TXN41512420,1
TXN24932997,1
TXN61280208,0
TXN58815718,0
TXN95472559,1
TXN06564771,0
TXN09667761,0
TXN68378270,1
TXN69544286,0
TXN35339172,0
TXN46291125,1
TXN41861304,1
TXN77661951,0
TXN41099694,1
TXN03693837,0
TXN33018218,1
TXN61623909,1
TXN01306982,1
TXN30875742,0
TXN23602196,1
TXN57616557,1
TXN36236669,1
TXN11764040,1
TXN32218891,1
TXN91729078,0
TXN06385576,0
TXN56798666,1
TXN21323996,1
TXN06425777,1
TXN39188260,1
TXN86151496,1
TXN83806393,1
TXN88792270,1
TXN17782131,1
TXN37924792,1
TXN23918783,1
TXN62833431,1
TXN69960075,1
TXN95230440,1
TXN88856510,0
TXN61547222,1
TXN76776596,1
TXN82739729,1
TXN25005846,1
TXN76544961,1
TXN27897231,0
TXN44779728,0
TXN91526151,1
TXN65262679,0
TXN44442118,0
TXN70419545,0
TXN52298563,1
TXN57929983,1
TXN89715445,1
TXN94842576,1
TXN64903261,0
TXN45336622,0
TXN53226994,1
TXN94850596,0
TXN17221079,0
TXN61481792,1
TXN90709414,0
TXN13664362,0
TXN44825652,0
TXN58497636,1
TXN82747419,0
TXN42661639,0
TXN21170017,0
TXN48037796,0
TXN61506964,1
TXN44081397,0
TXN52044921,1
TXN09968458,0
TXN71558691,0
TXN62488556,1
TXN56650345,0
TXN46425733,0
TXN32442757,0
TXN17518890,1
TXN79942643,1
TXN07895798,1
TXN43845428,0
TXN29059970,1
TXN82581157,0
TXN77209256,1
TXN47215236,0
TXN19993883,0
TXN83188584,0
TXN72263415,1
TXN54873865,1
TXN29668790,1
TXN22909335,0
TXN42800449,1
TXN74271858,1
TXN37675773,0
TXN83583759,0
TXN98512455,1
TXN73187283,1
TXN94437023,0
TXN51111746,1
TXN81071806,0
TXN95846133,1
TXN67794122,1
TXN27945721,1
TXN34582717,0
TXN39099961,1
TXN03823329,1
TXN88829165,1
TXN74182742,0
TXN92228374,0
TXN23810445,0
TXN17669894,1
TXN03603618,0
TXN37282804,0
TXN59293841,1
TXN31667433,1
TXN52175134,0
TXN25051835,0
TXN81693911,0
TXN78174739,0
TXN21936103,0
TXN31976405,1
TXN78369214,0
TXN05030616,1
TXN08783647,1
TXN73263318,0
TXN04810993,0
TXN81816084,0
TXN28188628,0
TXN93544766,0
TXN11399292,0
TXN55617825,0
TXN29115919,0
TXN16006838,0
TXN65514649,0
TXN36141424,1
TXN78811372,1
TXN83520980,0
TXN08083747,1
TXN68493342,1
TXN92247579,0
TXN72533300,1
TXN17466994,0
TXN22945826,0
TXN09742844,1
TXN22247534,1
TXN79269096,1
TXN19503315,0
TXN26487152,1
TXN91993890,0
TXN15847981,1
TXN48699364,1
TXN75618287,1
TXN69406860,1
TXN76378616,0
TXN17357390,1
TXN18158953,0
TXN91941703,0
TXN33754540,1
TXN11695833,1
TXN59901053,1
TXN91979569,0
TXN96806102,1
TXN29831069,1
TXN55339585,0
TXN70379813,1
TXN14458694,1
TXN46031128,1
TXN15606221,1
TXN35411442,0
TXN40898187,1
TXN36204166,0
TXN52372297,0
TXN39873552,0
TXN31480989,0
TXN21190296,0
TXN43699743,1
TXN50961523,0
TXN84472893,0
TXN42119014,0
TXN61342086,1
TXN19276238,1
TXN81362321,1
TXN95719227,1
TXN31794409,1
TXN69809031,1
TXN26692574,0
TXN08419470,1
TXN30902659,1
TXN32291356,0
TXN64419182,0
TXN95196132,1
TXN98225606,0
TXN79783786,1
TXN68725471,0
TXN94949488,0
TXN29463178,0
TXN26868651,0
TXN73381339,1
TXN83189321,0
TXN23072273,0
TXN28273149,1
TXN58700329,0
TXN17365702,1
TXN24760303,0
TXN93490644,1
TXN28163196,1
TXN32632501,1
TXN34191276,0
TXN31851792,0
TXN53299409,0
TXN42578516,0
TXN24374760,0
TXN50963163,0
TXN06100895,1
TXN73845595,0
TXN28558751,1
TXN93698184,0
TXN86235696,1
TXN71151031,0
TXN29876173,1
TXN34805050,0
TXN94998205,0
TXN86320311,1
TXN51073830,0
TXN39605492,0
TXN71457567,0
TXN22876806,1
TXN35460590,0
TXN06041114,1
TXN45644698,1
TXN36535574,0
TXN61490123,0
TXN01524967,1
TXN56686625,1
TXN33425777,1
TXN45352019,0
TXN84209250,1
TXN01384469,1
TXN81514912,0
TXN43654982,1
TXN34700192,1
TXN94400446,0
TXN18042882,1
TXN44826835,0
TXN28271580,1
TXN71908606,1
TXN50315242,0
TXN95280757,0
TXN39604461,0
TXN19820017,0
TXN36907911,0
TXN90231659,0
TXN54564691,0
TXN51555437,1
TXN91903769,1
TXN53550915,0
TXN12748527,1
TXN72445571,0
TXN95902976,0
TXN25098176,0
TXN59903668,0
TXN67022179,0
TXN37494824,1
TXN44550442,0
TXN21761693,0
TXN49820209,0
TXN22535146,1
TXN20430439,0
TXN48731220,0
TXN78443574,1
TXN92066600,1
TXN01820648,0
TXN31346323,1
TXN83476068,1
TXN03134392,0
TXN97645838,1
TXN03395293,1
TXN87714026,1
TXN13880941,0
TXN73743421,1
TXN05557626,0
TXN06214171,0
TXN28412913,1
TXN74494823,1
TXN53420891,1
TXN11674079,0
TXN61748176,1
TXN51383912,0
TXN46749836,1
TXN42206835,0
TXN34118249,0
TXN18420460,0
TXN53594425,1
TXN80243896,1
TXN37700053,0
TXN59385749,0
TXN86875859,0
TXN88832057,0
TXN47448848,1
TXN25702986,0
TXN94214380,1
TXN26984974,0
TXN86499537,1
TXN14282274,0
TXN29343893,0
TXN83714139,0
TXN25907028,1
TXN90841815,0
TXN26926617,0
TXN03482305,1
TXN19527883,1
TXN24308603,1
TXN32682104,1
TXN01023923,0
TXN86741484,1
TXN34009508,1
TXN97065525,1
TXN10165844,1
TXN46266400,1
TXN96664307,1
TXN55272615,0
TXN84682581,1
TXN90440459,0
TXN80044946,0
TXN28919097,0
TXN16283645,0
TXN76996993,0
TXN17639344,1
TXN50365593,1
TXN59848095,0
TXN38286813,1
TXN59646561,0
TXN63223550,1
TXN79913741,1
TXN83543989,1
TXN04869656,0
TXN00857558,1
TXN07766476,1
TXN35158478,1
TXN70400743,0
TXN03705521,0
TXN33613505,1
TXN38012703,0
TXN24183622,1
TXN46239770,0
TXN36529302,1
TXN43084648,0
TXN01423099,1
TXN74991585,1
TXN94101217,1
TXN68023446,0
TXN47118145,0
TXN42191561,0
TXN54766724,1
TXN95422473,0
TXN04643980,1
TXN74152269,0
TXN90566790,1
TXN26135220,0
TXN49974128,0
TXN76578466,1
TXN14986405,1
TXN03413321,0
TXN97453334,1
TXN51257202,0
TXN97377609,0
TXN17249070,0
TXN48172616,1
TXN92896249,0
TXN25078303,0
TXN51786595,0
TXN49552175,1
TXN93562844,1
TXN23400519,1
TXN76619414,0
TXN00676974,1
TXN17395660,1
TXN87802141,0
TXN08993118,1
TXN40456379,1
TXN75223754,0
TXN51344343,0
TXN20473363,0
TXN95966709,1
TXN25421279,0
TXN81174577,1
TXN96972211,1
TXN64881307,1
TXN78969474,1
TXN64749215,0
TXN94366500,0
TXN64755450,1
TXN75996696,1
TXN02215639,1
TXN70057848,0
TXN24847416,1
TXN70974495,1
TXN58701868,1
TXN35852962,0
TXN07826460,1
TXN50792867,1
TXN46010823,1
TXN56597109,1
TXN98007776,0
TXN75764517,0
TXN81649126,1
TXN59915066,0
TXN21498485,0
TXN84485824,0
TXN84541271,0
TXN99835685,1
TXN19117375,0
TXN44058269,1
TXN92590589,1
TXN76167181,0
TXN58395564,1
TXN83209048,1
TXN32226664,0
TXN98353038,1
TXN92245692,1
TXN14185345,1
TXN02271717,0
TXN51944627,1
TXN30809804,1
TXN40511282,1
TXN78494236,0
TXN03620650,0
TXN21163697,0
TXN38992608,0
TXN28569101,1
TXN35359990,1
TXN88014782,1
TXN47907235,1
TXN19600979,1
TXN84410350,1
TXN25907541,1
TXN66425462,0
TXN72413535,0
TXN24260657,1
TXN70701439,0
TXN47506031,0
TXN13787265,1
TXN17864096,0
TXN02094067,1
TXN06044742,0
TXN75717343,0
TXN12241651,0
TXN04867775,0
TXN10169279,1
TXN76218049,0
TXN59365241,0
TXN38929725,1
TXN26613000,0
TXN43494236,1
TXN42267445,0
TXN27004983,0
TXN97220374,0
TXN70021641,0
TXN11753648,0
TXN61126902,0
TXN90439420,0
TXN40490897,1
TXN73281103,0
TXN49246161,0
TXN25066740,0
TXN41769465,0
TXN60650283,0
TXN14650480,1
TXN74531754,0
TXN40671957,0
TXN58928157,1
TXN40877157,1
TXN88053807,0
TXN19603843,1
TXN21586753,1
TXN69140776,1
TXN86617433,1
TXN89600880,1
TXN97588064,1
TXN08340156,1
TXN42369403,0
TXN91780180,1
TXN18394669,1
TXN20218040,0
TXN71994914,1
TXN34399876,0
TXN03786892,0
TXN97858959,1
TXN18485214,1
TXN80876195,1
TXN25608289,0
TXN93811249,0
TXN44492666,0
TXN74353343,1
TXN78127469,0
TXN17535489,0
TXN20893310,1
TXN87373128,1
TXN23603621,1
TXN86496976,1
TXN87715587,0
TXN96158206,0
TXN17283323,1
TXN01432619,0
TXN12662911,1
TXN44830627,1
TXN56038650,1
TXN92229571,1
TXN05162767,0
TXN43760294,0
TXN02674726,1
TXN92274935,0
TXN68224166,1
TXN03610038,1
TXN09201662,0
TXN83969237,1
TXN20888595,0
TXN89641129,0
TXN94603236,0
TXN98453205,0
TXN82408179,1
TXN92301288,1
TXN76793798,1
TXN62057277,0
TXN69833968,1
TXN40867426,0
TXN29377872,0
TXN90258506,1
TXN93660135,1
TXN24775103,0
TXN98801680,0
TXN42146564,1
TXN61924817,0
TXN46850091,0
TXN43314664,0
TXN96559558,0
TXN12444066,1
TXN33639367,0
TXN64237048,0
TXN07853762,1
TXN66775972,1
TXN30723144,1
TXN39953498,1
TXN13850816,0
TXN03413022,1
TXN04129560,0
TXN38556871,1
TXN94403646,1
TXN58042333,1
TXN84579411,1
TXN92001832,0
TXN97827563,0
TXN99006329,1
TXN92310148,1
TXN37499699,1
TXN89116812,0
TXN90778250,0
TXN02574507,0
TXN76358365,0
TXN88204958,1
TXN78225717,1
TXN13293098,1
TXN81945230,1
TXN21815016,1
TXN26549302,1
TXN15098328,1
TXN31573581,1
TXN72282305,1
TXN74526275,1
TXN40795804,1
TXN82011161,0
TXN82908335,0
TXN32670633,0
TXN37111135,0
TXN02351812,1
TXN75606486,0
TXN78054672,0
TXN06379486,1
TXN42008420,1
TXN26336561,0
TXN02436556,1
TXN09308880,0
TXN96029908,0
TXN28737458,1
TXN68113029,1
TXN10082932,0
TXN53923577,1
TXN84712840,1
TXN06988465,0
TXN63369639,0
TXN18879732,1
TXN52311148,1
TXN44582947,0
TXN86996443,0
TXN89655247,0
TXN04075038,1
TXN07080108,0
TXN90991825,0
TXN67386903,1
TXN95531677,1
TXN21046882,1
TXN20202337,0
TXN80188303,0
TXN57654573,1
TXN79854516,1
TXN43300418,0
TXN89658218,1
TXN15376945,0
TXN84025128,0
TXN90652028,1
TXN47114279,1
TXN92449548,1
TXN14122336,0
TXN43260440,0
TXN94699038,0
TXN82870778,0
TXN68794732,1
TXN15463831,1
TXN69331577,1
TXN96445334,1
TXN30521850,1
TXN15082438,0
TXN65618102,1
TXN64216519,1
TXN16811251,0
TXN63863538,0
TXN70166310,1
TXN36938735,0
TXN37105172,1
TXN74350718,0
TXN97876132,1
TXN26821701,1
TXN83291564,1
TXN61923627,1
TXN04494206,1
TXN53694121,1
TXN32667969,0
TXN42342235,1
TXN83658933,1
TXN09488543,1
TXN45561536,1
TXN76345390,0
TXN06916156,0
TXN42500320,1
TXN19417133,0
TXN56011273,1
TXN45524547,0
TXN04286383,0
TXN49126826,0
TXN89944736,0
TXN80736222,0
TXN21913170,0
TXN46133648,0
TXN70614580,0
TXN63004710,0
TXN65849238,1
TXN10820379,0
TXN60602261,1
TXN84896652,1
TXN81763695,0
TXN14447603,1
TXN66207306,0
TXN82264215,1
TXN40606825,1
TXN48726916,0
TXN78012705,0
TXN85357403,1
TXN75325425,0
TXN28957781,1
TXN10622998,1
TXN53907363,1
TXN85644607,1
TXN45996810,1
TXN20006990,0
TXN55767989,0
TXN79266268,0
TXN01783698,0
TXN33134956,1
TXN17661004,1
TXN05591138,1
TXN13134472,1
TXN03198024,1
TXN24987276,1
TXN90819171,0
TXN47251521,1
TXN72444109,0
TXN41874530,0
TXN90819858,1
TXN57337142,1
TXN88430626,0
TXN89931149,1
TXN11440452,1
TXN53425467,1
TXN28396937,1
TXN87154949,0
TXN76185005,0
TXN63543455,1
TXN61161488,0
TXN14564375,1
TXN91651895,1
TXN25002849,0
TXN26538818,0
TXN03661437,0
TXN76267264,0
TXN52690748,0
TXN88055494,1
TXN71517437,0
TXN43502534,0
TXN35320631,1
TXN43803139,0
TXN36440039,1
TXN64773343,1
TXN81293918,0
TXN39507320,1
TXN80085664,1
TXN57237067,1
TXN23434860,1
TXN28200533,0
TXN39579145,1
TXN59957226,1
TXN32768578,1
TXN00014968,1
TXN92565486,1
TXN47287100,1
TXN52837403,1
TXN94902569,0
TXN67255768,1
TXN95489486,0
TXN04898714,0
TXN84504971,0
TXN05355250,1
TXN03591820,0
TXN89251465,0
TXN18605927,1
TXN74223453,0
TXN51483942,0
TXN88051533,0
TXN45524203,1
TXN94562494,0
TXN10994690,0
TXN61020404,1
TXN45247195,1
TXN16519987,0
TXN46659786,1
TXN91261368,1
TXN94421179,1
TXN66846529,0
TXN27760739,1
TXN30732576,1
TXN62760570,0
TXN72521778,0
TXN88454557,1
TXN30303128,1
TXN29889499,1
TXN42650777,0
TXN43290678,1
TXN82917864,1
TXN35997859,0
TXN73498191,1
TXN20221240,0
TXN88887514,1
TXN69501439,1
TXN77027636,0
TXN85021795,1
TXN85472316,0
TXN29052081,1
TXN68597434,1
TXN37877409,0
TXN38814342,0
TXN37835371,1
TXN93633164,0
TXN39977589,0
TXN16301920,0
TXN43389011,1
TXN81908756,0
TXN40593250,0
TXN38318880,0
TXN07871895,1
TXN33853075,0
TXN10689670,0
TXN85675066,0
TXN02955151,0
TXN63990157,1
TXN81266826,1
TXN02029354,0
TXN86880968,0
TXN88934289,0
TXN02252332,1
TXN98713345,1
TXN58886690,1
TXN10327506,1
TXN06764964,1
TXN19222584,0
TXN74112569,1
TXN66790277,0
TXN74742664,0
TXN38915818,1
TXN99560810,0
TXN40920452,0
TXN79770390,0
TXN92505015,0
TXN32159923,0
TXN79690220,0
TXN29576071,0
TXN88254002,1
TXN02807651,0
TXN33739660,1
TXN22913120,1
TXN87831936,1
TXN74675185,0
TXN19325529,1
TXN84273667,1
TXN43637075,1
TXN47929444,0
TXN28103675,1
TXN56486239,0
TXN18872379,1
TXN69065614,0
TXN06445877,1
TXN55339965,1
TXN51755744,1
TXN36314834,0
TXN72717200,1
TXN91816223,1
TXN16617832,0
TXN50246704,1
TXN27828615,0
TXN39533253,1
TXN06014637,0
TXN72836394,1
TXN77496177,0
TXN82093353,0
TXN46789452,1
TXN99218184,1
TXN42145626,1
TXN79842306,1
TXN18275102,1
TXN76915191,1
TXN48845669,1
TXN63353001,1
TXN01906223,0
TXN28085812,0
TXN43095964,0
TXN73388046,1
TXN37461506,1
TXN31223504,0
TXN69696849,0
TXN24351285,1
TXN32361351,0
TXN23880919,1
TXN64957120,1
TXN00935565,0
TXN69982103,0
TXN07138578,0
TXN59873247,1
TXN11956741,0
TXN99199492,0
TXN95718879,0
TXN38535342,1
TXN30886954,1
TXN97933339,1
TXN91592650,0
TXN95538517,0
TXN26260576,1
TXN61144187,1
TXN40100458,1
TXN95694460,0
TXN34386257,1
TXN55840010,1
TXN48917984,0
TXN80650773,0
TXN80583547,0
TXN24889884,0
TXN85251011,0
TXN49257672,0
TXN62840917,0
TXN84738781,0
TXN09327986,1
TXN45688137,1
TXN46142880,1
TXN78622972,0
TXN25440945,1
TXN84637662,1
TXN92795763,1
TXN94909582,1
TXN15647362,0
TXN55881987,0
TXN34325602,0
TXN95326004,0
TXN43387208,0
TXN78635992,0
TXN49576720,0
TXN70285246,0
TXN67606570,1
TXN63756887,1
TXN55469911,0
TXN30597083,1
TXN85238909,0
TXN27645806,1
TXN98704611,0
TXN95604965,0
TXN17860467,0
TXN98676669,0
TXN95686182,1
TXN71707304,1
TXN77357197,0
TXN68598514,0
TXN17787434,1
TXN20493792,0
TXN94303026,0
TXN87688662,1
TXN29973094,1
TXN38487616,1
TXN91961248,1
TXN56159793,1
TXN98892301,0
TXN44984475,0
TXN37477897,1
TXN51673260,1
TXN13725967,1
TXN21098886,1
TXN83919631,0
TXN52419664,0
TXN79404300,1
TXN76639864,0
TXN82559882,1
TXN29512468,0
TXN19222462,0
TXN25580795,1
TXN71385768,0
TXN45429000,0
TXN71160566,1
TXN65816894,1
TXN33057606,0
TXN47233797,0
TXN90597087,1
TXN15925714,0
TXN23904437,0
TXN84930935,0
TXN83513069,0
TXN37524474,1
TXN87494416,1
TXN88161526,0
TXN22245506,0
TXN37646411,0
TXN75645927,0
TXN54023073,0
TXN99271211,0
TXN19754739,1
TXN02671430,1
TXN16468291,0
TXN50851642,0
TXN40829119,0
TXN02923027,1
TXN96918815,0
TXN22456999,0
TXN00186020,0
TXN46270474,1
TXN76957042,0
TXN70500466,1
TXN68182003,0
TXN02115955,1
TXN12717965,1
TXN18874362,1
TXN27117072,0
TXN53545151,1
TXN01929913,0
TXN40977906,1
TXN48693330,1
TXN63824306,0
TXN32033400,1
TXN52576073,0
TXN98137180,1
TXN63028705,1
TXN47036129,1
TXN62230865,0
TXN34645423,1
TXN82977801,1
TXN35828268,0
TXN14913259,1
TXN92686930,1
TXN32200550,0
TXN40133770,1
TXN15633102,1
TXN56701949,1
TXN28000073,0
TXN62596215,1
TXN74571069,1
TXN64342149,1
TXN55045600,1
TXN72790494,1
TXN83696796,0
TXN63741263,0
TXN54276443,1
TXN81813719,0
TXN75326780,1
TXN90362616,1
TXN20811636,0
TXN53996247,0
TXN17604517,0
TXN74508532,0
TXN37153247,1
TXN38908783,0
TXN08202930,1
TXN50023355,1
TXN04354825,1
TXN91980322,1
TXN51894613,0
TXN19199024,0
TXN78367087,1
TXN37304326,0
TXN96714345,1
TXN28733698,1
TXN15366473,1
TXN37870659,1
TXN84945934,1
TXN82522844,1
TXN22697279,0
TXN26161949,0
TXN41172853,0
TXN87921922,1
TXN87986439,1
TXN25394981,0
TXN08058033,0
TXN16283062,0
TXN24783979,1
TXN36982656,1
TXN12657115,0
TXN20997593,0
TXN65189317,1
TXN97708142,1
TXN09791922,0
TXN83755573,1
TXN54459876,1
TXN96969221,1
TXN40230354,1
TXN03406035,1
TXN70872408,0
TXN44086967,1
TXN11980615,1
TXN61715810,1
TXN44675152,0
TXN98977435,1
TXN97620524,1
TXN33499531,1
TXN34325546,0
TXN86575410,1
TXN34207652,0
TXN24387303,0
TXN65556889,1
TXN79372683,1
TXN52740967,0
TXN64643731,1
TXN21653458,0
TXN65802691,1
TXN73606612,1
TXN85932002,0
TXN78226132,1
TXN34256299,1
TXN22166290,1
TXN54755259,1
TXN53045800,1
TXN59501467,0
TXN25352296,0
TXN14946842,0
TXN35589591,0
TXN05614860,1
TXN32001187,1
TXN59421522,0
TXN99399232,1
TXN07840046,0
TXN31664571,1
TXN11284750,1
TXN38690222,0
TXN03443788,1
TXN41278333,0
TXN31900391,1
TXN42491930,0
TXN72561562,1
TXN19515410,0
TXN58207803,1
TXN78790496,1
TXN22903499,1
TXN92018516,1
TXN82383776,0
TXN82769193,1
TXN83107442,1
TXN34714983,0
TXN18433884,1
TXN62785881,1
TXN79295302,0
TXN45502190,1
TXN45235719,1
TXN11048591,1
TXN38894614,1
TXN88700398,1
TXN60317426,1
TXN13459946,1
TXN32629320,1
TXN99552567,1
TXN06563648,1
TXN77744146,0
TXN52098124,1
TXN64260131,1
TXN34777991,0
TXN91368073,0
TXN63178643,1
TXN43471449,1
TXN32357408,0
TXN53077028,0
TXN73259572,1
TXN84017168,0
TXN05562350,0
TXN81691138,1
TXN38153846,0
TXN80929959,0
TXN75442879,0
TXN70907220,1
TXN47321253,0
TXN60120465,0
TXN09571163,1
TXN96909613,1
TXN18964949,0
TXN91536598,0
TXN50832832,0
TXN42471899,1
TXN41803203,1
TXN56791584,0
TXN47352765,0
TXN32847614,1
TXN29546554,0
TXN42535433,0
TXN42607448,1
TXN70892211,1
TXN46690748,1
TXN24063144,1
TXN36674505,0
TXN45978089,1
TXN39679701,1
TXN54152813,0
TXN81106408,1
TXN69381553,1
TXN41351427,1
TXN57893415,1
TXN15046835,0
TXN57215373,0
TXN07979940,1
TXN06638680,0
TXN98776542,0
TXN51011368,1
TXN13529804,0
TXN62598725,1
TXN50356647,0
TXN65847297,0
TXN91253846,1
TXN70914335,0
TXN27148562,1
TXN50188679,0
TXN52829954,0
TXN62081021,0
TXN58717009,0
TXN16477876,0
TXN42250391,1
TXN86693683,1
TXN82420058,1
TXN98941235,1
TXN66086997,0
TXN66199127,0
TXN88408182,0
TXN90761752,0
TXN15561397,1
TXN87576315,0
TXN74496354,1
TXN00943294,1
TXN50661811,0
TXN00640000,0
TXN21271967,0
TXN69195109,0
TXN64128567,1
TXN78197923,0
TXN12330685,0
TXN31015492,1
TXN68333767,0
TXN33447487,1
TXN98990200,1
TXN49093658,0
TXN56109238,0
TXN42611478,0
TXN92288435,0
TXN49888497,0
TXN81530255,1
TXN68012536,1
TXN36390223,0
TXN70677740,1
TXN58711369,1
TXN42948643,1
TXN56765431,1
TXN26209362,1
TXN76115954,0
TXN26048358,0
TXN85092429,0
TXN88812496,1
TXN50515694,1
TXN93931671,1
TXN18906327,1
TXN93908452,1
TXN18216386,0
TXN31316264,1
TXN83458751,0
TXN12812523,1
TXN47817731,0
TXN50307066,1
TXN04791403,0
TXN01638118,0
TXN27580907,0
TXN70262547,1
TXN51616450,1
TXN62820175,0
TXN41609699,0
TXN61615354,0
TXN78082974,1
TXN03449159,0
TXN22894685,0
TXN20741448,1
TXN28092599,1
TXN39531220,1
TXN37701814,0
TXN51886097,1
TXN74266860,1
TXN08336187,0
TXN00292461,1
TXN72602749,1
TXN87440237,1
TXN38513653,1
TXN21980351,0
TXN08971237,1
TXN03076135,0
TXN31644240,1
TXN04625116,0
TXN12560807,0
TXN73512592,1
TXN88275581,0
TXN91796842,0
TXN80726308,1
TXN41328837,1
TXN58530346,1
TXN17657609,0
TXN10069800,1
TXN01624475,0
TXN22120226,0
TXN54614978,0
TXN50390385,0
TXN86432546,0
TXN70123392,0
TXN06473419,0
TXN21908731,1
TXN01010714,0
TXN78580886,1
TXN20151462,0
TXN29996346,0
TXN03540816,1
TXN80894107,0
TXN44488088,0
TXN92821280,1
TXN19867281,0
TXN80363756,1
TXN80001453,1
TXN23624535,1
TXN93482982,0
TXN07774526,0
TXN29631636,1
TXN41521303,0
TXN36477292,0
TXN93944918,1
TXN67430071,1
TXN22062138,1
TXN99391480,1
TXN30043301,0
TXN57787863,0
TXN89406395,1
TXN76555054,1
TXN21936645,1
TXN75363929,1
TXN63902948,1
TXN81487478,0
TXN64423686,1
TXN51095112,1
TXN35438558,1
TXN29021253,0
TXN29666743,1
TXN56066754,0
TXN37467382,0
TXN27773906,0
TXN19576384,1
TXN29107939,1
TXN59699553,0
TXN81729883,1
TXN30221232,0
TXN45278478,0
TXN95149266,0
TXN24444767,0
TXN28024263,0
TXN05951903,0
TXN94718709,1
TXN44563886,1
TXN75415117,0
TXN46715439,1
TXN12839453,0
TXN27467977,1
TXN17839957,0
TXN50497853,1
TXN33199107,1
TXN43936944,0
TXN20609457,1
TXN02716136,0
TXN14240210,0
TXN24735191,0
TXN09156192,1
TXN83677737,1
TXN55699386,1
TXN21247140,0
TXN81717354,1
TXN72121059,0
TXN50683938,0
TXN87739880,0
TXN68196390,1
TXN36344483,0
TXN67102650,1
TXN70998274,1
TXN78298133,1
TXN90897565,0
TXN74406998,0
TXN08701224,1
TXN40476373,1
TXN30238200,1
TXN27513569,1
TXN98836798,0
TXN45095806,1
TXN41579749,1
TXN97417914,1
TXN64219693,0
TXN23781549,1
TXN13863712,1
TXN98119418,1
TXN43572824,1
TXN08621435,1
TXN64465557,1
TXN45014137,1
TXN07315491,0
TXN07625036,1
TXN38047289,1
TXN51270887,1
TXN36463976,0
TXN67751385,1
TXN56357509,0
TXN10477409,1
TXN97774777,1
TXN43849474,1
TXN75490740,1
TXN73736389,1
TXN09569082,0
TXN93452777,0
TXN25994822,0
TXN99109687,1
TXN44040759,1
TXN81733070,1
TXN49742413,0
TXN07603199,0
TXN43338730,0
TXN95638271,0
TXN70785706,0
TXN83164696,1
TXN58833653,1
TXN31176994,0
TXN05596738,0
TXN38467014,1
TXN67775972,0
TXN36730622,1
TXN74209132,0
TXN39388781,0
TXN45382975,0
TXN11406349,0
TXN38495622,1
TXN41773780,0
TXN81917120,1
TXN07438105,0
TXN15936667,0
TXN30606608,1
TXN24849655,1
TXN17278198,1
TXN64851863,1
TXN38072986,0
TXN03982907,1
TXN39667090,1
TXN47339516,0
TXN28916267,1
TXN69123670,0
TXN12637204,1
TXN29920029,0
TXN77309583,1
TXN15661659,0
TXN10835703,1
TXN61238613,1
TXN46896130,1
TXN49309204,0
TXN55044957,1
TXN18864001,0
TXN38030307,1
TXN19168162,1
TXN28614566,0
TXN30175449,1
TXN36386599,0
TXN57190171,0
TXN64149584,0
TXN24466647,1
TXN37714610,1
TXN06440050,0
TXN20356558,0
TXN41947180,1
TXN21876892,0
TXN23269957,0
TXN66160120,1
TXN38537308,0
TXN27574320,0
TXN57801588,0
TXN62629157,0
TXN22340833,1
TXN54853893,1
TXN55949827,0
TXN28785099,0
TXN99820012,0
TXN38473183,0
TXN13309816,1
TXN71078229,0
TXN70503338,0
TXN08490137,0
TXN58999020,0
TXN41294554,0
TXN23014382,1
TXN14362326,1
TXN99954837,0
TXN24941694,1
TXN60847748,1
TXN55853816,1
TXN90154151,0
TXN18227770,1
TXN65051951,0
TXN23023906,0
TXN85849292,0
TXN65693265,0
TXN31579963,1
TXN83178072,0
TXN40016996,0
TXN66813678,0
TXN49821007,0
TXN56337056,1
TXN04177048,0
TXN02031251,0
TXN38285366,0
TXN20593788,0
TXN85585167,0
TXN20029698,1
TXN28944344,1
TXN65445912,0
TXN96176549,1
TXN60193923,0
TXN69344796,1
TXN67393509,0
TXN03491834,0
TXN22410586,0
TXN49385582,0
TXN59599336,1
TXN49279528,1
TXN76886774,0
TXN07267095,1
TXN67731534,1
TXN13940964,0
TXN28208521,1
TXN40491223,0
TXN75296940,0
TXN03625312,0
TXN70038846,0
TXN45339363,0
TXN73589234,1
TXN96692625,0
TXN38371567,0
TXN94719900,1
TXN27746840,1
TXN12610854,0
TXN68472516,0
TXN87948356,1
TXN18541988,0
TXN73011880,1
TXN59562728,0
TXN62734228,1
TXN47334166,1
TXN78809107,1
TXN75133884,1
TXN95009431,1
TXN42977305,1
TXN07693862,1
TXN56886654,0
TXN65038428,0
TXN86248740,1
TXN72907391,0
TXN25412919,0
TXN86851236,0
TXN82726331,1
TXN75192301,1
TXN79088505,0
TXN76629587,1
TXN68952634,0
TXN05902744,1
TXN04387717,1
TXN15458099,1
TXN34647053,1
TXN52777945,1
TXN58761169,0
TXN29690176,0
TXN53317787,0
TXN42606304,0
TXN01682156,1
TXN40158934,0
TXN06892035,0
TXN34563358,0
TXN25806693,0
TXN65353435,1
TXN81720323,0
TXN59047444,0
TXN26398013,1
TXN46655856,1
TXN74705558,1
TXN71575088,1
TXN79077735,0
TXN79389589,1
TXN12918741,1
TXN81323858,0
TXN04374338,1
TXN16386702,1
TXN54749121,1
TXN81340551,1
TXN86688981,0
TXN55980618,0
TXN19078330,1
TXN36314883,0
TXN62921710,0
TXN89428557,1
TXN15992517,1
TXN14274749,0
TXN63812472,0
TXN54330865,0
TXN74109928,1
TXN62335699,0
TXN39052478,0
TXN73967514,0
TXN42572512,1
TXN25508671,1
TXN18359440,1
TXN55916107,1
TXN28054841,0
TXN17332424,1
TXN74674940,0
TXN90319683,1
TXN87836122,0
TXN26391114,1
TXN29463102,0
TXN05312740,0
TXN01041558,1
TXN19100331,1
TXN19641025,1
TXN80953075,0
TXN12130898,1
TXN18097276,1
TXN73688475,1
TXN56211828,1
TXN91594475,1
TXN92836867,1
TXN79078807,0
TXN94310170,0
TXN56616005,0
TXN11905283,0
TXN68466917,1
TXN36614655,1
TXN45967432,0
TXN08050653,1
TXN24023094,1
TXN20633184,0
TXN76551528,1
TXN06201876,1
TXN82252084,0
TXN14673531,1
TXN23914190,0
TXN65665631,1
TXN14645858,1
TXN63977222,1
TXN02397015,1
TXN57812289,1
TXN18308789,1
TXN30120701,0
TXN89480274,0
TXN18621025,1
TXN31210779,1
TXN05968777,1
TXN71571605,0
TXN46544950,0
TXN60862000,0
TXN91505790,1
TXN90604283,0
TXN63000474,1
TXN59223973,0
TXN11774977,1
TXN52254173,0
TXN81417366,1
TXN95436050,1
TXN88946904,0
TXN71559851,0
TXN46541712,1
TXN78584836,1
TXN47546586,0
TXN39903160,1
TXN08873290,1
TXN78464567,1
TXN46580169,1
TXN79602800,0
TXN33517527,1
TXN33052136,1
TXN12604460,0
TXN12834364,1
TXN93989369,0
TXN40175615,1
TXN36101319,0
TXN34301996,0
TXN08986092,1
TXN25904640,0
TXN12082399,0
TXN30201443,0
TXN10462377,0
TXN70499657,0
TXN99795400,1
TXN94338181,1
TXN12297605,1
TXN98708731,1
TXN47165580,0
TXN48220315,0
TXN00423294,1
TXN91504542,0
TXN41348239,0
TXN68410621,0
TXN42263249,1
TXN78558759,1
TXN22335148,1
TXN67537996,0
TXN40133781,0
TXN40217004,0
TXN02182707,1
TXN07096112,0
TXN15191331,0
TXN97450584,1
TXN91808354,0
TXN27957425,1
TXN65022202,0
TXN05507124,1
TXN19619677,1
TXN30560565,1
TXN76701103,0
TXN98998894,0
TXN23315055,0
TXN45485706,1
TXN03045563,1
TXN51536559,0
TXN18449659,1
TXN27257329,0
TXN54696464,1
TXN33807633,1
TXN75231383,1
TXN99241671,1
TXN43915962,1
TXN77129828,0
TXN18936223,1
TXN90107700,1
TXN17436911,1
TXN61853153,0
TXN63755239,0
TXN98713811,1
TXN66029103,1
TXN49109263,0
TXN91590239,1
TXN32219291,0
TXN59247543,0
TXN85821901,0
TXN63253812,0
TXN35554375,0
TXN47359885,1
TXN56180183,1
TXN77712861,0
TXN95854197,0
TXN08433631,0
TXN79344286,1
TXN12827421,1
TXN49605360,0
TXN23762620,0
TXN58585079,1
TXN49308798,1
TXN63050423,1
TXN62673260,1
TXN09820116,1
TXN85069567,1
TXN90944595,0
TXN46021869,1
TXN46997228,0
TXN92347983,1
TXN06466558,1
TXN33393724,0
TXN56458360,0
TXN97219309,0
TXN64648758,0
TXN23734547,1
TXN24786045,1
TXN39743430,1
TXN31344188,1
TXN86119037,1
TXN44752626,0
TXN38585729,0
TXN75581723,0
TXN97457232,1
TXN38524831,1
TXN69333194,1
TXN94802578,1
TXN66867346,1
TXN79180476,0
TXN60945180,0
TXN79928828,1
TXN14845203,0
TXN62341504,1
TXN92923427,0
TXN34790836,1
TXN52421851,0
TXN94964884,1
TXN61757198,1
TXN19288931,0
TXN64723427,0
TXN51008677,1
TXN26927144,1
TXN23187084,0
TXN25024520,1
TXN31346598,1
TXN26157491,0
TXN46097775,0
TXN61556823,1
TXN68483547,0
TXN51415089,1
TXN53689094,0
TXN18596736,0
TXN02572848,0
TXN68846843,0
TXN18888617,0
TXN14117450,0
TXN59784313,0
TXN03939242,0
TXN99509578,0
TXN93339868,1
TXN83330954,1
TXN82371942,1
TXN50163817,1
TXN45270878,1
TXN98151757,1
TXN79656923,1
TXN70596316,0
TXN71848835,1
TXN39473099,0
TXN60262009,0
TXN88611050,1
TXN97635150,0
TXN83644115,1
TXN36160964,0
TXN96656699,0
TXN41761223,0
TXN53997282,1
TXN07164703,1
TXN13427445,0
TXN34517882,1
TXN83715503,1
TXN50215152,0
TXN18935757,0
TXN85085551,0
TXN14881366,1
TXN91857080,0
TXN15210004,0
TXN47058945,1
TXN64621361,0
TXN48239122,0
TXN46003646,0
TXN22243477,0
TXN32192584,1
TXN37075733,0
TXN52808051,1
TXN13499627,0
TXN94550686,0
TXN23314820,1
TXN36266150,1
TXN69595987,1
TXN85293977,0
TXN84160565,0
TXN15762794,0
TXN93424081,0
TXN58683062,1
TXN02138817,0
TXN26483423,0
TXN21600169,1
TXN88280108,1
TXN69571932,0
TXN32307661,0
TXN59429434,1
TXN95892673,1
TXN36093378,0
TXN97820001,0
TXN79284587,0
TXN82317738,1
TXN37010573,1
TXN01790389,1
TXN91510885,1
TXN23186097,1
TXN18049908,1
TXN15077166,1
TXN89532634,1
TXN37763740,1
TXN25520611,1
TXN00842281,0
TXN63026576,1
TXN41314353,0
TXN92850513,1
TXN26873425,1
TXN83220612,0
TXN40641722,1
TXN85760607,1
TXN71887132,1
TXN54493882,1
TXN43897603,0
TXN89518991,0
TXN62173979,1
TXN35269300,0
TXN13834171,1
TXN99328605,0
TXN68381047,1
TXN66341829,1
TXN39741715,1
TXN05011674,0
TXN68645999,0
TXN82700197,0
TXN53992504,0
TXN77695689,1
TXN67047350,1
TXN03720825,0
TXN17266840,0
TXN76146077,0
TXN62488229,1
TXN28270718,0
TXN93034458,1
TXN25511628,1
TXN51899088,1
TXN99664250,1
TXN39653462,0
TXN62345114,0
TXN93961496,0
TXN06220060,1
TXN02320230,0
TXN60612267,0
TXN34874497,1
TXN01780258,1
TXN38464240,0
TXN94966385,0
TXN15609895,1
TXN29054650,0
TXN24055140,1
TXN54688894,1
TXN71484709,0
TXN22605298,1
TXN33937088,1
TXN72178584,0
TXN63535353,1
TXN82159864,1
TXN78349623,1
TXN35338503,0
TXN03194977,0
TXN02107046,1
TXN17559181,0
TXN82744201,0
TXN63273167,1
TXN70882846,0
TXN00467084,1
TXN48222288,1
TXN57724012,1
TXN53611705,1
TXN21150380,0
TXN93518076,0
TXN00773221,1
TXN13459819,0
TXN30959077,0
TXN38620100,1
TXN13270785,1
TXN91256681,0
TXN87175746,0
TXN90181243,1
TXN11449947,0
TXN22657256,1
TXN98995183,1
TXN73216712,0
TXN13679802,1
TXN08455583,1
TXN70468204,1
TXN53867368,0
TXN79532676,0
TXN36284873,1
TXN68029125,0
TXN01928077,0
TXN39499622,0
TXN31584429,1
TXN16606481,0
TXN06980691,0
TXN39796866,1
TXN16560295,0
TXN83129092,0
TXN02950130,0
TXN09140407,1
TXN09569015,1
TXN56653894,0
TXN71486938,0
TXN74393496,1
TXN50328862,1
TXN59597830,1
TXN00221785,0
TXN35010105,1
TXN50443602,1
TXN88756369,0
TXN05208797,0
TXN48939245,0
TXN47584469,1
TXN13118826,1
TXN74620869,1
TXN07569930,0
TXN72625325,0
TXN94972854,1
TXN58140437,1
TXN55136000,0
TXN21993262,1
TXN79238195,0
TXN63094409,0
TXN64106112,1
TXN75903614,0
TXN92678870,0
TXN89528862,0
TXN42128540,0
TXN26277587,1
TXN35253765,0
TXN20434657,0
TXN03935824,1
TXN75758132,1
TXN89909630,1
TXN59244826,0
TXN85619255,1
TXN26185712,1
TXN90130366,0
TXN89099647,0
TXN47589507,0
TXN52909464,1
TXN35044131,1
TXN42947097,1
TXN38632551,0
TXN39044148,0
TXN82529631,0
TXN36787352,1
TXN71049629,1
TXN86264354,1
TXN77018052,1
TXN55831459,0
TXN13125437,1
TXN63366849,0
TXN48426758,0
TXN19404806,0
TXN19485374,1
TXN09410804,1
TXN91691484,0
TXN91830653,1
TXN39705432,1
TXN75437580,0
TXN92664794,1
TXN99792402,1
TXN43013390,1
TXN75465816,0
TXN17127178,0
TXN32192239,1
TXN47173723,0
TXN82285322,1
TXN03075502,1
TXN19490951,0
TXN99024050,0
TXN79986847,0
TXN72982300,0
TXN72858494,1
TXN56972894,1
TXN77909019,0
TXN82210079,0
TXN09294165,0
TXN06920415,1
TXN48438873,0
TXN02251335,0
TXN98777707,0
TXN43862539,1
TXN67231416,1
TXN81214042,0
TXN16986182,0
TXN41344627,0
TXN10164634,0
TXN59475974,0
TXN62164060,0
TXN05021776,1
TXN98487392,0
TXN01107036,1
TXN19426733,0
TXN11937962,1
TXN09584907,0
TXN73726698,0
TXN34467741,0
TXN32839117,0
TXN84825403,1
TXN02973956,0
TXN31808893,1
TXN73584251,0
TXN42460698,0
TXN25804764,0
TXN31729202,0
TXN07777984,1
TXN19045411,1
TXN02440545,0
TXN13411522,0
TXN75348552,1
TXN84124818,0
TXN47064810,0
TXN56691178,0
TXN36895823,0
TXN40292377,0
TXN46051444,1
TXN85525036,1
TXN72536880,0
TXN21827025,0
TXN86977959,0
TXN33053755,1
TXN49523871,1
TXN54902456,0
TXN40118419,1
TXN20624717,0
TXN21861712,0
TXN86383958,0
TXN80320564,1
TXN94038225,0
TXN37830273,1
TXN02138373,1
TXN09162886,1
TXN07827526,1
TXN63193601,0
TXN65474928,1
TXN62351889,0
TXN33110815,1
TXN93421362,0
TXN59151767,1
TXN15951272,0
TXN81080778,0
TXN94680540,0
TXN77728654,0
TXN06189567,0
TXN98795953,0
TXN58567321,1
TXN04837486,0
TXN14955348,0
TXN77055169,0
TXN65310770,1
TXN77881776,0
TXN51298765,1
TXN39954090,0
TXN60160838,1
TXN51128238,1
TXN34045746,1
TXN11114318,0
TXN86135529,0
TXN62347524,0
TXN07581884,0
TXN53496430,1
TXN11229458,1
TXN32862371,1
TXN32221116,0
TXN63434336,0
TXN49565191,1
TXN88665734,0
TXN18821996,1
TXN82549992,1
TXN15273286,1
TXN46867967,1
TXN12065638,0
TXN48781194,0
TXN91010412,0
TXN53539183,1
TXN93111314,1
TXN47789406,1
TXN01390401,0
TXN89885902,1
TXN80458896,0
TXN95575144,0
TXN02498147,0
TXN10508245,0
TXN95556593,1
TXN40920264,1
TXN13791553,1
TXN35429829,0
TXN58010135,0
TXN92814447,0
TXN03872600,0
TXN32391842,0
TXN63620224,0
TXN55602084,1
TXN39875460,0
TXN64950772,0
TXN19239869,1
TXN33122254,0
TXN42451883,1
TXN90916831,0
TXN36747499,0
TXN82270334,1
TXN17027835,0
TXN84238099,0
TXN20409033,1
TXN37611657,0
TXN36680788,0
TXN82097154,1
TXN50186222,0
TXN86018837,1
TXN63922197,1
TXN34218252,0
TXN36462152,1
TXN21041908,1
TXN49118278,0
TXN31640959,1
TXN21683435,0
TXN94625325,0
TXN61609780,0
TXN76631582,0
TXN23879400,1
TXN06326132,0
TXN01812191,1
TXN70318153,1
TXN33625773,0
TXN68657121,0
TXN62333250,0
TXN95280587,0
TXN36907425,1
TXN32756453,0
TXN17785293,0
TXN30574649,0
TXN36232389,1
TXN33854815,1
TXN70253420,1
TXN66858597,0
TXN14560728,1
TXN56409367,1
TXN34936727,0
TXN96089553,1
TXN68243911,0
TXN99819859,1
TXN57482893,1
TXN86664550,1
TXN49530060,1
TXN38441839,0
TXN61156107,0
TXN20694173,1
TXN06448952,1
TXN93192862,0
TXN68660229,1
TXN91793564,1
TXN78849806,1
TXN20796841,0
TXN10714797,1
TXN47788506,1
TXN26738182,0
TXN00457188,1
TXN26346169,1
TXN84040266,1
TXN67227747,0
TXN63684286,0
TXN20732413,0
TXN58739084,0
TXN81243529,0
TXN70449915,1
TXN42543661,1
TXN72738598,1
TXN36252057,0
TXN13140426,0
TXN60345673,1
TXN98969069,1
TXN48677801,1
TXN55919288,0
TXN28482352,0
TXN76088090,1
TXN88907344,0
TXN53914240,1
TXN82953024,0
TXN66643847,0
TXN05959711,1
TXN76945727,0
TXN55534363,1
TXN07343720,0
TXN22780422,1
TXN08114268,1
TXN36431532,0
TXN37110759,1
TXN26872662,0
TXN25906658,0
TXN44388830,0
TXN38496175,1
TXN01837711,0
TXN42493139,0
TXN37244525,0
TXN44276090,1
TXN66102904,1
TXN89455189,0
TXN87048481,0
TXN73826745,0
TXN90981785,1
TXN05931672,1
TXN12245639,0
TXN31035184,0
TXN72453622,1
TXN13115603,1
TXN17465511,0
TXN93734439,0
TXN64390620,0
TXN93207260,0
TXN46116198,1
TXN50537083,1
TXN67586099,1
TXN92955132,0
TXN74223710,1
TXN79936696,1
TXN66457874,0
TXN64979191,1
TXN97792438,1
TXN34918971,0
TXN24515506,0
TXN16708682,0
TXN59951655,1
TXN55692626,0
TXN12756067,1
TXN39442629,1
TXN43963962,0
TXN70991367,0
TXN92308305,1
TXN14801507,1
TXN69057723,0
TXN58500627,0
TXN87455951,0
TXN58547045,0
TXN04324521,0
TXN61981880,0
TXN33458503,0
TXN53173046,1
TXN84907788,1
TXN11158350,0
TXN01672221,1
TXN97076268,1
TXN01870826,0
TXN21269013,0
TXN73858212,0
TXN27203008,1
TXN13864233,0
TXN40357333,1
TXN65522409,1
TXN16755834,0
TXN60467797,1
TXN68152013,0
TXN52183083,1
TXN72707091,0
TXN27491326,0
TXN05662619,1
TXN08413228,0
TXN94575201,1
TXN29407791,1
TXN07333438,1
TXN32192882,0
TXN60638048,1
TXN26199131,1
TXN20890336,1
TXN59700114,1
TXN80276026,1
TXN16880865,1
TXN76158691,0
TXN62859869,0
TXN56582847,0
TXN35773658,1
TXN84837657,0
TXN96315265,1
TXN53831090,0
TXN99401820,1
TXN86145198,1
TXN08555674,1
TXN72573461,0
TXN64049941,0
TXN35264432,0
TXN04149866,0
TXN86619067,1
TXN67314009,0
TXN92258917,1
TXN57594192,1
TXN43709589,1
TXN34332020,1
TXN53141373,0
TXN83796522,1
TXN35874515,1
TXN04780481,0
TXN19248532,1
TXN05309328,0
TXN03890127,0
TXN89112628,0
TXN01675887,1
TXN61786428,1
TXN47683453,1
TXN65239014,1
TXN76938933,0
TXN21426717,1
TXN30659908,1
TXN30073837,0
TXN23753166,0
TXN63292389,0
TXN50963290,0
TXN10564260,0
TXN19323496,1
TXN90100169,1
TXN71287065,1
TXN93606773,0
TXN79836745,0
TXN52272188,0
TXN79092872,0
TXN85504648,0
TXN70749817,1
TXN75739812,1
TXN47265377,0
TXN96633446,1
TXN63002144,1
TXN62582780,1
TXN60299905,0
TXN36855239,1
TXN00574704,0
TXN38451253,1
TXN93247755,1
TXN84797991,1
TXN06384386,0
TXN87205847,1
TXN95323224,0
TXN72570516,0
TXN13566485,1
TXN38086411,1
TXN05940043,1
TXN39438105,1
TXN84937096,0
TXN72105917,1
TXN05975009,1
TXN35046910,0
TXN85414082,1
TXN15562009,0
TXN43943957,0
TXN97491636,1
TXN04395904,0
TXN26200389,0
TXN77440857,1
TXN66585454,1
TXN00182563,1
TXN26057052,0
TXN38937955,1
TXN66333080,1
TXN85232385,1
TXN78125392,1
TXN16645877,0
TXN92763925,1
TXN42141608,1
TXN74422740,0
TXN19602427,1
TXN18937541,1
TXN28394864,1
TXN28187159,1
TXN37505357,1
TXN83213446,0
TXN94052337,1
TXN76068310,1
TXN59365294,1
TXN49179781,1
TXN93350916,0
TXN91490487,1
TXN11678569,0
TXN02885850,1
TXN98849675,1
TXN72584563,0
TXN84921349,0
TXN38715189,0
TXN00923961,1
TXN55301665,0
TXN21682266,0
TXN54371264,1
TXN33101330,0
TXN87523237,1
TXN20138000,0
TXN25696741,1
TXN79328955,1
TXN80324633,1
TXN66442755,1
TXN88679355,0
TXN39362645,1
TXN30535025,1
TXN55103520,1
TXN71881774,1
TXN17873664,1
TXN14063096,1
TXN73483210,1
TXN19060893,0
TXN77324904,0
TXN24502204,0
TXN64291797,0
TXN17065934,1
TXN76301905,1
TXN32296514,0
TXN24094342,0
TXN42972426,0
TXN41583768,1
TXN42252501,0
TXN56304605,1
TXN21256204,1
TXN81925232,0
TXN04180536,1
TXN09288816,0
TXN35144710,0
TXN61955374,0
TXN34708001,0
TXN31447414,0
TXN84058220,1
TXN50030281,1
TXN32184150,1
TXN87850479,1
TXN29835478,1
TXN98898082,0
TXN55896267,0
TXN67887172,1
TXN98010721,0
TXN31957318,1
TXN57053318,0
TXN34669648,0
TXN09600312,0
TXN46006469,0
TXN49616510,1
TXN69948109,1
TXN72551967,1
TXN47324356,1
TXN40389777,0
TXN84964023,0
TXN88093969,1
TXN30769530,1
TXN35742250,0
TXN21702979,0
TXN18582383,1
TXN31833892,0
TXN27251076,1
TXN36418484,1
TXN17991167,1
TXN70193009,0
TXN63845046,0
TXN96486805,1
TXN66205160,0
TXN45863486,1
TXN58282326,0
TXN45975011,1
TXN01396579,1
TXN89753402,1
TXN58703713,0
TXN82061277,0
TXN21997796,1
TXN59856428,0
TXN04504056,0
TXN53938384,0
TXN59894977,0
TXN99280145,0
TXN69106391,0
TXN08230262,1
TXN09518290,0
TXN12293144,0
TXN43338198,0
TXN72132765,1
TXN68825513,0
TXN58539651,0
TXN00326056,0
TXN31767695,0
TXN67194466,1
TXN13064845,0
TXN79863823,1
TXN99267331,1
TXN48558167,1
TXN64358171,1
TXN05590194,1
TXN54491869,0
TXN10598424,0
TXN81110513,0
TXN46635772,0
TXN40442712,1
TXN15940987,0
TXN81970378,1
TXN44831093,0
TXN28041216,1
TXN60715281,0
TXN03199398,0
TXN46884692,1
TXN42684295,0
TXN55629301,0
TXN17935493,1
TXN91614619,0
TXN51288640,1
TXN81176403,0
TXN40396765,1
TXN14076776,0
TXN25073168,1
TXN77166799,0
TXN69695899,0
TXN16420882,0
TXN22051245,1
TXN59797186,1
TXN03600783,1
TXN45090532,1
TXN06162476,0
TXN51714107,0
TXN95547981,0
TXN20383910,0
TXN27443779,0
TXN22876139,1
TXN06544420,0
TXN70301450,0
TXN50871289,1
TXN61130484,1
TXN89379838,0
TXN97523649,0
TXN09186173,0
TXN53988260,0
TXN83873537,1
TXN68377748,0
TXN93043024,0
TXN17772992,0
TXN09636355,0
TXN06545445,1
TXN24509896,1
TXN63404144,1
TXN08693364,1
TXN79590115,0
TXN53158854,0
TXN86503652,1
TXN97886477,1
TXN90539074,1
TXN41835528,1
TXN77092990,0
TXN43310810,1
TXN65795336,1
TXN18377237,1
TXN97326000,0
TXN85805483,1
TXN31126951,0
TXN10477094,0
TXN76035043,1
TXN37210195,0
TXN47147842,0
TXN79220600,1
TXN20255967,1
TXN30642948,1
TXN68318366,0
TXN93075269,1
TXN44371502,1
TXN67149743,1
TXN87203455,0
TXN42266327,1
TXN86249483,1
TXN50376752,1
TXN26508411,0
TXN92056959,0
TXN29781843,0
TXN37156886,0
TXN00864513,0
TXN24205822,1
TXN08607227,0
TXN12428418,0
TXN75614340,1
TXN87285586,0
TXN17000789,0
TXN04721588,1
TXN13676397,1
TXN52787917,1
TXN74902323,0
TXN45086306,0
TXN63196117,0
TXN28109849,1
TXN88040550,0
TXN90952474,1
TXN11039087,0
TXN87674429,0
TXN06192573,0
TXN99810017,1
TXN79686970,1
TXN34021741,1
TXN54826885,0
TXN32562295,0
TXN81701687,1
TXN87180325,0
TXN69839633,0
TXN82674710,0
TXN95446110,1
TXN21281193,0
TXN28635771,1
TXN77902415,0
TXN09810223,0
TXN71764856,1
TXN65481565,1
TXN61415181,1
TXN64768953,1
TXN01652369,1
TXN15496926,1
TXN46728510,0
TXN57793134,0
TXN14319547,1
TXN70691580,1
TXN27183737,1
TXN76033935,1
TXN78844018,0
TXN96941934,0
TXN60451906,0
TXN46758018,0
TXN35045384,0
TXN04015093,1
TXN03431324,1
TXN56521925,0
TXN93270670,1
TXN80428431,1
TXN32661299,0
TXN99693334,0
TXN13080325,0
TXN30044312,0
TXN68941293,0
TXN36113734,1
TXN82845659,0
TXN46286185,0
TXN41917803,1
TXN16448012,0
TXN50975061,0
TXN52210355,1
TXN50556605,0
TXN46415823,1
TXN54183983,0
TXN42418689,1
TXN58723340,1
TXN67122130,0
TXN77428071,1
TXN35957697,1
TXN98907342,1
TXN72806727,1
TXN13757248,1
TXN49649619,1
TXN93455485,1
TXN64044415,1
TXN37084648,1
TXN57996365,1
TXN97713569,1
TXN98007872,0
TXN00413885,1
TXN27723122,1
TXN51958356,1
TXN22080339,1
TXN71972074,1
TXN73768881,1
TXN75449795,1
TXN40620083,0
TXN12734605,0
TXN85050339,1
TXN88522088,0
TXN84200379,1
TXN65064183,0
TXN41639226,0
TXN19179483,0
TXN31820250,1
TXN93996644,0
TXN11172282,0
TXN23192878,1
TXN68670292,1
TXN25803656,0
TXN60154818,1
TXN91381873,1
TXN67928139,0
TXN11419645,0
TXN62228464,1
TXN89967281,0
TXN47493440,1
TXN39710013,0
TXN32140888,1
TXN62050676,1
TXN79515369,0
TXN90930599,1
TXN79499057,1
TXN57214210,1
TXN00816418,1
TXN17798213,0
TXN50917680,0
TXN90022587,0
TXN72923072,0
TXN03568406,0
TXN15319727,1
TXN67190000,0
TXN58977696,1
TXN24924934,0
TXN47589017,0
TXN27152847,1
TXN94050385,1
TXN03816022,0
TXN06630038,0
TXN98876572,1
TXN09865742,1
TXN46580862,0
TXN00967875,0
TXN82045578,1
TXN94213835,0
TXN03113900,1
TXN28277178,1
TXN12845790,0
TXN99539052,1
TXN12974846,0
TXN53660545,0
TXN41714713,1
TXN16519843,1
TXN95957010,0
TXN96323403,0
TXN96320370,0
TXN60207718,1
TXN09377427,0
TXN47692681,1
TXN36326716,1
TXN66048512,0
TXN07061778,0
TXN68363797,0
TXN36634480,1
TXN07381722,0
TXN81119785,1
TXN50984774,1
TXN33422191,0
TXN18901667,0
TXN57314214,1
TXN06687469,1
TXN49751111,1
TXN65061133,1
TXN02993343,1
TXN17719339,0
TXN13202310,0
TXN84341898,1
TXN01800566,1
TXN79200230,1
TXN77090366,0
TXN20380475,0
TXN01928824,1
TXN94075160,0
TXN28859291,0
TXN59258832,0
TXN20463381,0
TXN11818651,0
TXN88248949,1
TXN05745039,0
TXN69827608,1
TXN26323694,1
TXN89749117,0
TXN83381512,1
TXN43791655,0
TXN80159648,1
TXN53599926,1
TXN70885422,1
TXN76069493,1
TXN25943305,1
TXN49668093,0
TXN28303859,1
TXN38657018,1
TXN56478742,1
TXN05183677,0
TXN42445566,0
TXN98086930,1
TXN39139598,0
TXN20921511,0
TXN08183583,1
TXN97891776,1
TXN45528225,1
TXN04711046,1
TXN96158352,0
TXN79954406,1
TXN12387943,1
TXN89179808,0
TXN58283772,1
TXN49566364,0
TXN49951598,1
TXN71074918,0
TXN73945931,1
TXN13265239,1
TXN88297545,1
TXN16269241,0
TXN48644867,1
TXN19560616,0
TXN83454616,1
TXN26303899,0
TXN96032969,1
TXN85090347,0
TXN61843439,0
TXN39651643,0
TXN64577337,1
TXN11417141,1
TXN03655415,1
TXN97050330,1
TXN05337822,1
TXN76626469,1
TXN47947609,0
TXN23658595,0
TXN36449125,1
TXN17432731,1
TXN95511346,1
TXN80924846,1
TXN61683897,0
TXN84987756,0
TXN40809268,1
TXN49362969,0
TXN34399361,1
TXN64673175,1
TXN79408628,0
TXN12318929,0
TXN04705965,1
TXN08745136,0
TXN71165571,1
TXN32329294,0
TXN11190509,1
TXN51120383,1
TXN30604781,0
TXN44334603,1
TXN70853184,0
TXN41563282,1
TXN34036348,0
TXN81861468,0
TXN50133349,1
TXN04117964,1
TXN20540214,0
TXN40154629,1
TXN24966572,0
TXN81088890,1
TXN78489777,0
TXN20072687,1
TXN75596918,1
TXN80204620,1
TXN60252137,1
TXN97042232,1
TXN71206801,1
TXN36519883,1
TXN02593263,1
TXN84447750,0
TXN68197435,1
TXN07089487,0
TXN15934746,0
TXN03747593,1
TXN89074561,0
TXN75242564,1
TXN96737628,1
TXN45562428,1
TXN35718518,0
TXN13655479,1
TXN29020615,1
TXN18007421,0
TXN61577640,1
TXN13531260,1
TXN42827006,1
TXN64981046,0
TXN37681974,1
TXN13308922,0
TXN17963855,1
TXN03545593,0
TXN43474842,0
TXN94009393,0
TXN08276757,0
TXN66667736,0
TXN62882726,0
TXN93410884,1
TXN54426666,0
TXN51146787,0
TXN48255684,0
TXN48118712,0
TXN65199098,1
TXN20210491,0
TXN67592086,1
TXN43062675,0
TXN57042918,1
TXN39529289,1
TXN14713993,0
TXN67185641,0
TXN18658752,0
TXN42432453,1
TXN10856376,1
TXN31469356,0
TXN00844467,1
TXN89539543,0
TXN49239899,1
TXN42660750,0
TXN15985215,0
TXN76019853,0
TXN33879299,0
TXN18110297,0
TXN11778219,1
TXN43425226,1
TXN82860740,1
TXN07952960,1
TXN85065891,1
TXN14064715,0
TXN10264766,1
TXN84652551,0
TXN71142119,0
TXN01605355,1
TXN82776425,1
TXN95279936,1
TXN12831368,1
TXN69587688,0
TXN64436314,0
TXN92556510,0
TXN26724448,1
TXN98566698,1
TXN69526216,0
TXN49104761,0
TXN72636624,0
TXN08301214,1
TXN10098610,0
TXN23766330,1
TXN49096143,0
TXN37797599,1
TXN38372064,1
TXN70065949,1
TXN87869482,1
TXN65920025,1
TXN76894246,1
TXN44630317,1
TXN50853786,0
TXN09626674,0
TXN33915166,0
TXN30180805,0
TXN85562108,0
TXN78730615,1
TXN82809743,1
TXN44047703,1
TXN83009533,0
TXN06076940,1
TXN37027306,1
TXN13290347,1
TXN33998027,0
TXN27690811,1
TXN56729204,0
TXN57888063,1
TXN23596635,1
TXN64751907,0
TXN84893669,1
TXN27677293,0
TXN57079048,1
TXN50326697,1
TXN90934905,1
TXN88774386,0
TXN06139185,0
TXN49714899,0
TXN75898197,0
TXN01092573,0
TXN80009029,0
TXN95383856,1
TXN10008195,0
TXN89935763,1
TXN11753301,0
TXN78885875,0
TXN78095941,0
TXN49349962,1
TXN88340173,1
TXN82049338,0
TXN28662401,1
TXN39929368,0
TXN02767038,0
TXN63349423,1
TXN91457313,1
TXN56068023,0
TXN76360597,0
TXN61550020,0
TXN71768735,1
TXN55746698,1
TXN78035468,0
TXN82163911,1
TXN51937067,1
TXN54607897,0
TXN44234227,1
TXN32502933,1
TXN89022303,0
TXN01600760,1
TXN51996948,0
TXN35316626,0
TXN43750307,1
TXN31585340,1
TXN51815824,1
TXN65183096,0
TXN40800145,1
TXN77445950,1
TXN52949982,1
TXN40954613,1
TXN07920808,1
TXN93847509,0
TXN64037009,0
TXN75655221,1
TXN43328557,0
TXN33770072,0
TXN98622848,0
TXN24665973,0
TXN47884051,1
TXN35436514,1
TXN98036621,1
TXN29591715,0
TXN43519735,0
TXN54798954,1
TXN93785859,0
TXN32755235,0
TXN64177435,0
TXN28584341,1
TXN04455136,0
TXN02202163,0
TXN55437198,1
TXN39741353,1
TXN48596862,1
TXN09746022,0
TXN63959980,1
TXN56517793,0
TXN82760980,1
TXN81342486,1
TXN94225075,0
TXN98803809,0
TXN37240284,0
TXN65080817,0
TXN48001352,1
TXN33590683,0
TXN46748912,1
TXN08421129,0
TXN91748398,0
TXN28122779,0
TXN99084488,0
TXN99572533,1
TXN16516907,1
TXN42619330,0
TXN16320839,0
TXN47898797,1
TXN09404876,0
TXN58145414,1
TXN44297334,1
TXN05770227,1
TXN28475649,0
TXN71551438,0
TXN41070987,0
TXN63832185,1
TXN33784171,1
TXN35700140,0
TXN66691240,1
TXN26024036,0
TXN51761740,1
TXN56190974,1
TXN70212389,0
TXN93482184,0
TXN19967521,0
TXN65139644,0
TXN85064292,1
TXN66425335,1
TXN16502141,1
TXN22654921,1
TXN50163539,0
TXN50665392,1
TXN82184350,0
TXN90609690,1
TXN54806752,0
TXN99274185,1
TXN69920638,0
TXN37617173,1
TXN77206298,0
TXN57241124,0
TXN61497795,1
TXN70150600,0
TXN49752569,0
TXN41626538,0
TXN05954354,1
TXN32429045,0
TXN63505262,1
TXN34156047,1
TXN58302063,1
TXN87495716,1
TXN61177786,0
TXN11849374,1
TXN88461112,1
TXN70255374,0
TXN16561968,1
TXN13187278,1
TXN86820622,1
TXN39364637,1
TXN13888841,1
TXN68534690,0
TXN35384636,0
TXN83794050,0
TXN94167413,0
TXN00392114,1
TXN27925878,1
TXN47756330,0
TXN64264611,1
TXN69197206,1
TXN06273135,0
TXN34859837,0
TXN14828905,1
TXN40062620,1
TXN76972275,1
TXN89883705,1
TXN75650021,0
TXN12259036,1
TXN67462205,0
TXN24093113,0
TXN14951965,1
TXN29113363,0
TXN73728731,1
TXN78496229,1
TXN89439498,0
TXN08963601,1
TXN67421668,0
TXN98789551,0
TXN22319067,1
TXN63960966,0
TXN81033468,0
TXN79074537,1
TXN03933805,0
TXN31314158,1
TXN90539022,0
TXN91368545,0
TXN67053167,1
TXN16539464,0
TXN06532908,0
TXN97439707,1
TXN23246467,1
TXN92681302,1
TXN08396347,0
TXN05902159,1
TXN19960193,1
TXN72654074,1
TXN36728614,0
TXN70721768,1
TXN34398074,0
TXN06605304,1
TXN77796509,1
TXN72372954,1
TXN84452454,1
TXN30082157,0
TXN96311209,0
TXN04397001,0
TXN82316349,0
TXN75114928,1
TXN51831651,1
TXN80905037,0
TXN44835608,1
TXN55948257,1
TXN33612991,0
TXN38515934,0
TXN37097106,1
TXN15311008,1
TXN86643868,0
TXN78751459,1
TXN13239157,0
TXN36946996,0
TXN82583998,1
TXN56852770,0
TXN03098752,0
TXN42771635,1
TXN46717688,0
TXN98541706,1
TXN02420737,0
TXN83108272,1
TXN34703714,0
TXN67105822,0
TXN59794658,1
TXN26352976,0
TXN32261304,0
TXN35808957,1
TXN21689258,0
TXN87813704,1
TXN17460467,1
TXN43352816,0
TXN58261661,0
TXN32122441,1
TXN78026841,1
TXN41712161,0
TXN58550984,1
TXN04712961,0
TXN75833997,0
TXN67259311,1
TXN20905416,1
TXN38379232,1
TXN57073506,1
TXN12105969,0
TXN32449227,1
TXN10295609,0
TXN66023919,0
TXN84091527,1
TXN89912240,0
TXN77434214,1
TXN66315642,1
TXN48825356,1
TXN79168790,1
TXN12022632,1
TXN62162506,1
TXN98361708,1
TXN38538079,0
TXN15930123,0
TXN77371845,0
TXN04938328,0
TXN02594491,1
TXN20688674,1
TXN67764081,0
TXN09802222,0
TXN24485919,0
TXN11458684,0
TXN32483377,0
TXN96986340,0
TXN90005782,1
TXN77585263,1
TXN28349369,0
TXN63354625,1
TXN04794091,1
TXN75550015,1
TXN43857568,0
TXN42567493,1
TXN15959222,1
TXN45289742,1
TXN01881544,1
TXN37294565,1
TXN02024649,0
TXN62997871,1
TXN88505854,1
TXN18770620,1
TXN65705910,1
TXN79493613,0
TXN40794418,1
TXN13375817,0
TXN71183259,1
TXN64823395,1
TXN45323963,1
TXN63207245,1
TXN89864923,0
TXN99850095,0
TXN60097441,1
TXN71977332,0
TXN87102500,0
TXN15865613,1
TXN26759489,1
TXN66582376,0
TXN62468490,0
TXN67749126,0
TXN09887192,0
TXN90664971,0
TXN57810445,1
TXN23104424,1
TXN04660278,1
TXN32720526,1
TXN56606270,0
TXN56792012,0
TXN20823767,1
TXN41373776,1
TXN98488384,1
TXN41275937,1
TXN60862942,0
TXN93895987,1
TXN89702335,0
TXN79910020,0
TXN92349954,0
TXN35865403,1
TXN25058072,1
TXN58841223,0
TXN43812890,0
TXN56572488,0
TXN78858935,0
TXN61091890,0
TXN64660349,0
TXN35540534,0
TXN16126897,1
TXN64021909,1
TXN34594019,1
TXN20298086,0
TXN02551240,0
TXN01678239,1
TXN43052095,0
TXN43341545,1
TXN92368629,0
TXN02910552,1
TXN32791161,1
TXN65662047,1
TXN73469481,1
TXN75828715,1
TXN73618987,1
TXN52359803,0
TXN89603510,1
TXN49803989,0
TXN12443141,0
TXN81875106,0
TXN93408927,0
TXN33028160,0
TXN93415039,1
TXN45867370,0
TXN02625451,0
TXN35095167,0
TXN55384731,1
TXN72842080,0
TXN03506442,0
TXN56959981,1
TXN41082116,1
TXN51963909,0
TXN46230970,1
TXN98452465,1
TXN38972559,0
TXN86574638,0
TXN07239969,1
TXN38093306,1
TXN10272680,1
TXN37469222,1
TXN39978580,1
TXN02260924,1
TXN17627429,0
TXN34521848,0
TXN63842395,1
TXN94311715,0
TXN04926904,1
TXN82868316,0
TXN97421625,1
TXN21048994,1
TXN08550498,0
TXN09893133,1
TXN21737203,1
TXN86461969,0
TXN53200945,0
TXN47109989,0
TXN33496789,0
TXN01606622,1
TXN16252063,0
TXN53072877,0
TXN39055924,0
TXN57321289,0
TXN72583138,1
TXN18826320,1
TXN19974878,1
TXN33285423,1
TXN49138440,1
TXN06162372,0
TXN87526760,0
TXN88498679,1
TXN27866239,1
TXN83109116,0
TXN04856812,1
TXN58153204,0
TXN84958434,1
TXN37257569,0
TXN37566212,0
TXN53883459,0
TXN95600182,1
TXN84326728,0
TXN83922459,1
TXN25042261,0
TXN43289563,1
TXN98058734,1
TXN05421254,1
TXN25048581,0
TXN91513461,0
TXN11613741,0
TXN58591580,0
TXN63620234,1
TXN54073306,1
TXN45352800,1
TXN49204502,0
TXN52942201,0
TXN83319376,1
TXN01618593,1
TXN01144836,1
TXN68440548,1
TXN24838537,1
TXN51255072,1
TXN84220345,1
TXN43021988,1
TXN92987702,1
TXN67758190,0
TXN53035635,1
TXN18076758,0
TXN36433509,1
TXN37956551,0
TXN89260787,0
TXN92993708,1
TXN96469503,1
TXN14153027,1
TXN62271337,1
TXN99028709,1
TXN47888661,1
TXN39773807,1
TXN34570186,1
TXN35599317,0
TXN57818660,1
TXN44809552,1
TXN69911507,1
TXN97269053,1
TXN83650496,0
TXN21585988,0
TXN69190184,0
TXN06256990,1
TXN42622846,1
TXN15165434,0
TXN07449844,1
TXN40694326,0
TXN92391719,1
TXN79483550,0
TXN30855086,1
TXN31636140,0
TXN81297540,0
TXN15001583,1
TXN09180186,0
TXN68739421,0
TXN20443473,0
TXN02580508,1
TXN19295627,1
TXN73052016,1
TXN75494739,1
TXN85778299,1
TXN20205399,1
TXN65440068,0
TXN14675068,1
TXN31167318,0
TXN67016907,1
TXN68655546,0
TXN42846664,1
TXN47110479,1
TXN53363391,0
TXN38278312,1
TXN38099311,0
TXN40274044,0
TXN42519472,0
TXN29446251,0
TXN07473782,1
TXN90729351,0
TXN96420035,0
TXN92383408,0
TXN86658194,1
TXN20519350,0
TXN22190474,1
TXN63088640,1
TXN21558918,0
TXN32477045,0
TXN52758355,0
TXN48358975,1
TXN72417654,1
TXN21986560,1
TXN41002358,1
TXN31135681,0
TXN53407236,0
TXN52257498,1
TXN20276282,1
TXN23609763,1
TXN32840962,1
TXN67652777,1
TXN51734625,1
TXN54136525,0
TXN35894628,0
TXN79733455,0
TXN47313435,1
TXN06156366,0
TXN30336631,0
TXN47954267,1
TXN21596987,1
TXN94057726,0
TXN04831299,0
TXN94847128,0
TXN84180118,1
TXN49666000,1
TXN07439425,1
TXN91309671,0
TXN81281853,0
TXN98327384,0
TXN49542954,1
TXN07782924,0
TXN23315893,0
TXN61633206,1
TXN88332101,0
TXN76790751,0
TXN75845578,1
TXN52564864,1
TXN88832378,0
TXN06426187,1
TXN70336661,0
TXN12823892,0
TXN37720871,1
TXN33459027,0
TXN67075243,0
TXN82405808,1
TXN56206667,1
TXN34881739,1
TXN19359525,0
TXN14500966,0
TXN89117178,0
TXN15849271,0
TXN73846617,0
TXN90729117,0
TXN98021265,1
TXN70094846,1
TXN27457708,1
TXN95106825,0
TXN60201188,1
TXN02082521,0
TXN38720726,0
TXN38679530,1
TXN34956414,1
TXN17210484,0
TXN26243633,1
TXN58479141,0
TXN46817286,0
TXN97118641,1
TXN77302708,0
TXN55189703,0
TXN03241691,0
TXN39339052,1
TXN34907247,1
TXN95306464,1
TXN00131629,0
TXN33613166,0
TXN45297159,1
TXN57111093,0
TXN64046902,0
TXN65199433,1
TXN49412749,0
TXN11781661,0
TXN14472554,1
TXN50994555,0
TXN83396975,1
TXN46689822,0
TXN92088203,1
TXN15277115,1
TXN02754178,1
TXN44756557,0
TXN54486986,0
TXN47255595,0
TXN08820431,1
TXN02277529,1
TXN88709804,0
TXN27568690,0
TXN34497644,1
TXN82153654,1
TXN52513885,0
TXN30069502,1
TXN50995750,0
TXN84255582,0
TXN82422870,1
TXN50000224,1
TXN00666874,0
TXN37392997,1
TXN70524461,0
TXN85898851,0
TXN99467355,1
TXN10051496,0
TXN01335803,0
TXN78054939,1
TXN90999283,1
TXN95960405,1
TXN59301281,0
TXN48179171,0
TXN23830986,1
TXN69084744,1
TXN45174960,0
TXN33408041,0
TXN79268302,0
TXN60377575,1
TXN88920562,0
TXN51291480,0
TXN49073339,1
TXN99384062,0
TXN16237043,0
TXN24572864,0
TXN93701222,1
TXN34809678,1
TXN18175435,1
TXN89259824,1
TXN44581340,0
TXN94915747,1
TXN08444794,0
TXN78245187,1
TXN11108075,1
TXN14794356,1
TXN04995840,0
TXN41939578,1
TXN19762572,1
TXN53126786,1
TXN61466662,0
TXN48274227,1
TXN93556286,1
TXN05362702,0
TXN25862014,0
TXN69062990,0
TXN78170572,1
TXN62075721,1
TXN28719057,0
TXN01931180,1
TXN13310645,0
TXN75945630,1
TXN79087991,0
TXN17585072,0
TXN76911451,0
TXN03801556,0
TXN01438194,1
TXN03431319,1
TXN43980753,1
TXN37152173,0
TXN12862635,0
TXN17713033,1
TXN58986069,0
TXN09670667,0
TXN71367765,0
TXN73354710,1
TXN13507592,0
TXN11976364,1
TXN89674776,0
TXN69303969,0
TXN32192490,0
TXN40757778,1
TXN17068121,0
TXN29825885,0
TXN06550719,1
TXN03232836,1
TXN38117641,0
TXN66775921,1
TXN27969487,0
TXN30124840,1
TXN00649909,1
TXN41338581,1
TXN01848347,0
TXN69505519,0
TXN84131588,1
TXN92782978,0
TXN64149449,1
TXN03149629,1
TXN34621364,0
TXN25351034,1
TXN86081610,0
TXN83027968,0
TXN62872634,1
TXN14425682,1
TXN18268826,0
TXN21582373,1
TXN74319598,0
TXN87236863,1
TXN93704039,1
TXN52003607,1
TXN13482177,1
TXN99052806,0
TXN41051164,1
TXN52150381,1
TXN97833031,1
TXN68400158,1
TXN69353970,1
TXN26138510,1
TXN07380258,0
TXN78831417,0
TXN18398455,1
TXN80447055,1
TXN85013294,1
TXN10024189,0
TXN91764227,1
TXN20944507,1
TXN86891313,1
TXN44594979,1
TXN26958460,1
TXN08523760,0
TXN94966050,1
TXN01635706,1
TXN77936717,1
TXN40560137,1
TXN85749088,1
TXN23140195,1
TXN09271781,1
TXN63569288,0
TXN36428861,0
TXN79118407,0
TXN90546183,1
TXN50124941,0
TXN94354643,0
TXN85827597,1
TXN20547997,1
TXN39375330,0
TXN95767827,1
TXN56998805,0
TXN57547596,0
TXN63429351,1
TXN97621363,1
TXN18463535,0
TXN71723694,1
TXN13669809,1
TXN26350454,0
TXN08698873,1
TXN53713402,1
TXN32583639,1
TXN48166351,1
TXN55208186,0
TXN35347711,1
TXN70014265,0
TXN02309604,0
TXN03721760,0
TXN76105350,0
TXN40836205,0
TXN25868492,1
TXN94576860,0
TXN43739029,0
TXN65272695,0
TXN44768897,0
TXN16494991,1
TXN54489647,0
TXN68253951,1
TXN25600475,1
TXN16720771,1
TXN09222335,0
TXN90853156,1
TXN93793064,0
TXN98699962,0
TXN45329294,1
TXN18462414,0
TXN36493698,1
TXN93851448,0
TXN43822692,0
TXN35468582,1
TXN47722729,1
TXN04626908,1
TXN42447095,1
TXN45987025,1
TXN10952926,0
TXN27285694,0
TXN65723846,0
TXN47216032,0
TXN30921358,0
TXN06955148,0
TXN46786191,0
TXN02076379,1
TXN38430052,0
TXN29252196,0
TXN41906004,1
TXN53220652,0
TXN03881695,1
TXN74630675,0
TXN53153772,0
TXN09860419,1
TXN02824262,1
TXN75991517,1
TXN65988035,0
TXN72041416,1
TXN56842583,0
TXN55291336,0
TXN69515323,1
TXN64468826,1
TXN51904760,0
TXN24883307,0
TXN24417105,1
TXN64771749,1
TXN11313693,0
TXN67225482,1
TXN75573638,1
TXN29929912,0
TXN16798670,0
TXN87364332,1
TXN81405487,0
TXN46318962,0
TXN79935508,1
TXN69842686,1
TXN33160550,0
TXN99302273,1
TXN67978119,1
TXN87096330,1
TXN57084047,1
TXN78521173,0
TXN19426700,0
TXN46385975,0
TXN99814231,0
TXN83040664,1
TXN06121501,1
TXN84509613,0
TXN56699588,1
TXN92848125,1
TXN69489799,1
TXN75827518,1
TXN00073398,0
TXN68016994,0
TXN80713567,1
TXN62555135,1
TXN83900784,0
TXN19209179,0
TXN83007142,0
TXN46137162,0
TXN89831427,1
TXN33789184,0
TXN29812155,0
TXN73713059,1
TXN87588694,0
TXN03211149,0
TXN08297803,1
TXN49937267,1
TXN01153626,0
TXN07608019,0
TXN22559508,0
TXN21322163,1
TXN28360052,0
TXN58079246,1
TXN42919983,0
TXN07184941,0
TXN48940280,1
TXN19847953,1
TXN36021143,1
TXN12670492,0
TXN58083216,1
TXN19785389,0
TXN83766142,0
TXN33637494,0
TXN83995268,1
TXN58306042,0
TXN66314148,0
TXN04501384,0
TXN93602882,0
TXN92976580,0
TXN57233782,0
TXN44288000,1
TXN97469876,0
TXN66246215,1
TXN82816055,0
TXN29542117,1
TXN48113962,1
TXN77182893,0
TXN69158140,0
TXN75795742,0
TXN21912163,1
TXN91959636,0
TXN73850726,0
TXN74021599,1
TXN06234733,1
TXN97095712,1
TXN64890533,1
TXN90255233,1
TXN86270490,1
TXN73311677,0
TXN60779088,0
TXN62601686,0
TXN48909399,0
TXN14080243,0
TXN68815258,0
TXN67419469,0
TXN61828663,0
TXN11387716,0
TXN31757119,0
TXN71424463,1
TXN71455646,1
TXN47287400,0
TXN23529570,1
TXN60668906,1
TXN27304011,1
TXN28058774,1
TXN96134841,1
TXN76446692,1
TXN85035916,1
TXN06926483,1
TXN21131529,1
TXN30799439,0
TXN31738513,0
TXN91480686,1
TXN63456614,1
TXN26210542,1
TXN86044403,0
TXN28341973,1
TXN69740264,0
TXN57414231,0
TXN84490083,1
TXN81861746,1
TXN90648792,1
TXN07205012,1
TXN67483353,1
TXN95243633,1
TXN56478043,1
TXN51653744,0
TXN58230061,0
TXN90125469,0
TXN91893414,0
TXN41381383,1
TXN45613272,0
TXN66032764,1
TXN39606960,1
TXN69945996,0
TXN57512689,1
TXN44233052,0
TXN35056163,0
TXN79282226,0
TXN65477496,1
TXN68461885,0
TXN26249680,0
TXN61359927,1
TXN65341875,0
TXN02368110,0
TXN14426029,1
TXN68976702,1
TXN83095967,1
TXN79635527,0
TXN43713635,1
TXN11270877,0
TXN72234170,0
TXN00395684,1
TXN35566372,1
TXN14103933,1
TXN49345339,1
TXN08371978,0
TXN69860316,0
TXN75295927,1
TXN66216532,0
TXN76564065,0
TXN57378969,0
TXN27161253,0
TXN15790619,0
TXN20728067,1
TXN46321342,1
TXN78810993,1
TXN49294095,1
TXN75121234,1
TXN54111139,0
TXN26669221,0
TXN16818748,1
TXN65209512,0
TXN46360280,0
TXN92561111,0
TXN37596375,1
TXN65609422,0
TXN25836072,0
TXN72611815,1
TXN22300072,1
TXN47477343,1
TXN10890382,0
TXN83162456,1
TXN28997789,0
TXN04949231,0
TXN52828628,1
TXN66810762,0
TXN62536128,0
TXN99564320,0
TXN45589318,1
TXN90461996,1
TXN91718118,0
TXN37021931,1
TXN83997793,0
TXN80084712,1
TXN50024306,0
TXN89883526,0
TXN80233251,0
TXN75524021,0
TXN35637375,1
TXN13964349,1
TXN63290353,0
TXN65760239,0
TXN09476297,1
TXN33413718,1
TXN84190291,0
TXN57610123,0
TXN77966117,0
TXN01767942,1
TXN96075989,0
TXN33463899,1
TXN96258717,0
TXN46245260,0
TXN48268042,0
TXN10392729,0
TXN24326014,1
TXN14913641,1
TXN59202288,0
TXN54482114,1
TXN76232809,0
TXN66472884,1
TXN22444331,0
TXN59912282,1
TXN98107526,1
TXN07981840,1
TXN84232959,0
TXN04328729,0
TXN29264187,0
TXN90782028,1
TXN39686618,0
TXN26978430,0
TXN59069634,1
TXN97135006,0
TXN48728871,0
TXN84836747,1
TXN79485947,0
TXN47805058,0
TXN50524748,0
TXN08817689,1
TXN87422347,1
TXN54222463,1
TXN52734959,1
TXN53165793,1
TXN91899761,1
TXN51882154,1
TXN19502395,1
TXN89763739,0
TXN22176423,0
TXN73207365,0
TXN68802100,1
TXN97166695,1
TXN44444094,1
TXN67753142,1
TXN40830549,1
TXN89387557,0
TXN85171263,0
TXN93736522,0
TXN17221215,0
TXN72778380,1
TXN52471734,0
TXN07478933,0
TXN82002220,0
TXN15410731,0
TXN64027316,0
TXN77560864,0
TXN55609273,1
TXN15519658,1
TXN21836116,0
TXN06752714,0
TXN69829662,0
TXN20521777,1
TXN49348797,1
TXN42900965,1
TXN97748922,1
TXN47884760,1
TXN95321077,0
TXN62118471,1
TXN64515568,0
TXN62693641,1
TXN00367207,0
TXN97888259,1
TXN68825643,1
TXN07480954,0
TXN25782271,1
TXN75246651,1
TXN16153661,1
TXN94613125,1
TXN42699438,1
TXN11847580,0
TXN79353850,1
TXN51870845,0
TXN75340408,1
TXN11553511,1
TXN45116192,0
TXN08510959,0
TXN62705616,1
TXN64115351,1
TXN60583070,0
TXN61017224,0
TXN75545673,1
TXN19050658,0
TXN90977235,1
TXN16161849,0
TXN03872091,0
TXN72313623,0
TXN15793770,1
TXN03611770,1
TXN46926772,0
TXN95854494,0
TXN52321022,1
TXN24799958,0
TXN22801485,0
TXN20002863,0
TXN53543698,0
TXN68115800,1
TXN34432569,0
TXN17284647,1
TXN15657836,0
TXN29712931,1
TXN46884525,0
TXN76188754,1
TXN10209605,1
TXN58931915,1
TXN24144370,0
TXN81687245,0
TXN11456237,0
TXN72379658,0
TXN21334434,1
TXN14207917,0
TXN51487126,0
TXN72571947,1
TXN43854271,0
TXN59533319,0
TXN79743627,0
TXN44817954,0
TXN03503897,1
TXN38199862,1
TXN39053406,0
TXN63166598,1
TXN14329883,1
TXN91813792,1
TXN50422884,0
TXN59201646,1
TXN45297326,0
TXN76835160,1
TXN70421045,0
TXN51381690,0
TXN29952696,0
TXN34411043,1
TXN50324887,0
TXN81241366,1
TXN84431066,0
TXN33583774,1
TXN99789678,0
TXN00769921,0
TXN56598730,1
TXN12125566,0
TXN58712252,0
TXN19077415,0
TXN46432064,1
TXN08316079,0
TXN38704762,1
TXN33334157,0
TXN91065757,1
TXN01430293,0
TXN40325550,1
TXN83113042,1
TXN15666727,0
TXN46223021,1
TXN67478722,1
TXN05532964,0
TXN35410343,0
TXN95547065,1
TXN48015338,1
TXN11281664,1
TXN46742199,1
TXN41745853,0
TXN24694723,1
TXN09501363,1
TXN94014914,1
TXN10323318,1
TXN89900774,1
TXN05718798,0
TXN62641966,1
TXN76579940,1
TXN61820711,1
TXN43065775,0
TXN37247711,1
TXN20360790,0
TXN06371266,0
TXN81371526,0
TXN89112616,1
TXN22038134,1
TXN85563428,0
TXN52521066,0
TXN88479988,1
TXN04914974,0
TXN45690235,0
TXN90842954,0
TXN43879945,0
TXN17769644,1
TXN54520768,1
TXN72370257,0
TXN42172931,0
TXN26275959,0
TXN31908790,1
TXN73327215,0
TXN09497734,1
TXN43976983,1
TXN65465061,0
TXN48066885,1
TXN36589112,0
TXN92512076,0
TXN06223342,1
TXN58699824,0
TXN64331370,1
TXN61592269,0
TXN78478877,1
TXN55278203,0
TXN47633796,0
TXN19866619,1
TXN36119372,0
TXN09202247,1
TXN79486948,0
TXN54586666,1
TXN18275827,0
TXN39302563,0
TXN67163587,1
TXN81820571,1
TXN60040134,0
TXN04979507,1
TXN82293490,1
TXN81397004,0
TXN30071363,0
TXN73937603,1
TXN06541909,0
TXN82568530,1
TXN59409010,1
TXN53827762,0
TXN59188382,0
TXN63491910,1
TXN21583699,0
TXN05634008,0
TXN77062126,0
TXN76034041,1
TXN83145580,0
TXN16041260,1
TXN42801168,0
TXN97940515,1
TXN72549926,0
TXN71156514,1
TXN25574327,0
TXN73858109,1
TXN27462137,1
TXN34719433,1
TXN69547137,0
TXN58818107,0
TXN82851385,0
TXN94474883,0
TXN27292397,1
TXN98252806,1
TXN79144144,1
TXN32082396,1
TXN50030337,1
TXN79683997,0
TXN11316967,0
TXN15119484,0
TXN61044299,0
TXN35960784,0
TXN01596582,1
TXN17810026,1
TXN03640605,0
TXN99934229,1
TXN27426141,1
TXN34250668,0
TXN06007934,0
TXN93765530,1
TXN15500684,0
TXN65154588,0
TXN75033944,0
TXN16231851,0
TXN82906332,0
TXN43005987,0
TXN72330270,0
TXN72616052,0
TXN98312784,1
TXN05895370,1
TXN52494667,0
TXN10308596,1
TXN92249145,1
TXN53133581,0
TXN97845736,0
TXN16635866,1
TXN52210332,1
TXN88947082,0
TXN26590965,0
TXN23111503,0
TXN14971347,0
TXN26631220,1
TXN95105985,0
TXN00984646,0
TXN61158352,0
TXN50460056,1
TXN29613771,0
TXN74877924,1
TXN43735473,1
TXN18452223,0
TXN75513479,1
TXN26990016,0
TXN53480024,1
TXN87333373,1
TXN07868558,1
TXN57084425,0
TXN69725023,1
TXN45000901,1
TXN96692410,0
TXN69491703,1
TXN64092765,1
TXN05297443,0
TXN36644959,1
TXN48576173,1
TXN30208215,0
TXN16744672,0
TXN77259671,0
TXN05052550,1
TXN60704168,0
TXN82174467,0
TXN50408780,0
TXN71312536,0
TXN39406294,1
TXN87274040,1
TXN50500203,0
TXN86202674,0
TXN87909703,0
TXN57204701,1
TXN70853294,1
TXN69230063,1
TXN03931990,1
TXN86544887,0
TXN28649369,1
TXN82315419,0
TXN06461423,1
TXN65770337,1
TXN73872498,0
TXN87096943,0
TXN96294725,1
TXN73707532,0
TXN06801547,1
TXN02125047,1
TXN01675068,0
TXN40394558,0
TXN07343749,0
TXN05165481,1
TXN00964779,0
TXN47656508,1
TXN49187029,0
TXN31459409,1
TXN03430564,0
TXN34597868,1
TXN64351177,0
TXN89797566,1
TXN01638789,0
TXN25116208,1
TXN65725654,0
TXN24926489,1
TXN42875082,1
TXN52609301,1
TXN67020037,1
TXN11735473,0
TXN42332309,0
TXN83721338,0
TXN36538176,0
TXN99801273,1
TXN22003862,0
TXN22368477,1
TXN18380428,1
TXN89472035,1
TXN79665429,0
TXN97754162,0
TXN69560600,0
TXN40211346,0
TXN29960647,0
TXN11654394,0
TXN29616442,0
TXN47168410,0
TXN30339539,0
TXN41357301,1
TXN97501772,1
TXN30337779,1
TXN49518185,1
TXN94575093,1
TXN06133507,1
TXN59612049,1
TXN44643650,1
TXN61441224,0
TXN87832722,1
TXN31278999,1
TXN02682843,1
TXN91765501,0
TXN47202628,0
TXN49505925,1
TXN93667635,0
TXN86467818,0
TXN12425545,1
TXN25887138,0
TXN79026292,0
TXN87195707,1
TXN29545525,0
TXN32639998,0
TXN85528418,1
TXN07280814,0
TXN97692762,0
TXN62941972,0
TXN64088791,0
TXN34518327,1
TXN54896842,1
TXN02804959,1
TXN66415759,0
TXN81379099,1
TXN01290182,0
TXN47515478,0
TXN16429366,0
TXN47588412,1
TXN47672745,1
TXN51396913,1
TXN55965137,1
TXN96292961,1
TXN13484964,1
TXN11904876,1
TXN81752711,0
TXN81424925,1
TXN98509800,1
TXN49874812,1
TXN26843908,0
TXN67543470,0
TXN42568136,1
TXN59872711,1
TXN01334404,1
TXN65039427,0
TXN03344913,0
TXN32083362,0
TXN42892879,1
TXN78799258,1
TXN89668705,1
TXN13410486,1
TXN66131642,0
TXN08472683,1
TXN34092221,1
TXN71101435,0
TXN67691559,0
TXN74580534,1
TXN80684196,1
TXN42905834,1
TXN21027236,0
TXN98220907,1
TXN27111998,1
TXN48739439,1
TXN32372303,0
TXN29216031,0
TXN53431889,1
TXN81237842,1
TXN83491276,1
TXN06900803,1
TXN41737210,0
TXN25296724,1
TXN01999898,0
TXN35258329,0
TXN72899047,0
TXN12312724,1
TXN74065750,1
TXN61923852,1
TXN99836859,1
TXN34744961,0
TXN83252418,0
TXN06437750,0
TXN77410941,0
TXN48896396,1
TXN87898235,0
TXN85064005,1
TXN63694988,0
TXN59130403,1
TXN98712253,0
TXN14061090,1
TXN88639703,1
TXN33245098,1
TXN88803888,0
TXN91577345,0
TXN41753534,0
TXN31518806,0
TXN64142440,0
TXN59113812,0
TXN70742995,0
TXN10006656,0
TXN05657192,0
TXN32839675,0
TXN11841259,1
TXN37197274,0
TXN68963321,1
TXN26290515,1
TXN35085202,0
TXN68697247,1
TXN13869025,0
TXN63149047,0
TXN01255913,0
TXN29059888,0
TXN95217606,0
TXN79765478,1
TXN09420511,1
TXN82573681,0
TXN61564353,0
TXN11812461,1
TXN68825511,1
TXN03334977,0
TXN54068330,1
TXN86453717,1
TXN60153170,0
TXN27461704,1
TXN80052935,1
TXN44737406,0
TXN59356841,1
TXN73583097,0
TXN95294346,0
TXN39199064,1
TXN44799729,1
TXN01990364,1
TXN96480564,0
TXN93487571,1
TXN36782396,0
TXN40133893,1
TXN46022961,1
TXN44181972,1
TXN70171555,1
TXN62229540,1
TXN28728762,0
TXN73936575,1
TXN12675086,1
TXN34266799,0
TXN62059761,1
TXN30753573,0
TXN03147114,1
TXN10541530,0
TXN16096510,1
TXN23238922,1
TXN36547719,0
TXN78433081,1
TXN98155701,0
TXN65543054,0
TXN37721682,1
TXN64891015,0
TXN73631073,1
TXN59027066,1
TXN63767625,1
TXN56939819,0
TXN79912299,1
TXN25780125,0
TXN78439117,1
TXN88771079,1
TXN83253486,1
TXN28940553,1
TXN09351996,1
TXN18149225,0
TXN87714384,1
TXN16465940,0
TXN24627765,0
TXN81657190,0
TXN42821952,0
TXN74701670,1
TXN35693499,1
TXN10356982,0
TXN65821223,0
TXN71423918,0
TXN23665658,0
TXN82399516,0
TXN58506213,1
TXN68117750,1
TXN43878056,0
TXN88956886,1
TXN18044879,1
TXN10679358,1
TXN41651489,1
TXN29078891,1
TXN40686996,1
TXN14689004,0
TXN91027481,1
TXN88717724,1
TXN50475234,0
TXN48432688,0
TXN42010766,1
TXN26658644,0
TXN24802452,0
TXN44556611,1
TXN87461468,1
TXN23445037,1
TXN01458494,0
TXN44715505,0
TXN66546240,0
TXN03595630,0
TXN62858529,0
TXN02695090,0
TXN38246971,1
TXN03116892,1
TXN60255822,0
TXN11968448,0
TXN24987551,1
TXN56856967,1
TXN53103344,1
TXN50542055,1
TXN63541851,0
TXN72756647,0
TXN80058235,0
TXN59568080,1
TXN23368929,0
TXN25994431,0
TXN40221511,0
TXN59774365,0
TXN13277055,0
TXN09792560,0
TXN77386841,0
TXN35981132,0
TXN42721725,1
TXN72431877,1
TXN73374524,1
TXN52512760,1
TXN08710455,0
TXN51579245,1
TXN21700645,1
TXN05144542,0
TXN62518509,1
TXN33611983,0
TXN80043656,1
TXN03775706,1
TXN34644979,0
TXN16350131,1
TXN84030450,1
TXN04982362,0
TXN20263099,0
TXN01754242,1
TXN57031704,0
TXN50885374,0
TXN06600854,1
TXN70894083,0
TXN95743673,0
TXN89795647,0
TXN03387229,0
TXN01145232,1
TXN05514804,0
TXN66840372,0
TXN20847468,1
TXN66471775,1
TXN77843574,1
TXN29530785,1
TXN69342284,1
TXN33750530,0
TXN85422615,0
TXN78276954,1
TXN05253023,1
TXN97169909,1
TXN92280585,0
TXN30564987,0
TXN95632868,1
TXN92422067,1
TXN16957420,1
TXN66223691,1
TXN20778147,0
TXN34834293,0
TXN35396716,0
TXN55463633,0
TXN64429121,1
TXN38279118,1
TXN47039474,1
TXN31400948,1
TXN30584370,1
TXN98150364,0
TXN32673052,0
TXN12695311,1
TXN79908028,1
TXN39763122,0
TXN79999993,1
TXN13895690,1
TXN24043730,1
TXN53507416,0
TXN25350700,1
TXN45895393,1
TXN63422902,0
TXN98989791,1
TXN58917758,1
TXN05200641,0
TXN66030023,1
TXN94385156,0
TXN32149416,1
TXN14996306,0
TXN57686064,0
TXN97210071,0
TXN10018629,1
TXN92447827,0
TXN22144466,1
TXN05280209,1
TXN28664376,1
TXN46343197,1
TXN96966338,0
TXN98995769,0
TXN40075008,0
TXN10684467,1
TXN83134869,0
TXN10400996,1
TXN21301864,0
TXN30317659,1
TXN52227071,0
TXN71825726,0
TXN83693567,1
TXN21111947,0
TXN18067971,1
TXN76879850,0
TXN60176506,1
TXN99210026,0
TXN24314044,1
TXN21893665,0
TXN54609684,0
TXN74489293,1
TXN69410519,1
TXN89292591,0
TXN99138583,1
TXN83451926,1
TXN23286336,0
TXN62271563,0
TXN14945224,1
TXN31560294,1
TXN48967432,0
TXN33380911,0
TXN83604899,0
TXN89092486,1
TXN08383083,1
TXN69236135,1
TXN25268506,1
TXN79264611,0
TXN62166155,1
TXN95614612,1
TXN89623115,1
TXN98459954,1
TXN40574342,1
TXN50272779,0
TXN53671156,0
TXN61311666,0
TXN07941628,1
TXN49614383,0
TXN39998071,1
TXN46173975,1
TXN53001752,1
TXN08451573,0
TXN14232946,0
TXN25828621,0
TXN16068182,1
TXN95261825,1
TXN37304301,1
TXN23535397,0
TXN54204143,0
TXN90674377,1
TXN95856151,1
TXN40397094,1
TXN23254558,0
TXN01169553,0
TXN08816433,0
TXN72967904,0
TXN26330091,1
TXN99073234,1
TXN72950380,1
TXN01823760,1
TXN22158388,1
TXN94405740,0
TXN69344731,1
TXN51868893,1
TXN55195733,1
TXN92178770,1
TXN61582566,0
TXN47479224,0
TXN62687055,0
TXN45268774,1
TXN03071038,1
TXN95002278,1
TXN47426903,0
TXN75106826,0
TXN53535899,0
TXN60789522,1
TXN36611529,1
TXN20754417,1
TXN15576258,0
TXN18631694,0
TXN37609648,0
TXN51231181,0
TXN43575360,1
TXN83303315,1
TXN61266786,1
TXN54350894,1
TXN34496720,0
TXN89136553,0
TXN13327314,0
TXN58380998,0
TXN03487348,0
TXN34590259,0
TXN30951416,1
TXN76295724,0
TXN70306027,0
TXN91581310,1
TXN63591818,0
TXN31819368,0
TXN34085847,1
TXN77917618,0
TXN29548901,0
TXN98742283,0
TXN22570752,0
TXN83089172,1
TXN42751212,0
TXN39368138,1
TXN89693140,0
TXN23625669,1
TXN30289968,1
TXN89730239,0
TXN70269255,1
TXN78203963,0
TXN59819691,0
TXN61652325,0
TXN36285861,1
TXN66438855,1
TXN34855327,1
TXN40841818,1
TXN51190421,0
TXN56780697,0
TXN05847536,0
TXN52584709,1
TXN23980033,1
TXN81318937,0
TXN30947025,1
TXN93639830,1
TXN08541156,1
TXN70326364,0
TXN59386432,0
TXN51333657,1
TXN92980714,0
TXN65761541,1
TXN09805090,1
TXN96916516,0
TXN25779075,1
TXN82717016,0
TXN87146295,1
TXN08821862,0
TXN45364299,1
TXN68586548,1
TXN26249343,0
TXN68338325,1
TXN97616049,1
TXN13495573,1
TXN88840417,0
TXN93820368,0
TXN32240217,0
TXN60825827,0
TXN02296308,0
TXN94276994,1
TXN03972373,1
TXN90602038,0
TXN18474983,0
TXN71420870,0
TXN16897670,1
TXN63207684,1
TXN40262838,0
TXN74938134,1
TXN09710954,1
TXN06295779,1
TXN40751367,1
TXN40301577,1
TXN65982677,0
TXN44010492,1
TXN86886923,1
TXN94261924,1
TXN01370660,1
TXN00414158,0
TXN75571696,1
TXN68352787,0
TXN42808568,0
TXN03866261,1
TXN37819621,1
TXN86522753,0
TXN30449737,0
TXN30263791,1
TXN90180872,1
TXN37571101,0
TXN61554352,1
TXN91283846,0
TXN51038768,0
TXN38522502,0
TXN02593310,1
TXN50229837,1
TXN80517261,0
TXN17605438,1
TXN99765701,0
TXN18176943,1
TXN67331137,1
TXN55632054,1
TXN45226438,0
TXN52921192,1
TXN16129059,1
TXN11757116,0
TXN71468492,1
TXN48153590,0
TXN38971878,0
TXN74696175,0
TXN14262074,0
TXN93826782,0
TXN87384121,0
TXN71791398,1
TXN01352090,1
TXN12630465,0
TXN05647896,1
TXN76840831,0
TXN03561358,0
TXN58713559,0
TXN74394443,1
TXN68638321,1
TXN91475635,0
TXN66041233,0
TXN09637939,1
TXN63127960,1
TXN44040650,0
TXN46493683,0
TXN91991815,0
TXN14246196,1
TXN16567847,0
TXN50497477,0
TXN36791740,0
TXN83232779,0
TXN69021774,1
TXN50795946,0
TXN28997509,1
TXN94228437,0
TXN52099287,0
TXN93397404,0
TXN03597241,1
TXN56817504,1
TXN48862173,0
TXN08692134,0
TXN17114777,1
TXN00971845,0
TXN99813628,0
TXN48620029,0
TXN06490572,1
TXN88166298,1
TXN38850841,0
TXN12322407,0
TXN59242150,0
TXN91379651,0
TXN38956882,1
TXN19085588,0
TXN60044644,0
TXN25649147,0
TXN03030810,0
TXN39051038,0
TXN98862798,0
TXN89594467,1
TXN33770663,1
TXN04750510,1
TXN65783755,0
TXN02987891,0
TXN93848887,0
TXN87068127,0
TXN44105000,0
TXN00827763,0
TXN64481566,0
TXN55673939,0
TXN85305837,1
TXN06473379,1
TXN61036837,0
TXN65892309,0
TXN02258748,0
TXN66237941,1
TXN41800080,1
TXN41454941,1
TXN30876883,0
TXN80520320,0
TXN77156521,1
TXN91552561,1
TXN76834591,0
TXN76492585,1
TXN10000070,1
TXN63311275,0
TXN25189881,0
TXN52878886,1
TXN88809746,1
TXN92516366,1
TXN31079657,1
TXN33818632,0
TXN33186058,1
TXN49326932,0
TXN77222655,1
TXN16712507,1
TXN50126666,1
TXN99084642,1
TXN94426114,0
TXN15457199,1
TXN54225028,1
TXN95896182,1
TXN44881601,0
TXN99651218,0
TXN10716661,0
TXN13770911,1
TXN19490581,1
TXN27123339,0
TXN86401392,1
TXN88031739,0
TXN39360687,0
TXN36638901,0
TXN98362962,1
TXN40278902,1
TXN95621552,0
TXN76322239,1
TXN19060083,0
TXN68758095,0
TXN75500531,0
TXN37822684,1
TXN58576195,1
TXN07605133,1
TXN10992185,0
TXN53011401,0
TXN32200336,1
TXN69197222,0
TXN97483637,1
TXN52733637,1
TXN01091125,1
TXN83728221,1
TXN17507469,1
TXN20833399,0
TXN05535179,1
TXN98434080,1
TXN06123886,0
TXN01437836,0
TXN57888633,0
TXN06629152,0
TXN18498996,0
TXN16863050,1
TXN61042877,1
TXN81128373,1
TXN84227528,0
TXN49686130,0
TXN46307386,1
TXN67482755,1
TXN23550274,0
TXN87691180,1
TXN42095742,0
TXN89343264,1
TXN30987640,0
TXN30780498,0
TXN30985212,0
TXN18545205,0
TXN97228245,1
TXN44621157,1
TXN12899628,0
TXN40393217,1
TXN63396749,0
TXN41371732,0
TXN23900426,1
TXN25351565,0
TXN36627343,1
TXN99422817,0
TXN17405514,0
TXN71526966,0
TXN92807319,0
TXN61947335,0
TXN27268338,1
TXN88311847,0
TXN16970787,0
TXN70262811,0
TXN94297795,0
TXN85732079,0
TXN74995250,0
TXN35293130,1
TXN73976977,1
TXN39376709,0
TXN61855437,1
TXN25837920,0
TXN07251475,1
TXN43616566,1
TXN05246894,0
TXN18020625,0
TXN05486206,1
TXN46222765,0
TXN59634780,0
TXN98371310,1
TXN54865061,1
TXN39454820,1
TXN68464987,1
TXN53548867,1
TXN21963003,0
TXN34201131,1
TXN72398170,0
TXN42345006,1
TXN50190941,0
TXN11208776,1
TXN69284876,0
TXN08111957,0
TXN72951332,0
TXN61173289,0
TXN14236517,1
TXN89970912,1
TXN60321299,1
TXN75608287,0
TXN72639046,0
TXN69100934,1
TXN60206229,1
TXN36914599,0
TXN26013295,1
TXN23917585,0
TXN15387503,1
TXN17102378,1
TXN85956426,1
TXN12326993,0
TXN25402346,1
TXN77336426,1
TXN78603726,1
TXN07791005,1
TXN68082077,1
TXN86436703,0
TXN57967416,0
TXN43904473,1
TXN16979155,1
TXN63767057,1
TXN43894332,0
TXN95493311,0
TXN19526910,1
TXN95177342,0
TXN60534682,1
TXN87692909,1
TXN39294333,0
TXN37252194,0
TXN18276195,0
TXN53799655,1
TXN71118500,0
TXN85469565,0
TXN93900359,1
TXN47175815,1
TXN48501568,0
TXN50198127,0
TXN76055542,0
TXN05269753,0
TXN42377399,1
TXN32224880,0
TXN59534264,0
TXN06933510,0
TXN46902034,1
TXN72275910,1
TXN25648644,1
TXN52002255,1
TXN48311396,0
TXN23423622,1
TXN33284592,1
TXN07650955,1
TXN84637467,0
TXN66532321,0
TXN91916259,0
TXN26447450,0
TXN78493409,0
TXN89649128,1
TXN96780872,1
TXN62686188,0
TXN41525207,1
TXN01271096,0
TXN07479578,0
TXN72526104,1
TXN57531341,1
TXN26058689,1
TXN76297735,0
TXN93155419,0
TXN12965193,0
TXN15273342,1
TXN57875240,1
TXN03471226,1
TXN60908567,0
TXN78834639,0
TXN18531123,1
TXN37248944,1
TXN52733590,0
TXN75859843,1
TXN21830361,0
TXN77809238,0
TXN22601457,0
TXN96122969,0
TXN34280606,1
TXN91892738,1
TXN60071811,0
TXN74180659,0
TXN25103130,1
TXN46876895,1
TXN36529717,1
TXN24774189,0
TXN68542576,1
TXN38902466,1
TXN06172992,1
TXN34752897,0
TXN94980617,1
TXN32991783,0
TXN69008004,1
TXN36277512,1
TXN58927164,0
TXN41637798,1
TXN39989687,0
TXN01610877,1
TXN22008743,0
TXN50084974,1
TXN05104031,1
TXN99021422,0
TXN95746540,1
TXN65659712,0
TXN69792290,0
TXN11602064,1
TXN58637451,0
TXN89194191,0
TXN10116260,0
TXN56974822,0
TXN79734019,0
TXN91049997,0
TXN94021716,0
TXN59564146,1
TXN59451341,0
TXN32524116,0
TXN43240700,1
TXN31745729,0
TXN51427128,0
TXN30232569,0
TXN93533175,0
TXN32452962,1
TXN86707425,0
TXN20368511,1
TXN04098296,0
TXN72632099,0
TXN54128513,0
TXN29412778,1
TXN00222203,0
TXN42376717,1
TXN34359203,1
TXN27828652,1
TXN57329805,1
TXN30211823,1
TXN15818471,1
TXN86410995,0
TXN26187739,0
TXN73195126,0
TXN07436849,0
TXN11325394,1
TXN79623554,1
TXN26947029,0
TXN47120233,1
TXN49212154,1
TXN35965613,0
TXN03661983,0
TXN91471093,0
TXN61103556,0
TXN33824236,0
TXN20349230,0
TXN04406489,1
TXN30731294,1
TXN19297618,1
TXN32293148,1
TXN02348777,1
TXN24099184,1
TXN35616852,0
TXN72158597,0
TXN03229985,0
TXN12809033,1
TXN36198206,1
TXN38398054,0
TXN50950812,0
TXN63651243,0
TXN41889307,1
TXN62218497,0
TXN68141038,1
TXN41338560,1
TXN48592352,0
TXN51311353,1
TXN00972218,1
TXN99373764,0
TXN98410900,0
TXN97801456,1
TXN43532785,1
TXN00611746,0
TXN41990195,0
TXN15632382,0
TXN81185876,1
TXN18134288,0
TXN84081421,1
TXN92316988,0
TXN45475846,0
TXN42199895,1
TXN92095606,0
TXN48516446,1
TXN83530366,0
TXN35565127,0
TXN49840355,0
TXN83639555,0
TXN65303882,0
TXN47670465,0
TXN82939502,0
TXN40106666,1
TXN53091490,1
TXN07584952,0
TXN80265938,1
TXN54355991,1
TXN36108256,0
TXN95566663,1
TXN49961968,0
TXN15013150,0
TXN06326073,1
TXN28104701,0
TXN69246665,0
TXN44120912,1
TXN16426571,1
TXN54156331,1
TXN52526258,1
TXN28999388,1
TXN04560811,1
TXN83400837,0
TXN73905685,0
TXN75427626,0
TXN17938261,0
TXN68686067,0
TXN13654520,0
TXN60785777,1
TXN48557969,0
TXN26971877,0
TXN39815331,0
TXN11498945,1
TXN53962491,1
TXN04722491,1
TXN66554529,1
TXN93264325,1
TXN22138900,1
TXN58439037,0
TXN72063852,1
TXN75331916,1
TXN50848290,0
TXN10323264,1
TXN22361381,0
TXN19694546,0
TXN63580585,1
TXN63531675,0
TXN24645514,1
TXN99148249,1
TXN98940370,1
TXN34322441,1
TXN17196270,0
TXN63020130,0
TXN38963748,1
TXN50428886,0
TXN42558028,0
TXN01219822,0
TXN59156505,1
TXN08940785,0
TXN44464577,0
TXN30733645,0
TXN32615622,0
TXN50914141,1
TXN32745770,1
TXN98769162,0
TXN29639155,0
TXN09331577,0
TXN88660118,0
TXN04120974,1
TXN03101674,0
TXN28762759,1
TXN99238472,1
TXN29381633,1
TXN52419691,1
TXN18806599,1
TXN39513176,0
TXN12429868,0
TXN29058336,1
TXN76879041,0
TXN68840495,1
TXN76395098,0
TXN83060093,1
TXN09974375,0
TXN75544246,0
TXN67418904,0
TXN35981909,0
TXN45677545,0
TXN28497923,0
TXN18781813,1
TXN84253267,1
TXN18955699,1
TXN64195884,1
TXN23254283,0
TXN12999598,1
TXN98475043,1
TXN12534409,0
TXN44537670,0
TXN31327890,1
TXN55682783,1
TXN25234740,1
TXN58709345,0
TXN31042202,1
TXN47715503,1
TXN60140738,0
TXN82923289,0
TXN55111501,1
TXN31225643,0
TXN31809926,0
TXN00701449,0
TXN76670079,0
TXN89455782,0
TXN58715232,0
TXN23853799,1
TXN06616717,1
TXN26696050,0
TXN63312274,1
TXN54855498,1
TXN13287956,1
TXN86620876,0
TXN13287751,1
TXN09369585,1
TXN16887490,0
TXN31204873,1
TXN19756487,1
TXN90823956,1
TXN73985840,0
TXN76442851,1
TXN62235025,0
TXN69498072,1
TXN42939461,1
TXN35876442,1
TXN19455603,1
TXN39335743,0
TXN20450897,0
TXN76385677,1
TXN30296008,1
TXN74024266,0
TXN83228795,0
TXN04017009,1
TXN67364839,0
TXN82270105,0
TXN57400224,1
TXN68028690,1
TXN73024136,1
TXN76498309,1
TXN68884760,0
TXN59472134,1
TXN55031299,0
TXN74556981,1
TXN95107143,1
TXN96475511,1
TXN48618023,1
TXN02351080,1
TXN72934808,1
TXN73818644,0
TXN66904397,1
TXN48191032,0
TXN74840662,1
TXN20987714,1
TXN19053882,1
TXN61672791,1
TXN45075559,0
TXN85615821,1
TXN34699627,0
TXN30422971,0
TXN46377122,0
TXN96386553,1
TXN46822150,1
TXN38192828,0
TXN99488921,0
TXN71022157,1
TXN63398385,1
TXN90262779,1
TXN88803805,1
TXN69550933,0
TXN22084191,1
TXN26879681,1
TXN38202009,0
TXN67116873,1
TXN99439109,0
TXN41305287,1
TXN31343241,1
TXN43531320,0
TXN70462860,1
TXN62654474,0
TXN82628922,1
TXN01926604,0
TXN43680965,0
TXN15664796,0
TXN54409309,1
TXN92823427,0
TXN66760301,1
TXN09263320,1
TXN98051895,1
TXN38197588,0
TXN64245986,0
TXN99065516,0
TXN49095660,1
TXN58745261,0
TXN10570976,1
TXN33952820,1
TXN38657892,1
TXN67080920,1
TXN81388609,1
TXN29348974,0
TXN72468128,1
TXN23157888,1
TXN91872251,1
TXN96116475,0
TXN54092863,0
TXN54142713,0
TXN06788997,0
TXN84847565,0
TXN11970373,0
TXN87072616,1
TXN40471536,0
TXN07101964,0
TXN86824883,0
TXN39271141,1
TXN35013922,0
TXN15013859,0
TXN24342435,1
TXN92432199,0
TXN31290697,0
TXN12488168,0
TXN04363250,1
TXN10008356,1
TXN22635747,0
TXN23598064,1
TXN61384776,0
TXN51852335,0
TXN38346233,0
TXN10137070,0
TXN01822980,0
TXN83558104,0
TXN05759509,0
TXN93887759,0
TXN23461501,0
TXN46364505,1
TXN82040424,0
TXN28120870,0
TXN12218278,1
TXN53848143,1
TXN95220194,1
TXN76274463,1
TXN80710212,1
TXN84736669,0
TXN56321259,0
TXN10460229,1
TXN63218498,1
TXN02859612,1
TXN83720921,1
TXN34777397,0
TXN38090225,0
TXN63976155,0
TXN78088705,0
TXN61100676,0
TXN43747623,1
TXN49714796,0
TXN49616358,0
TXN72333262,1
TXN06263224,0
TXN97443677,0
TXN18090256,1
TXN30562262,1
TXN46903551,0
TXN68907790,0
TXN24068566,0
TXN62655825,0
TXN82946524,0
TXN65757086,0
TXN89598144,1
TXN82420906,1
TXN71294515,1
TXN51840668,1
TXN13490522,0
TXN49658856,0
TXN62862304,1
TXN25497692,0
TXN70859397,1
TXN33365245,1
TXN95932152,1
TXN02771338,0
TXN32836371,1
TXN85518434,1
TXN70944826,0
TXN79463410,0
TXN80739267,0
TXN37904141,0
TXN63581264,0
TXN99358701,0
TXN49339878,1
TXN98486000,1
TXN59017828,0
TXN34463245,0
TXN78867124,0
TXN50812571,0
TXN74940114,0
TXN25717163,0
TXN14467482,0
TXN13023436,1
TXN87662768,1
TXN32738108,1
TXN00366839,1
TXN80176879,0
TXN68505478,0
TXN39793253,0
TXN46553079,0
TXN54356328,0
TXN77185280,0
TXN76196177,0
TXN56343867,1
TXN84408569,1
TXN24468417,1
TXN79224984,1
TXN76667359,1
TXN23077162,0
TXN28501393,1
TXN85653169,1
TXN45600351,0
TXN06816274,0
TXN59477869,1
TXN73856607,0
TXN92892518,1
TXN93949821,1
TXN39708269,1
TXN65704495,0
TXN92614803,1
TXN61410763,1
TXN19915079,1
TXN53288507,1
TXN12003323,0
TXN25444296,1
TXN55354101,0
TXN12469755,1
TXN55614660,0
TXN36333387,1
TXN86583109,1
TXN50196787,1
TXN38393413,0
TXN68120861,1
TXN88742373,0
TXN92880906,0
TXN27615109,1
TXN40056473,0
TXN47405257,1
TXN33749950,0
TXN19687361,1
TXN50612198,0
TXN74879472,0
TXN77666403,1
TXN43374128,1
TXN47289143,0
TXN48146602,0
TXN63636769,1
TXN72342478,0
TXN74623474,1
TXN27085384,1
TXN52425139,1
TXN88287526,1
TXN41164773,1
TXN28154262,1
TXN99220470,0
TXN56590403,0
TXN89669702,1
TXN88623287,0
TXN96583491,0
TXN52769263,0
TXN37084459,1
TXN51823729,1
TXN96476617,0
TXN72299322,0
TXN18932388,1
TXN92554603,0
TXN57735479,0
TXN95144615,0
TXN24407178,0
TXN97222775,1
TXN78384091,0
TXN86633057,1
TXN68973540,1
TXN93535198,1
TXN26280753,0
TXN60089852,0
TXN51364924,1
TXN96189333,1
TXN67977764,1
TXN63473011,0
TXN10292887,1
TXN40963578,1
TXN15740514,0
TXN12477972,1
TXN97098695,1
TXN05630296,0
TXN61246219,1
TXN75062167,1
TXN92985438,1
TXN73641467,1
TXN59106822,0
TXN86531632,1
TXN98210777,0
TXN24431042,0
TXN06570871,1
TXN04655997,0
TXN97914343,1
TXN77208167,1
TXN96578101,0
TXN20463634,0
TXN14347168,0
TXN39561825,1
TXN40590408,0
TXN24778080,1
TXN06823597,0
TXN88732106,1
TXN56158686,1
TXN25037447,1
TXN40671260,0
TXN42202273,1
TXN18068200,0
TXN54341975,1
TXN16801287,0
TXN59871195,1
TXN46321408,1
TXN93707770,1
TXN19001247,0
TXN96413873,0
TXN24088953,1
TXN56632074,1
TXN29357423,0
TXN63050845,1
TXN41157200,1
TXN77010381,1
TXN22595846,0
TXN82669846,1
TXN03210617,1
TXN86671479,0
TXN34498771,1
TXN51576057,0
TXN63971795,1
TXN46330964,1
TXN75671622,1
TXN44988333,1
TXN84682422,1
TXN34223648,0
TXN60672028,1
TXN08446175,1
TXN84968470,1
TXN91309559,0
TXN81808130,0
TXN54062021,1
TXN93233977,0
TXN32445361,1
TXN67834597,1
TXN14266301,1
TXN82053910,0
TXN71955427,0
TXN31351670,1
TXN87509191,1
TXN53308866,1
TXN36925654,0
TXN39196946,0
TXN27178973,0
TXN14927676,0
TXN31634263,1
TXN94302023,0
TXN42253508,0
TXN02184171,0
TXN67686916,0
TXN03690889,0
TXN04760010,1
TXN84191825,1
TXN01488654,0
TXN59785076,1
TXN09017459,1
TXN21196472,1
TXN90785497,0
TXN34483512,0
TXN56723845,1
TXN74449336,1
TXN22964855,0
TXN88574740,1
TXN80202960,1
TXN83934438,0
TXN44988168,0
TXN03131872,0
TXN82539123,0
TXN75773649,1
TXN04781490,0
TXN13243205,0
TXN59784176,1
TXN35404479,1
TXN35965547,1
TXN32817329,1
TXN23700410,1
TXN56362999,1
TXN80143879,0
TXN53437386,1
TXN51140471,1
TXN48481446,1
TXN95394467,0
TXN48963242,0
TXN79400635,0
TXN46284380,0
TXN06553153,1
TXN55584598,1
TXN75975696,0
TXN25301856,1
TXN02074154,0
TXN92891231,0
TXN71195451,0
TXN13254254,1
TXN89084914,1
TXN89870419,0
TXN85422688,0
TXN98740723,1
TXN20382201,0
TXN29371148,0
TXN28877918,0
TXN78854308,1
TXN58239351,1
TXN61027429,0
TXN42238565,0
TXN74281337,1
TXN31035722,1
TXN66818133,0
TXN97906264,1
TXN57185845,0
TXN39912891,1
TXN07400551,1
TXN38128608,0
TXN90946713,1
TXN66952463,1
TXN87205958,1
TXN51483226,0
TXN02442214,1
TXN63721606,1
TXN34417437,1
TXN52692103,0
TXN01233543,1
TXN38606633,0
TXN93206769,0
TXN59081071,0
TXN79574772,1
TXN45328129,1
TXN72327547,0
TXN21574110,1
TXN34129350,1
TXN74720085,1
TXN52617283,1
TXN29183092,0
TXN55305722,0
TXN69180666,0
TXN86314208,0
TXN06393635,1
TXN35279133,0
TXN75106190,0
TXN76622233,1
TXN48419281,1
TXN89089554,0
TXN12538284,0
TXN45199208,0
TXN84583489,1
TXN19536889,0
TXN21159573,0
TXN80044881,1
TXN24863056,0
TXN32041737,1
TXN64583403,1
TXN03497647,0
TXN43464523,0
TXN14424300,0
TXN58426333,0
TXN60635406,0
TXN15762639,0
TXN27880618,1
TXN39317503,0
TXN24328945,1
TXN50409500,0
TXN66892082,1
TXN03978946,0
TXN45996744,1
TXN68254044,1
TXN05515880,1
TXN83052307,0
TXN81716244,0
TXN12287520,0
TXN94357187,1
TXN52435958,0
TXN95576856,0
TXN55490994,1
TXN58365705,1
TXN17403279,0
TXN07461761,1
TXN68625500,1
TXN47494563,0
TXN09817597,1
TXN98436787,0
TXN83553689,1
TXN59824241,1
TXN32010897,1
TXN62266903,0
TXN07857436,0
TXN62486696,1
TXN43949252,1
TXN82438918,0
TXN20396391,0
TXN22395360,1
TXN00014889,0
TXN37925553,1
TXN18362663,1
TXN64359578,0
TXN47337013,1
TXN37235541,0
TXN68093223,0
TXN31007353,1
TXN98932738,0
TXN80832120,1
TXN62148732,1
TXN37146931,0
TXN98834116,1
TXN21724586,1
TXN56313133,1
TXN84991250,1
TXN31517777,1
TXN73662638,0
TXN07051151,1
TXN29574091,1
TXN88115820,1
TXN69783612,1
TXN59819947,1
TXN59324551,0
TXN66400231,0
TXN40788141,1
TXN84097699,1
TXN70950442,1
TXN22578032,0
TXN64015902,0
TXN18447380,0
TXN62076378,0
TXN83815095,1
TXN64448783,1
TXN61357918,0
TXN05519414,1
TXN61991107,1
TXN19459651,1
TXN32699206,0
TXN80701122,0
TXN76030323,1
TXN43840049,0
TXN91022298,0
TXN23711385,1
TXN17405062,0
TXN32405657,0
TXN85635977,1
TXN24048959,0
TXN55459012,1
TXN29826294,1
TXN97375927,0
TXN77909972,1
TXN82324614,0
TXN80583673,0
TXN06310557,0
TXN64187629,1
TXN17793827,0
TXN54281868,0
TXN47571178,0
TXN02552949,1
TXN37455171,0
TXN29839310,0
TXN08835114,0
TXN59801505,1
TXN34216057,1
TXN09982074,1
TXN75087677,1
TXN73772784,1
TXN05251327,1
TXN07380787,0
TXN17146316,1
TXN45934175,0
TXN57899745,1
TXN82755759,0
TXN51772884,1
TXN78618082,1
TXN05256168,1
TXN64267056,0
TXN54177371,0
TXN45545221,0
TXN70455448,0
TXN43849839,1
TXN32045684,1
TXN94500762,1
TXN87295512,1
TXN73144567,1
TXN92546849,1
TXN76900373,0
TXN51722130,1
TXN59235894,1
TXN22076273,0
TXN31465986,1
TXN44526241,0
TXN77330784,0
TXN88829471,1
TXN31116152,0
TXN61694948,0
TXN29046773,0
TXN31661886,0
TXN33192970,1
TXN59072296,0
TXN19962477,1
TXN14295604,1
TXN02856902,1
TXN05215829,1
TXN45350865,0
TXN47563736,0
TXN51084437,0
TXN79382831,1
TXN89375790,1
TXN67906784,1
TXN80402175,1
TXN66427933,0
TXN97604695,0
TXN15509765,0
TXN64734139,0
TXN77292711,1
TXN38668974,1
TXN87375557,1
TXN71282753,0
TXN66296555,1
TXN77968384,1
TXN81540249,1
TXN88302186,0
TXN03004954,0
TXN15780538,1
TXN66460186,0
TXN40916590,0
TXN39042428,0
TXN54491159,0
TXN72659603,1
TXN92093223,1
TXN36527978,0
TXN20118517,1
TXN25506212,1
TXN97716162,1
TXN34258717,1
TXN65879633,1
TXN05817722,0
TXN38564156,0
TXN06529600,1
TXN31113083,0
TXN18536514,0
TXN24482765,1
TXN64735556,1
TXN65856736,0
TXN65541512,1
TXN45448397,0
TXN03119463,0
TXN73203211,0
TXN79580346,1
TXN95932975,0
TXN01727818,1
TXN76420000,1
TXN14600223,1
TXN29581349,0
TXN42772250,1
TXN52245349,0
TXN20617450,0
TXN73849835,1
TXN77333895,0
TXN68903153,1
TXN21427126,0
TXN28849583,0
TXN97255534,0
TXN64537059,1
TXN48165974,1
TXN69582839,0
TXN95716638,1
TXN25518515,1
TXN60159394,1
TXN52819307,0
TXN67378698,1
TXN72353167,0
TXN39696603,0
TXN82173992,0
TXN66902295,0
TXN42185815,1
TXN97259147,0
TXN76247835,1
TXN88316614,1
TXN45707365,1
TXN95708624,1
TXN97230952,1
TXN91450546,0
TXN51559942,1
TXN11077957,1
TXN72079160,1
TXN34797571,1
TXN06353914,1
TXN96284753,1
TXN39883355,0
TXN01004714,1
TXN47871482,0
TXN31783756,1
TXN73121430,1
TXN71229678,1
TXN69002464,0
TXN48253301,0
TXN58911460,1
TXN09033327,0
TXN37926443,0
TXN24816651,0
TXN88351781,1
TXN13630720,0
TXN21435691,0
TXN63345157,0
TXN13512688,1
TXN79254980,0
TXN35612792,1
TXN73025876,0
TXN63062079,0
TXN67144569,0
TXN29919601,0
TXN75777057,1
TXN42018237,0
TXN59671321,1
TXN55551018,1
TXN04920337,1
TXN50862277,1
TXN75799009,0
TXN97618272,1
TXN16931400,1
TXN09922139,0
TXN42068495,1
TXN23120906,0
TXN13644139,1
TXN07290521,0
TXN32305246,1
TXN10134924,1
TXN25751769,1
TXN48309897,0
TXN99982209,0
TXN09005823,0
TXN22925857,0
TXN52957115,0
TXN07597351,0
TXN82939930,1
TXN84671450,0
TXN85365623,1
TXN16157458,0
TXN04619543,1
TXN08430242,0
TXN11304036,1
TXN32026022,1
TXN09540526,1
TXN74986096,0
TXN85006134,0
TXN77900044,1
TXN82547478,1
TXN94721150,0
TXN54266965,1
TXN78906117,0
TXN41305735,0
TXN17347017,1
TXN10481624,1
TXN85458290,1
TXN14086379,1
TXN86431941,1
TXN51105307,0
TXN39883896,0
TXN62242316,1
TXN29683329,0
TXN54226125,0
TXN59988917,1
TXN15178311,0
TXN00207101,0
TXN35201724,1
TXN74794306,1
TXN73492712,0
TXN02943425,1
TXN69714296,0
TXN52244361,1
TXN68769065,0
TXN90050191,0
TXN63886294,0
TXN39491502,1
TXN93026696,1
TXN04584983,1
TXN06902826,1
TXN16167146,0
TXN71966285,0
TXN80357876,0
TXN34745810,1
TXN97301264,0
TXN86205481,1
TXN01376444,0
TXN99631746,1
TXN11446215,1
TXN48723372,0
TXN01107388,0
TXN64935101,1
TXN28833264,0
TXN45326661,1
TXN69475208,1
TXN24680870,0
TXN56779641,1
TXN34617059,1
TXN18929605,1
TXN12377151,1
TXN46090216,1
TXN09084905,1
TXN90687561,1
TXN81668076,0
TXN39459660,1
TXN09964491,1
TXN70868450,1
TXN64707098,1
TXN87193124,1
TXN79765517,1
TXN75110035,0
TXN82696456,0
TXN87234759,1
TXN19735633,1
TXN85864696,0
TXN27749438,1
TXN07088063,0
TXN14303244,0
TXN93374823,0
TXN83007340,0
TXN06328594,0
TXN99594010,1
TXN65336787,0
TXN21858242,1
TXN27942779,0
TXN26868537,0
TXN11325294,0
TXN98467517,1
TXN38977013,0
TXN85647429,0
TXN66316392,0
TXN29321187,0
TXN37826041,1
TXN05143428,1
TXN40574259,0
TXN32734039,0
TXN00141321,0
TXN48303942,1
TXN74150816,1
TXN28539511,0
TXN73052032,1
TXN23915524,1
TXN17619145,1
TXN55902497,1
TXN38639323,1
TXN06749232,1
TXN69610146,0
TXN35587983,0
TXN41082531,0
TXN28561655,0
TXN64674392,1
TXN40148964,1
TXN04216111,1
TXN20573344,1
TXN38337745,1
TXN36408031,0
TXN89678516,1
TXN38922093,0
TXN11548444,1
TXN31442458,0
TXN42855325,1
TXN09197699,0
TXN36053732,1
TXN93906014,0
TXN68670216,0
TXN63233694,1
TXN17765529,0
TXN65904211,1
TXN02308543,1
TXN85514749,0
TXN22259973,0
TXN16761200,1
TXN33129442,1
TXN75304197,0
TXN78735254,1
TXN01288030,0
TXN80857242,1
TXN74051434,1
TXN13716609,0
TXN42795265,1
TXN50248049,0
TXN59417264,1
TXN73943187,0
TXN03864754,1
TXN28926915,1
TXN19696461,0
TXN01286378,0
TXN41838367,0
TXN53713755,0
TXN95022747,1
TXN28831678,1
TXN95001205,0
TXN86246229,1
TXN18687472,0
TXN48776997,1
TXN97138048,1
TXN80909740,1
TXN28027028,1
TXN46760454,0
TXN43806968,1
TXN72834156,1
TXN68136787,0
TXN28563708,1
TXN80107853,0
TXN37418840,1
TXN78022294,1
TXN10304116,1
TXN44989220,0
TXN46922943,1
TXN60390596,1
TXN08337404,1
TXN69007748,1
TXN27826590,0
TXN95923423,1
TXN34357629,0
TXN58118775,1
TXN66221364,1
TXN85039079,0
TXN66719755,0
TXN05294685,1
TXN27936337,0
TXN69624251,1
TXN40321238,1
TXN02543716,0
TXN92644587,1
TXN90626000,0
TXN41161394,1
TXN01121641,1
TXN75638517,1
TXN12189493,1
TXN67999653,0
TXN44430738,1
TXN43793886,0
TXN02226192,1
TXN51101336,1
TXN70774403,0
TXN36605452,0
TXN84998462,0
TXN33640135,0
TXN00627265,1
TXN61107962,0
TXN58510830,1
TXN38949476,0
TXN64953115,0
TXN61348523,0
TXN83553046,1
TXN50741679,0
TXN20544122,1
TXN64848239,1
TXN63595748,0
TXN98353463,0
TXN46058714,0
TXN77858403,1
TXN52208263,1
TXN45899760,0
TXN26684075,0
TXN74567227,1
TXN00803341,0
TXN09170552,1
TXN22783706,1
TXN55289756,0
TXN72539369,1
TXN82310328,1
TXN46902047,1
TXN58278891,1
TXN54157788,0
TXN39944845,1
TXN36760818,0
TXN97322583,1
TXN43833922,1
TXN74225809,0
TXN86823317,0
TXN91277400,1
TXN10119964,1
TXN06757388,1
TXN45962630,0
TXN99353847,1
TXN91646586,1
TXN48233587,1
TXN70176614,1
TXN93902614,0
TXN51092901,1
TXN58357150,0
TXN44985595,0
TXN93008166,0
TXN19217883,1
TXN14951539,0
TXN65523923,1
TXN69304279,0
TXN41997030,0
TXN11334513,0
TXN74861363,1
TXN46265942,0
TXN76108101,1
TXN64776184,1
TXN13768861,1
TXN53921797,0
TXN48514780,1
TXN06116329,1
TXN26138156,1
TXN89339601,1
TXN31371110,0
TXN88534189,1
TXN08580940,0
TXN14736063,1
TXN89333310,0
TXN89679941,0
TXN46987193,0
TXN22362051,1
TXN28602084,0
TXN17269387,1
TXN30407291,1
TXN34762106,0
TXN26951065,1
TXN97853984,0
TXN87607338,0
TXN45869412,1
TXN54461389,1
TXN26755761,1
TXN94186855,1
TXN52008858,1
TXN21741512,0
TXN19822296,1
TXN24285186,0
TXN40847785,1
TXN61877551,1
TXN76018829,1
TXN20637102,0
TXN68899605,1
TXN32734218,0
TXN81319191,0
TXN02939465,1
TXN41522609,1
TXN12177431,1
TXN78594621,1
TXN32754966,0
TXN82841274,0
TXN57604605,1
TXN83399023,0
TXN29863799,0
TXN50075150,1
TXN75632932,1
TXN66329720,1
TXN61959476,0
TXN44055623,0
TXN95775132,0
TXN95638177,1
TXN87800006,0
TXN43454163,1
TXN22344940,1
TXN58895033,1
TXN69205929,1
TXN07460626,0
TXN13005702,0
TXN67665017,1
TXN14507596,1
TXN39463081,1
TXN25296049,1
TXN65397831,1
TXN58933903,1
TXN14911637,1
TXN01579141,1
TXN23535766,1
TXN30229272,1
TXN43900897,1
TXN67917438,0
TXN30509979,0
TXN00523768,0
TXN01307896,1
TXN45720654,0
TXN99333738,0
TXN97124015,0
TXN57333841,1
TXN63899160,1
TXN54068231,1
TXN61725676,0
TXN56677529,1
TXN42902788,1
TXN52485895,0
TXN84838142,1
TXN52592369,0
TXN85614413,1
TXN31623300,1
TXN31838209,0
TXN33441837,0
TXN58958606,1
TXN80746372,1
TXN42688199,0
TXN87770562,0
TXN31194472,1
TXN39540615,1
TXN92118445,0
TXN80221095,1
TXN67330073,0
TXN64492006,1
TXN27835146,1
TXN21015181,1
TXN32111259,0
TXN64419546,0
TXN65266816,0
TXN01934623,0
TXN82913789,0
TXN94771725,1
TXN42216473,1
TXN58932565,1
TXN18463453,0
TXN84150130,1
TXN04625220,1
TXN06046831,0
TXN53542062,1
TXN60289269,0
TXN46045219,0
TXN13949325,0
TXN81748287,0
TXN12583033,1
TXN08108534,0
TXN76066391,0
TXN93119124,0
TXN53246588,1
TXN08676653,0
TXN89519552,0
TXN45333022,0
TXN42053252,1
TXN37585607,1
TXN66547488,1
TXN12674526,1
TXN15726186,0
TXN55589337,0
TXN87306296,1
TXN88042167,1
TXN22430484,1
TXN42006628,1
TXN47597024,1
TXN93817116,0
TXN44380903,1
TXN78006629,1
TXN03356686,1
TXN44321958,1
TXN66850478,1
TXN25687713,1
TXN82677337,1
TXN79507329,1
TXN15485315,1
TXN41762574,1
TXN10081305,1
TXN92616515,0
TXN17211715,1
TXN66969864,0
TXN68065624,1
TXN30494407,0
TXN41027842,0
TXN37815823,1
TXN46150720,0
TXN21269797,1
TXN00663614,1
TXN63410319,1
TXN03235739,1
TXN69611505,1
TXN93092776,0
TXN79116509,0
TXN62042008,1
TXN28126835,0
TXN05207731,0
TXN69762633,0
TXN18095934,0
TXN84993260,1
TXN33113152,0
TXN31730993,0
TXN29657564,1
TXN31979998,0
TXN14244846,1
TXN40009133,0
TXN85043737,1
TXN12068205,1
TXN38511180,1
TXN15050226,0
TXN46158727,1
TXN89033750,1
TXN94880881,0
TXN48325292,0
TXN91061813,0
TXN63184628,1
TXN44088887,0
TXN42553420,0
TXN62274621,1
TXN32355629,1
TXN91059561,1
TXN80878014,0
TXN31016088,1
TXN99533017,0
TXN28232577,1
TXN72314897,0
TXN14819761,0
TXN33168492,0
TXN53018668,1
TXN47158193,1
TXN05837042,1
TXN29430476,1
TXN22121756,0
TXN37497963,0
TXN90815901,1
TXN42035372,0
TXN66818855,1
TXN53586967,0
TXN78614935,1
TXN28726500,1
TXN02659322,1
TXN00049561,1
TXN01292656,0
TXN85082494,1
TXN22731748,1
TXN46470419,0
TXN35161090,0
TXN98793344,1
TXN62703714,0
TXN12230405,0
TXN88904893,1
TXN20917781,1
TXN04517205,0
TXN71117460,1
TXN83220724,1
TXN84404265,1
TXN27616492,1
TXN65204360,1
TXN08954543,1
TXN45515255,1
TXN41066759,0
TXN88889144,0
TXN53242987,0
TXN75198544,0
TXN23991215,1
TXN39306237,1
TXN12770715,1
TXN91679428,1
TXN66916447,0
TXN76201942,1
TXN60795571,1
TXN75512715,0
TXN57810935,1
TXN62511519,1
TXN57443099,1
TXN15600916,0
TXN99581416,1
TXN89242887,1
TXN16036126,1
TXN76731594,1
TXN62067822,0
TXN34920483,1
TXN65878631,0
TXN76567857,0
TXN39481899,0
TXN35530522,0
TXN51722868,0
TXN16995274,1
TXN24951694,1
TXN79970165,1
TXN70481773,0
TXN78868128,1
TXN42792586,0
TXN83885162,1
TXN34893728,0
TXN32210347,1
TXN47791839,0
TXN31612050,1
TXN91449570,0
TXN21736399,1
TXN13899155,1
TXN53403025,1
TXN91853691,1
TXN52725729,0
TXN55785618,0
TXN04356152,0
TXN93783204,1
TXN31379114,0
TXN15945130,1
TXN00585292,0
TXN91174774,1
TXN68262022,1
TXN07974117,0
TXN73971667,1
TXN22823073,0
TXN98344413,0
TXN43126518,1
TXN68461069,1
TXN24242724,1
TXN59762479,0
TXN17008951,0
TXN11776138,0
TXN46422637,1
TXN50353021,0
TXN26461902,0
TXN15255730,0
TXN51804662,1
TXN64318658,1
TXN00221686,0
TXN45062195,1
TXN87266013,1
TXN47973735,0
TXN83176490,1
TXN48922734,0
TXN80822180,0
TXN89540467,1
TXN30481258,1
TXN93404664,0
TXN35727239,1
TXN86881890,0
TXN01273245,1
TXN19532707,1
TXN35469910,1
TXN33451870,1
TXN67101829,0
TXN92539260,1
TXN30999787,1
TXN54223172,1
TXN63531684,1
TXN56647439,0
TXN69832677,0
TXN99279658,1
TXN29402509,0
TXN73072894,1
TXN72297921,1
TXN22436483,0
TXN25907178,0
TXN25415133,0
TXN90382114,1
TXN64558981,1
TXN30361778,1
TXN68966378,1
TXN12779819,0
TXN13599903,0
TXN81181795,0
TXN38203849,1
TXN42571515,0
TXN35142463,1
TXN68849942,1
TXN29021880,1
TXN88887516,1
TXN79007786,1
TXN97832949,0
TXN62296803,0
TXN97049715,1
TXN66376762,1
TXN75558937,1
TXN43770704,0
TXN27388598,0
TXN62101888,0
TXN08447832,0
TXN64465231,0
TXN08458385,1
TXN00887923,1
TXN38092467,0
TXN25477415,1
TXN88823483,0
TXN34961858,1
TXN49101850,0
TXN02643132,1
TXN25975275,1
TXN28402689,0
TXN30276731,1
TXN21735583,0
TXN13934570,0
TXN17998103,0
TXN99403344,0
TXN69168249,0
TXN00345272,0
TXN46729585,0
TXN10350914,0
TXN15869348,1
TXN44172271,0
TXN10991107,0
TXN84824182,1
TXN92072579,1
TXN08360572,0
TXN32174544,0
TXN12901336,1
TXN72128737,1
TXN63833120,0
TXN02928098,1
TXN62854167,1
TXN28835438,1
TXN39143124,1
TXN13709741,0
TXN02417267,0
TXN03665048,1
TXN24312014,0
TXN56448334,1
TXN40912694,0
TXN81121743,0
TXN54163931,0
TXN02136697,1
TXN68814339,1
TXN05182944,0
TXN58301229,0
TXN45885568,0
TXN30575954,0
TXN71994859,0
TXN06260664,0
TXN01218777,0
TXN55799050,1
TXN22076599,1
TXN45870546,1
TXN67659521,1
TXN84020067,1
TXN66667494,0
TXN56789440,0
TXN79591137,0
TXN90663998,1
TXN81573052,0
TXN13494240,0
TXN13221069,1
TXN72500811,1
TXN99460498,0
TXN40668899,0
TXN57098594,1
TXN78612810,1
TXN37016322,1
TXN35002107,0
TXN62486406,1
TXN16847360,0
TXN73320568,0
TXN75900166,1
TXN08761392,0
TXN25091189,0
TXN85689623,0
TXN97572856,0
TXN45929297,0
TXN32024582,1
TXN11512802,1
TXN19988643,0
TXN86313989,1
TXN55561322,0
TXN00380782,0
TXN99090475,1
TXN78843513,0
TXN36328004,1
TXN01269870,1
TXN14013140,0
TXN47244567,0
TXN59244376,0
TXN27965721,1
TXN80595547,1
TXN80763794,0
TXN26335096,1
TXN64125081,1
TXN23620073,0
TXN59556472,0
TXN04619727,1
TXN72798348,1
TXN42618284,0
TXN20976688,1
TXN15694280,1
TXN95144447,0
TXN59776941,0
TXN52328941,1
TXN67027311,0
TXN22440319,1
TXN69866138,0
TXN09339776,0
TXN72668352,0
TXN37848729,1
TXN67271468,0
TXN21185910,1
TXN69810819,0
TXN44122044,0
TXN29247990,1
TXN99473511,0
TXN31519485,1
TXN30377592,1
TXN58228368,1
TXN57420081,0
TXN96339776,1
TXN07562697,1
TXN83668813,1
TXN31964407,1
TXN82319952,0
TXN72821829,1
TXN68185833,0
TXN01093116,1
TXN96515339,1
TXN70596916,0
TXN70298424,1
TXN00370123,1
TXN68623660,1
TXN98196396,0
TXN86831606,0
TXN38118326,1
TXN23533928,1
TXN46949674,1
TXN08066102,1
TXN37666115,0
TXN74228716,0
TXN66561210,0
TXN64275535,1
TXN95703988,0
TXN00324476,0
TXN24830877,1
TXN93868298,1
TXN09000594,0
TXN25190964,0
TXN93784034,0
TXN74158945,0
TXN71067027,1
TXN87249493,1
TXN85700193,0
TXN57619741,1
TXN50862691,0
TXN65653413,0
TXN14468499,1
TXN76944309,1
TXN49936709,0
TXN49614001,1
TXN31683656,0
TXN30144003,0
TXN01558349,0
TXN49253753,1
TXN78077413,0
TXN50424542,0
TXN16806640,1
TXN84735423,1
TXN81899327,0
TXN20544541,0
TXN33355449,0
TXN21904494,1
TXN21245666,0
TXN82924990,0
TXN68790489,0
TXN53548744,1
TXN35561838,1
TXN06389524,1
TXN63428635,1
TXN30889221,0
TXN38514811,0
TXN34559217,0
TXN82359838,0
TXN12728623,0
TXN33004672,0
TXN71821916,0
TXN80770836,1
TXN45466631,1
TXN34194097,1
TXN01053631,1
TXN70901441,0
TXN24410074,1
TXN97272900,0
TXN82439882,1
TXN96455894,1
TXN48041861,1
TXN26127746,1
TXN08933080,1
TXN47069389,0
TXN27033635,1
TXN77191493,1
TXN94199380,0
TXN54825287,0
TXN80350851,1
TXN17642396,0
TXN23153997,0
TXN02069882,1
TXN53852807,1
TXN70016098,0
TXN44229685,1
TXN34117308,0
TXN79174305,1
TXN41047791,0
TXN11635561,0
TXN11252907,0
TXN79589743,0
TXN92614411,0
TXN62708129,0
TXN00496882,0
TXN68121895,0
TXN29721463,0
TXN21862561,0
TXN50060083,1
TXN45499572,1
TXN54955535,1
TXN30785737,0
TXN92454460,1
TXN70210805,1
TXN69769608,0
TXN73585507,1
TXN69033653,0
TXN44099667,1
TXN90449212,0
TXN37277250,0
TXN62701534,0
TXN73827629,1
TXN69404974,0
TXN29599056,0
TXN22170147,1
TXN60177254,1
TXN16578629,1
TXN72914904,1
TXN00419701,0
TXN36914892,1
TXN36658176,0
TXN36779900,1
TXN97818791,0
TXN80020980,0
TXN40112462,0
TXN34703849,0
TXN03581890,0
TXN88835260,1
TXN43287856,0
TXN53082686,0
TXN80164319,0
TXN44609173,0
TXN76333833,0
TXN85657768,0
TXN06214054,1
TXN71203915,0
TXN52526714,1
TXN22521594,0
TXN08689434,1
TXN61508858,0
TXN13575713,1
TXN18328034,1
TXN32486294,0
TXN75506960,0
TXN26950217,1
TXN65781006,1
TXN90609421,1
TXN65084685,0
TXN71882221,1
TXN90062476,1
TXN49155775,0
TXN88517153,0
TXN39712218,0
TXN26680001,0
TXN20937822,1
TXN11262418,0
TXN49921373,0
TXN05199472,1
TXN00281096,0
TXN96412914,1
TXN96580744,0
TXN45733884,1
TXN83548622,0
TXN74027627,1
TXN39102136,1
TXN26723710,1
TXN38422124,0
TXN59404402,1
TXN03336303,1
TXN06086816,1
TXN61101233,1
TXN57580052,0
TXN91450793,1
TXN42796409,0
TXN70398318,0
TXN58558927,1
TXN26376942,1
TXN60645054,0
TXN32272560,0
TXN05717472,0
TXN84763413,0
TXN87282672,1
TXN76381263,1
TXN46774487,0
TXN15623208,1
TXN66759890,1
TXN89462080,1
TXN13614952,0
TXN92133896,1
TXN82427611,0
TXN84528647,0
TXN10936729,1
TXN64357210,1
TXN99912457,0
TXN84984048,0
TXN96447030,0
TXN46815328,0
TXN39179457,0
TXN49301542,1
TXN20553297,0
TXN48187468,1
TXN36350456,0
TXN41170271,1
TXN44823048,1
TXN03895657,0
TXN57151897,1
TXN13947965,0
TXN27792649,1
TXN21153728,0
TXN84059451,1
TXN87525205,0
TXN50215429,1
TXN30047259,1
TXN17850658,1
TXN87221515,1
TXN58862095,1
TXN75055052,0
TXN35058641,0
TXN22883399,1
TXN64029521,0
TXN45514359,1
TXN42383476,0
TXN21402877,0
TXN02377513,1
TXN10679829,0
TXN96985320,0
TXN95084526,0
TXN64595970,1
TXN29797916,1
TXN89073844,0
TXN83626819,1
TXN54970756,1
TXN78648992,1
TXN85825547,0
TXN62007196,0
TXN56114617,0
TXN21651626,0
TXN61142877,0
TXN25569196,0
TXN09131670,1
TXN51384211,0
TXN19000522,1
TXN05356525,1
TXN47145140,0
TXN65633412,1
TXN87765601,0
TXN29125518,0
TXN49560818,0
TXN37566268,0
TXN09783341,0
TXN42226730,1
TXN31687315,1
TXN43473718,1
TXN13101700,1
TXN82667483,1
TXN61123505,0
TXN55196489,1
TXN74730391,0
TXN48541377,1
TXN15163874,1
TXN37203240,1
TXN35447095,0
TXN73836489,0
TXN06377346,0
TXN58570759,1
TXN89024655,1
TXN56032170,0
TXN83441722,0
TXN32954153,1
TXN93630918,1
TXN71709010,0
TXN89396613,0
TXN16929437,0
TXN74078042,0
TXN33325575,0
TXN21497774,0
TXN57126775,1
TXN47894387,0
TXN17991215,0
TXN38600142,1
TXN94980374,0
TXN19386097,1
TXN25987069,1
TXN32646004,1
TXN06741881,0
TXN57458377,0
TXN41273220,1
TXN42191929,0
TXN12254216,1
TXN70503886,0
TXN24725672,0
TXN00255645,0
TXN18686037,1
TXN58162890,0
TXN48496479,0
TXN70242035,0
TXN31504247,0
TXN07069410,0
TXN11915596,0
TXN47556245,1
TXN51905341,1
TXN57560332,1
TXN83533852,1
TXN39616455,1
TXN11333740,0
TXN16099775,0
TXN28812787,1
TXN09113828,0
TXN98234306,0
TXN80299116,1
TXN76100340,1
TXN89161718,1
TXN15912650,0
TXN42651426,0
TXN63508217,0
TXN62102743,0
TXN65066276,1
TXN21011968,0
TXN55430888,0
TXN92138634,1
TXN95280415,1
TXN93151865,1
TXN55815826,0
TXN06047896,1
TXN34424077,1
TXN61160196,0
TXN60490345,1
TXN14550859,1
TXN45748987,1
TXN96588468,1
TXN48021689,1
TXN21820056,0
TXN00779127,0
TXN34837026,1
TXN99523180,0
TXN54878168,0
TXN54062760,1
TXN49645410,0
TXN56610519,0
TXN22203507,0
TXN25611540,0
TXN16411666,1
TXN60934460,1
TXN31831425,0
TXN59991032,1
TXN56314873,1
TXN14662332,1
TXN26458026,0
TXN57032789,1
TXN76144753,1
TXN46909530,0
TXN85529322,1
TXN79172951,0
TXN77304052,0
TXN54506085,1
TXN53633978,1
TXN14405529,0
TXN46604304,1
TXN44410317,1
TXN15692690,1
TXN59084195,0
TXN81876757,1
TXN31799740,0
TXN19822679,1
TXN80618662,1
TXN97997541,0
TXN46976099,1
TXN58439124,1
TXN44299049,0
TXN79368758,0
TXN75130555,0
TXN78617414,0
TXN94445490,1
TXN48207845,0
TXN79484668,0
TXN77730021,0
TXN81930952,1
TXN21173227,0
TXN52963447,0
TXN70846450,0
TXN64182293,0
TXN94279487,1
TXN54353442,0
TXN85712718,0
TXN08063065,0
TXN02813667,1
TXN12372079,0
TXN24068947,1
TXN02691420,1
TXN58102487,1
TXN01544750,1
TXN26369267,1
TXN31168938,0
TXN24715605,0
TXN20420070,1
TXN73122760,0
TXN18430511,0
TXN05747967,1
TXN88799687,0
TXN53408743,0
TXN73771190,0
TXN72079593,0
TXN30409387,1
TXN04089186,1
TXN75507876,0
TXN67087707,0
TXN15768883,0
TXN88776032,0
TXN58518551,1
TXN60001005,1
TXN17126450,0
TXN18267722,0
TXN57661471,0
TXN97857210,0
TXN40472887,1
TXN35751730,1
TXN18900456,0
TXN48374032,1
TXN98702788,0
TXN44815396,1
TXN84340978,1
TXN96840005,1
TXN08047267,0
TXN14335835,0
TXN82602192,0
TXN62517254,1
TXN54551270,1
TXN56609937,1
TXN76690685,0
TXN43405284,1
TXN21435016,1
TXN08527574,1
TXN23969822,1
TXN26681665,1
TXN91692221,0
TXN30152878,0
TXN33468795,0
TXN89829980,0
TXN11933653,1
TXN90532146,1
TXN62160225,0
TXN45074937,1
TXN68333713,0
TXN07170034,0
TXN24826720,1
TXN01669032,0
TXN30368097,0
TXN29693825,1
TXN41874115,0
TXN84578531,0
TXN26091209,0
TXN47120229,1
TXN53785595,1
TXN43581894,1
TXN17445335,1
TXN19435286,0
TXN73120775,0
TXN17923455,1
TXN68007709,1
TXN38186902,1
TXN78737205,0
TXN94022061,0
TXN97867360,0
TXN48992841,0
TXN82473340,1
TXN21140187,1
TXN67520248,1
TXN34009288,0
TXN69490574,1
TXN30287346,0
TXN12266304,0
TXN98923823,0
TXN16088138,1
TXN96597847,0
TXN44570491,0
TXN37729185,1
TXN51678291,0
TXN53934454,0
TXN45128927,1
TXN70832527,1
TXN40775387,0
TXN11867794,0
TXN70874436,0
TXN10355926,0
TXN67770768,1
TXN87146666,0
TXN59159806,1
TXN88874439,1
TXN15296301,0
TXN85484825,1
TXN09162792,0
TXN49630007,1
TXN00633386,0
TXN01282958,0
TXN10062096,0
TXN03150846,0
TXN39577994,0
TXN90581786,0
TXN45942398,1
TXN21933499,1
TXN95742279,1
TXN48740203,0
TXN37237265,1
TXN21238102,0
TXN95134551,1
TXN86476858,0
TXN29001448,0
TXN93239091,1
TXN16160757,0
TXN72035584,1
TXN49238110,0
TXN05534832,0
TXN29330824,1
TXN62991599,1
TXN63384673,0
TXN40299593,1
TXN57016593,1
TXN18066414,0
TXN05249952,1
TXN79037691,0
TXN27908302,0
TXN06167723,0
TXN55883831,0
TXN21805013,1
TXN01448239,1
TXN82008734,0
TXN07844735,1
TXN79874294,0
TXN25969327,1
TXN48891414,1
TXN08909623,0
TXN50588435,0
TXN02292812,0
TXN42924160,1
TXN10283872,0
TXN71959920,1
TXN57602285,0
TXN91730529,1
TXN23384282,1
TXN97268302,0
TXN81791695,1
TXN33581941,0
TXN36112705,0
TXN11433463,0
TXN09271809,0
TXN51908022,1
TXN25079675,1
TXN28474646,1
TXN09731970,1
TXN22235757,0
TXN14465022,1
TXN49975259,0
TXN11989235,0
TXN09587306,1
TXN84808471,0
TXN90144825,0
TXN75736843,1
TXN79144850,0
TXN84851207,1
TXN94602480,1
TXN46847669,0
TXN82190828,0
TXN34522770,0
TXN55740584,0
TXN71000669,1
TXN10847048,0
TXN00190429,0
TXN26228619,0
TXN38219905,1
TXN61467873,1
TXN67926689,0
TXN14862466,1
TXN98989103,0
TXN89386739,0
TXN63006294,1
TXN70603758,1
TXN77907171,0
TXN30372033,1
TXN66498604,1
TXN87709963,0
TXN01870051,1
TXN35353348,1
TXN08218114,0
TXN75225639,0
TXN72087733,1
TXN66492379,1
TXN88438437,1
TXN35502612,1
TXN73718626,1
TXN44502216,0
TXN92811749,0
TXN75600632,1
TXN74365253,1
TXN35445927,1
TXN48110653,0
TXN05421701,1
TXN81263567,1
TXN22462951,1
TXN51509882,0
TXN07877848,1
TXN31285320,0
TXN84270042,0
TXN81871257,0
TXN97362884,0
TXN53890226,0
TXN34500508,0
TXN57965035,0
TXN85928508,0
TXN51544852,1
TXN32697165,1
TXN71134461,0
TXN98155468,1
TXN14117076,1
TXN15720200,1
TXN24990562,1
TXN30824346,0
TXN78373769,0
TXN26831873,0
TXN15410882,0
TXN97954051,0
TXN08283963,0
TXN64608252,1
TXN85297553,0
TXN17180916,0
TXN01956285,1
TXN78688195,0
TXN71742479,0
TXN28363653,0
TXN00797628,1
TXN33104944,0
TXN24334548,0
TXN45308350,1
TXN74774631,0
TXN85578656,0
TXN34813047,0
TXN75744083,0
TXN26584220,1
TXN24329926,1
TXN85524864,1
TXN93128473,1
TXN00400083,1
TXN46184381,0
TXN28367253,0
TXN95518143,0
TXN19853925,1
TXN00642715,1
TXN64760510,1
TXN39569762,1
TXN61524057,1
TXN19479717,1
TXN60595935,0
TXN99134964,0
TXN63561475,1
TXN27690267,1
TXN63637922,0
TXN51162019,0
TXN82069930,1
TXN19798920,0
TXN94687063,0
TXN87842743,1
TXN06434509,0
TXN43969692,1
TXN44938526,0
TXN74100232,1
TXN81321051,1
TXN14085614,0
TXN11441338,1
TXN36540662,1
TXN62738587,0
TXN88297879,0
TXN20986456,0
TXN79089000,0
TXN56093076,1
TXN73422540,0
TXN77323673,1
TXN31704886,1
TXN91119592,1
TXN01662079,0
TXN50244546,1
TXN14310053,0
TXN78176572,1
TXN91980174,0
TXN74004519,1
TXN39198931,0
TXN64610767,1
TXN08645332,0
TXN67936530,1
TXN24745485,0
TXN27904145,1
TXN23810984,0
TXN64828223,1
TXN76226139,1
TXN39497005,0
TXN46580038,0
TXN00949198,0
TXN58923889,0
TXN95513630,0
TXN91414130,1
TXN69424455,1
TXN38573385,1
TXN50691648,0
TXN96828255,1
TXN88919529,1
TXN98515896,1
TXN39257462,1
TXN15268467,0
TXN61385728,0
TXN66246566,1
TXN91719601,0
TXN47298996,1
TXN81129413,0
TXN32565220,1
TXN34216220,1
TXN74818090,0
TXN45891962,0
TXN06250739,1
TXN48103392,0
TXN57053316,0
TXN59889623,1
TXN83380602,0
TXN11496122,1
TXN34315354,1
TXN37923369,0
TXN43486994,1
TXN03035500,1
TXN12489767,1
TXN30717013,1
TXN84635106,1
TXN65596847,1
TXN34236108,0
TXN44413634,1
TXN33979219,0
TXN40621609,0
TXN06290748,1
TXN48152219,0
TXN19059610,0
TXN69853857,1
TXN84200423,1
TXN60532185,1
TXN40421952,1
TXN75749417,0
TXN28652664,0
TXN87845699,1
TXN23427383,0
TXN68101216,0
TXN81384684,0
TXN27640168,0
TXN35370513,0
TXN60322265,1
TXN61195082,0
TXN14653424,0
TXN96473395,1
TXN92289911,1
TXN83088219,0
TXN15705764,0
TXN28221570,0
TXN73274525,0
TXN73721917,0
TXN95308173,1
TXN64301657,0
TXN93300633,0
TXN57985780,0
TXN27039630,1
TXN93628114,1
TXN43420121,1
TXN95650855,0
TXN49336126,1
TXN78299279,0
TXN76954525,0
TXN07724186,0
TXN48355550,1
TXN97358128,0
TXN58399505,0
TXN24042300,0
TXN42098211,1
TXN61227703,1
TXN48730510,0
TXN27464713,0
TXN87749389,1
TXN16669348,0
TXN26958751,1
TXN08183906,0
TXN11520948,1
TXN48725411,0
TXN10613477,0
TXN48186798,0
TXN15006894,1
TXN23643072,0
TXN61352519,0
TXN37464086,0
TXN21306728,0
TXN48587565,0
TXN83249588,1
TXN13390849,1
TXN17707630,0
TXN63452239,0
TXN93433239,0
TXN29926071,1
TXN96241562,1
TXN58818527,0
TXN54533491,0
TXN54116275,0
TXN00903101,0
TXN60994058,1
TXN09649423,0
TXN76689775,1
TXN10951773,1
TXN21937179,1
TXN88206267,0
TXN85129873,0
TXN81287637,1
TXN45117804,0
TXN38858130,1
TXN46698966,1
TXN59453403,1
TXN48951465,1
TXN61127620,1
TXN43564311,1
TXN82485848,1
TXN99485004,0
TXN80480145,1
TXN02885885,0
TXN41883825,0
TXN99967714,1
TXN62167622,0
TXN10583503,1
TXN44474578,0
TXN60851350,0
TXN07157915,1
TXN13305228,0
TXN81548012,0
TXN05217431,0
TXN95457193,0
TXN92533028,0
TXN88489318,1
TXN68475073,1
TXN73554207,1
TXN35661622,0
TXN98392422,0
TXN86385645,1
TXN21934647,1
TXN00665373,0
TXN10858269,0
TXN94194118,0
TXN32976063,0
TXN69866903,0
TXN71867585,1
TXN84181892,0
TXN41477819,1
TXN69616009,1
TXN54675557,1
TXN75357208,1
TXN75307663,1
TXN77240906,0
TXN81592498,0
TXN56427855,1
TXN93894398,1
TXN76979646,0
TXN07796404,1
TXN79096609,1
TXN25115200,1
TXN64942944,0
TXN85852278,0
TXN22972022,1
TXN06048877,0
TXN15779759,0
TXN45396956,0
TXN10325039,1
TXN95216504,1
TXN25048186,1
TXN77208935,0
TXN57250782,1
TXN28739944,0
TXN15609955,0
TXN96890031,0
TXN86028825,1
TXN89374461,1
TXN53044928,1
TXN17435418,0
TXN46100784,0
TXN77035895,0
TXN20137792,0
TXN41186404,1
TXN84327823,0
TXN03059778,1
TXN99822224,0
TXN61339940,1
TXN24496677,1
TXN94168861,1
TXN35506172,1
TXN03790701,1
TXN61067670,0
TXN22071510,1
TXN23782749,0
TXN29857096,1
TXN52579592,1
TXN78627927,0
TXN82981781,0
TXN22318616,1
TXN57597894,1
TXN79007094,0
TXN02732772,1
TXN33486108,1
TXN20684259,1
TXN51206489,0
TXN14483803,1
TXN24979780,0
TXN65240822,0
TXN26666568,0
TXN00717902,1
TXN62622909,0
TXN48976341,1
TXN96733598,0
TXN34188201,1
TXN83381475,0
TXN11968658,0
TXN84878080,1
TXN14398551,1
TXN50176903,1
TXN85423478,1
TXN37952469,1
TXN85898368,0
TXN42009202,1
TXN66852716,0
TXN23677927,0
TXN62368749,0
TXN26260408,1
TXN86191084,0
TXN50264225,1
TXN15022872,1
TXN01978745,1
TXN86411770,0
TXN36146655,0
TXN21463703,1
TXN41356651,0
TXN91177767,0
TXN85050607,0
TXN93152020,1
TXN95186437,1
TXN91658487,0
TXN69566875,0
TXN96511477,0
TXN74672832,0
TXN01250323,0
TXN68165622,1
TXN74342636,1
TXN40115999,0
TXN70663557,0
TXN83882609,1
TXN80535204,1
TXN61229362,0
TXN69022537,1
TXN84062112,1
TXN29596188,0
TXN59240904,0
TXN94497392,0
TXN00545259,0
TXN03151101,1
TXN14788663,0
TXN80013489,1
TXN03525157,1
TXN62186179,0
TXN09961373,0
TXN61949292,1
TXN28912976,1
TXN74505445,1
TXN10359392,0
TXN63478169,1
TXN93818835,1
TXN86125928,0
TXN23850793,1
TXN28833584,1
TXN53886844,0
TXN20092084,0
TXN49409115,0
TXN79597242,1
TXN45028775,1
TXN60579370,0
TXN70950121,1
TXN85117401,1
TXN79519954,1
TXN97642919,1
TXN79932523,1
TXN43966761,0
TXN95040529,0
TXN73880255,1
TXN29088274,1
TXN81509732,1
TXN11751496,0
TXN38211569,1
TXN52185839,1
TXN25162469,0
TXN70522345,0
TXN61933497,0
TXN01043850,1
TXN39657590,1
TXN66273308,1
TXN05499315,0
TXN59678880,0
TXN79683422,1
TXN15557834,0
TXN57025730,0
TXN08035656,1
TXN75182976,1
TXN32021434,0
TXN27788260,1
TXN55963884,0
TXN72643791,0
TXN70269879,1
TXN39908353,0
TXN25827096,1
TXN34830383,1
TXN09656911,1
TXN61716133,0
TXN30363288,1
TXN39546745,1
TXN93703046,0
TXN44669660,0
TXN08387093,0
TXN49524769,1
TXN22192319,0
TXN90276833,1
TXN48842829,0
TXN19227395,0
TXN34106406,0
TXN57218563,0
TXN71674589,1
TXN36110670,1
TXN75082484,1
TXN08982381,1
TXN85618903,1
TXN53049007,0
TXN86517807,0
TXN25279608,1
TXN18727211,0
TXN98736909,0
TXN87006680,0
TXN88898377,0
TXN49698834,0
TXN52665652,0
TXN85472981,1
TXN08683500,1
TXN67674107,0
TXN40975354,1
TXN94108634,0
TXN91016504,1
TXN51983059,1
TXN03779055,1
TXN22730709,0
TXN37857412,1
TXN83341750,1
TXN08697077,0
TXN94554643,0
TXN02872098,0
TXN12068528,0
TXN33623113,1
TXN52559527,0
TXN16607928,0
TXN29738516,0
TXN24797661,1
TXN74979802,0
TXN83857290,0
TXN73754568,0
TXN55789069,1
TXN08319420,0
TXN09433715,0
TXN87238749,1
TXN49105922,1
TXN46805616,0
TXN39462866,1
TXN99983919,0
TXN28163323,0
TXN18937103,1
TXN60401511,0
TXN76326110,0
TXN82782985,1
TXN98708597,0
TXN29645473,1
TXN53998533,1
TXN75221680,0
TXN04056789,0
TXN61853016,0
TXN13219961,1
TXN27834153,1
TXN03915051,1
TXN60123012,1
TXN35677487,0
TXN12404724,1
TXN44671271,1
TXN05868566,1
TXN80328014,1
TXN32296091,1
TXN37308877,0
TXN63742202,1
TXN64413046,1
TXN04624549,1
TXN49542955,1
TXN38684972,0
TXN87518300,0
TXN00458315,1
TXN34205406,0
TXN20590932,0
TXN76818118,1
TXN16361223,0
TXN36408953,0
TXN01902180,1
TXN07066180,0
TXN75334092,1
TXN07680567,0
TXN98365690,1
TXN97309355,0
TXN43701500,1
TXN58164363,1
TXN92670737,1
TXN04135134,0
TXN06884845,1
TXN26846637,0
TXN70152218,1
TXN99451699,1
TXN08824865,1
TXN75544493,0
TXN13861434,1
TXN30297240,1
TXN19424267,0
TXN23370406,1
TXN23574880,1
TXN03234913,1
TXN71368494,0
TXN72808156,0
TXN93605450,0
TXN00310798,0
TXN64437232,0
TXN74066780,0
TXN62156384,0
TXN14241154,1
TXN73349484,1
TXN93580852,1
TXN42886117,0
TXN96060620,0
TXN14196902,1
TXN32751462,0
TXN82489936,1
TXN20084155,1
TXN90948373,0
TXN84598054,0
TXN15182895,0
TXN22794249,1
TXN04294891,1
TXN22765637,1
TXN06124926,1
TXN08293189,1
TXN94358992,0
TXN81189104,1
TXN90055849,1
TXN47884800,1
TXN47063086,0
TXN14727747,0
TXN99062026,0
TXN10644334,1
TXN95084755,1
TXN26032247,1
TXN47373260,0
TXN86983444,1
TXN52385580,0
TXN87497834,1
TXN25265581,1
TXN59161457,1
TXN81144689,0
TXN53258373,1
TXN43985958,1
TXN87763094,1
TXN14418492,1
TXN21902184,1
TXN86819525,1
TXN22915642,1
TXN73520395,0
TXN83437882,0
TXN16392026,0
TXN08791474,0
TXN62982283,1
TXN86811024,1
TXN25389591,1
TXN72782362,0
TXN55778324,0
TXN41358739,0
TXN72051722,0
TXN23916566,0
TXN61641197,0
TXN38079495,0
TXN77042586,1
TXN11474175,0
TXN30914724,1
TXN37498923,0
TXN49155594,0
TXN69742400,0
TXN99758324,1
TXN82901306,0
TXN18896323,0
TXN85115826,1
TXN62673902,1
TXN01077364,1
TXN27210437,0
TXN65904732,1
TXN60827737,0
TXN55272599,1
TXN14676808,0
TXN17994836,0
TXN73881286,0
TXN58736946,0
TXN66688749,1
TXN99463302,0
TXN82590989,0
TXN22784079,0
TXN22341356,1
TXN31043498,0
TXN90724365,1
TXN13695472,1
TXN91527017,0
TXN98622314,1
TXN75378658,1
TXN86543098,0
TXN35488836,0
TXN53903788,1
TXN73680621,0
TXN36698487,0
TXN98405481,1
TXN19773989,1
TXN64267921,1
TXN32019754,0
TXN53836703,0
TXN32849987,0
TXN94247465,1
TXN34086215,1
TXN35724540,1
TXN75492695,1
TXN53404786,0
TXN76634976,1
TXN24676175,1
TXN69705243,0
TXN93915545,1
TXN34277884,0
TXN27615212,0
TXN54450438,1
TXN60498662,1
TXN01722248,1
TXN72635202,0
TXN11232242,1
TXN15523318,1
TXN27193259,0
TXN21088986,1
TXN45126937,0
TXN68424739,0
TXN12231982,0
TXN79685562,1
TXN95360805,0
TXN59176141,1
TXN21295052,0
TXN96072310,1
TXN87735455,0
TXN23424826,1
TXN22309665,1
TXN28244101,0
TXN80142028,1
TXN60775741,0
TXN66911189,0
TXN57408061,0
TXN57802662,0
TXN30317871,0
TXN20173517,0
TXN17448683,1
TXN61939437,1
TXN96548105,1
TXN06783843,1
TXN89068193,1
TXN61647434,0
TXN08679083,1
TXN56620263,0
TXN64181216,1
TXN92708549,0
TXN70581059,0
TXN41848622,1
TXN04353828,1
TXN96057547,0
TXN74052834,0
TXN16033797,1
TXN95366786,0
TXN36924196,0
TXN41503114,1
TXN97899831,1
TXN12936768,0
TXN34678864,1
TXN92563405,0
TXN02356103,0
TXN03340665,1
TXN72922663,0
TXN26730900,0
TXN17345793,0
TXN04996126,1
TXN98255938,0
TXN15763006,0
TXN31044700,0
TXN95539956,0
TXN15355283,0
TXN72392424,1
TXN51877381,0
TXN83080317,0
TXN31306341,1
TXN77973233,1
TXN20780847,1
TXN90922671,1
TXN82586523,1
TXN63199212,0
TXN21718501,0
TXN16970006,0
TXN22977375,0
TXN17503529,1
TXN25497547,0
TXN51794739,0
TXN50912548,0
TXN33262082,0
TXN60390507,0
TXN23992118,1
TXN75494079,0
TXN00824756,1
TXN78550887,0
TXN80655045,1
TXN82048114,1
TXN11636694,0
TXN02859587,0
TXN87636384,0
TXN51684287,0
TXN61627343,1
TXN74168404,1
TXN06692096,0
TXN14864053,1
TXN50650075,1
TXN37379963,0
TXN90674807,1
TXN47090871,0
TXN13073097,1
TXN31022899,0
TXN01705848,0
TXN98243845,0
TXN54635615,1
TXN64003129,1
TXN86058301,0
TXN33818206,0
TXN16315228,0
TXN64070306,0
TXN59276873,1
TXN51539568,0
TXN12972481,0
TXN50038764,0
TXN25645167,0
TXN58852057,1
TXN73046656,0
TXN51858946,0
TXN39104643,0
TXN87023492,0
TXN57128231,0
TXN69174096,0
TXN09439130,1
TXN22265175,1
TXN37275511,1
TXN96122485,1
TXN71568212,0
TXN58204952,0
TXN32107641,1
TXN08653591,0
TXN14702038,0
TXN96213189,1
TXN43647477,1
TXN86870680,1
TXN11562240,1
TXN70996185,0
TXN36479393,1
TXN86739514,1
TXN84432844,1
TXN69943905,0
TXN03855082,1
TXN45302573,1
TXN95280307,1
TXN54765902,0
TXN91103774,0
TXN23524333,1
TXN99858243,0
TXN37399007,1
TXN77413464,0
TXN71019218,0
TXN23009255,0
TXN62948360,1
TXN85455726,1
TXN51032328,0
TXN14353263,0
TXN33099489,0
TXN07256794,1
TXN57905179,1
TXN77194889,0
TXN30981925,1
TXN06701843,0
TXN06047842,0
TXN87071709,0
TXN70937376,1
TXN45580163,0
TXN25847388,1
TXN78706673,0
TXN27421578,1
TXN53047552,0
TXN04026493,1
TXN58856371,1
TXN60396888,1
TXN37907262,1
TXN91404831,1
TXN64044103,1
TXN83501880,0
TXN27395174,1
TXN89467533,0
TXN88667580,0
TXN68702645,1
TXN48122277,0
TXN20448903,0
TXN16214263,0
TXN58819318,1
TXN80175185,1
TXN19653596,0
TXN82315163,0
TXN93797966,1
TXN10417243,1
TXN61850615,1
TXN30671852,1
TXN53821346,1
TXN04243366,0
TXN97429712,0
TXN09158032,0
TXN22611262,1
TXN11478059,0
TXN41750490,0
TXN26970191,1
TXN00547424,0
TXN13587055,0
TXN70435684,0
TXN53850526,0
TXN47167455,1
TXN81689447,0
TXN24136305,1
TXN73066449,0
TXN39955065,1
TXN54887468,0
TXN30080143,0
TXN39992358,1
TXN54498890,0
TXN44775103,0
TXN03346738,1
TXN36316173,1
TXN62356957,0
TXN78771125,1
TXN00479874,1
TXN99983224,1
TXN09380158,0
TXN53839815,0
TXN41341322,1
TXN96812239,0
TXN41154924,0
TXN35763789,0
TXN83022790,1
TXN38581820,0
TXN69308388,1
TXN85488825,0
TXN88160747,0
TXN28529544,1
TXN19443629,0
TXN01736213,0
TXN62432085,1
TXN94556790,0
TXN12077597,1
TXN41824219,1
TXN10289642,1
TXN40860092,0
TXN47493727,1
TXN23006313,1
TXN83173134,0
TXN36787073,0
TXN17939575,0
TXN62382626,0
TXN64918603,1
TXN51609212,1
TXN36225575,0
TXN06787737,0
TXN44413912,1
TXN06159944,0
TXN30754419,1
TXN18661942,1
TXN91259531,0
TXN72541140,0
TXN89280271,0
TXN32142998,0
TXN18834305,1
TXN81663565,0
TXN23562762,0
TXN57038401,0
TXN84010208,1
TXN55171041,1
TXN08126216,1
TXN14836775,0
TXN49024879,0
TXN50915107,0
TXN09416684,1
TXN25378794,0
TXN06939815,0
TXN82261073,0
TXN01102397,1
TXN49681423,0
TXN16381180,0
TXN41376960,0
TXN73328898,1
TXN81502308,1
TXN53244444,1
TXN40873403,0
TXN56381093,1
TXN95848542,1
TXN33941721,1
TXN12919818,0
TXN83419750,1
TXN16544021,0
TXN68434205,0
TXN79959001,0
TXN05790405,1
TXN45288375,1
TXN43253117,1
TXN38849607,0
TXN82402824,0
TXN36878440,0
TXN26750270,0
TXN44833498,0
TXN77838396,0
TXN78190777,0
TXN29272246,0
TXN33034655,0
TXN59860690,1
TXN81822623,1
TXN64194101,1
TXN29759011,0
TXN68626659,0
TXN70842993,0
TXN95084832,1
TXN75909239,1
TXN90950664,0
TXN80086786,1
TXN33089902,1
TXN43777589,0
TXN79549811,0
TXN33226438,0
TXN34519526,1
TXN90995568,1
TXN74881283,1
TXN20810237,1
TXN60047961,0
TXN56497222,1
TXN30995852,0
TXN12696393,0
TXN60546380,0
TXN85837637,1
TXN22225360,0
TXN77510996,1
TXN77132336,1
TXN03885933,0
TXN28215899,1
TXN17590024,0
TXN65114887,1
TXN63323637,0
TXN98556261,0
TXN81613818,0
TXN20647127,1
TXN26568010,0
TXN37718744,0
TXN66348206,1
TXN93833552,0
TXN78151576,1
TXN61727435,1
TXN75378805,0
TXN08057125,1
TXN27258754,1
TXN65112196,1
TXN50577318,1
TXN35512719,0
TXN19268004,0
TXN99940586,1
TXN73017317,0
TXN42812013,0
TXN69931747,0
TXN90227509,0
TXN37807593,0
TXN57303068,1
TXN27850262,1
TXN32925399,1
TXN96189680,1
TXN44783694,0
TXN25858607,1
TXN44981898,0
TXN96545571,1
TXN12222995,1
TXN07080843,1
TXN38182804,1
TXN42279389,0
TXN12672720,1
TXN14454243,1
TXN19845670,0
TXN49739323,1
TXN40534895,1
TXN83059658,1
TXN54574732,0
TXN11934204,1
TXN99253341,1
TXN28211592,0
TXN95733070,1
TXN57440248,1
TXN87785598,0
TXN74182581,1
TXN09718459,0
TXN10005066,1
TXN52790275,1
TXN13330278,0
TXN72815516,1
TXN97848156,0
TXN10672510,1
TXN38793954,1
TXN00803862,1
TXN36048124,1
TXN66396317,1
TXN91301380,1
TXN10439954,0
TXN86071096,0
TXN19300677,0
TXN76888581,1
TXN65005262,0
TXN03763767,0
TXN41190484,1
TXN93042084,0
TXN97666237,1
TXN92242224,0
TXN32115262,0
TXN71651939,0
TXN76203293,1
TXN72305671,1
TXN44358520,0
TXN65606858,0
TXN83744131,0
TXN91092876,1
TXN62606335,0
TXN90069931,1
TXN77613806,0
TXN11004922,0
TXN99863921,1
TXN00090785,1
TXN90165833,0
TXN97994548,0
TXN12131556,1
TXN93952964,1
TXN68465853,0
TXN85200387,1
TXN77822275,1
TXN69754361,0
TXN28091099,0
TXN43691382,1
TXN79818293,0
TXN23255311,1
TXN55760800,0
TXN37778322,0
TXN45518557,0
TXN51264138,1
TXN18897078,1
TXN02077526,1
TXN29909376,0
TXN45891356,1
TXN74535863,0
TXN95956567,1
TXN53670762,1
TXN12431377,1
TXN54679745,0
TXN28184124,1
TXN06173540,1
TXN40205403,1
TXN41407402,0
TXN75139841,1
TXN34616121,1
TXN34470940,0
TXN50420286,1
TXN29469080,1
TXN18472506,1
TXN39090654,1
TXN37072055,0
TXN03685657,0
TXN61721035,1
TXN73377825,1
TXN53026404,1
TXN72202546,0
TXN16550057,0
TXN02217656,0
TXN62741588,1
TXN98927652,0
TXN28475478,0
TXN30125023,1
TXN37669380,0
TXN70988930,1
TXN84327348,0
TXN63978956,1
TXN07427322,1
TXN50204917,1
TXN68262420,1
TXN67909948,1
TXN73812345,1
TXN37685618,1
TXN67360757,1
TXN87484053,1
TXN64000155,1
TXN14480035,0
TXN35088034,1
TXN31033516,1
TXN80234724,1
TXN00282811,0
TXN40370748,0
TXN06245754,1
TXN03963857,1
TXN26726477,0
TXN17280116,1
TXN73807436,0
TXN97478024,0
TXN71365433,1
TXN65033870,0
TXN27550046,1
TXN45871768,0
TXN78928337,0
TXN74486614,0
TXN03567496,1
TXN54858942,1
TXN87060395,1
TXN66445900,1
TXN44885564,0
TXN08073664,1
TXN94599895,0
TXN89657687,1
TXN75070404,0
TXN19438709,0
TXN01805794,0
TXN97452886,0
TXN67205553,1
TXN16141096,1
TXN19451634,0
TXN73511120,0
TXN11415239,0
TXN64538162,1
TXN54474682,0
TXN35548905,1
TXN41956945,1
TXN46612800,0
TXN93449956,1
TXN40951872,1
TXN80168985,0
TXN85515613,1
TXN57584362,1
TXN22898615,1
TXN84318270,1
TXN23863150,1
TXN29036851,0
TXN07543417,1
TXN70275936,0
TXN63246367,0
TXN16149806,0
TXN68525703,0
TXN29756235,1
TXN25829122,1
TXN58799658,1
TXN81766575,1
TXN83393307,1
TXN15487708,0
TXN07483683,0
TXN03611557,1
TXN91960668,0
TXN69840805,1
TXN96610750,0
TXN85342977,1
TXN50336357,1
TXN09704163,0
TXN99669274,0
TXN99428200,1
TXN38065246,0
TXN13816782,1
TXN14997988,0
TXN84792360,0
TXN06052143,0
TXN96294991,1
TXN99717765,0
TXN61978059,1
TXN46925777,1
TXN27484754,0
TXN17379582,0
TXN67545005,1
TXN67133272,0
TXN49479944,0
TXN40188276,0
TXN65721703,0
TXN99997938,1
TXN62214542,0
TXN32662093,1
TXN08232296,1
TXN71028249,1
TXN47882798,1
TXN48716358,1
TXN05604902,1
TXN74789391,1
TXN59596107,1
TXN58891917,0
TXN18313437,1
TXN30943679,0
TXN09392007,0
TXN42029989,1
TXN51248651,0
TXN79832468,1
TXN63878244,0
TXN19521590,0
TXN77630086,0
TXN05680469,0
TXN73646358,0
TXN70709981,1
TXN17866883,0
TXN38522721,1
TXN82839016,1
TXN68594671,1
TXN05443438,1
TXN90657731,1
TXN09039637,0
TXN90653368,1
TXN98911772,1
TXN24275633,1
TXN99493266,0
TXN81737037,1
TXN23895201,1
TXN31836477,0
TXN81796751,0
TXN71891861,0
TXN65968711,1
TXN08635943,0
TXN06606249,0
TXN05904987,1
TXN32980337,0
TXN53140073,1
TXN04146874,0
TXN27905475,0
TXN72172895,1
TXN30202080,0
TXN15457438,0
TXN05250577,1
TXN26337427,1
TXN44182091,1
TXN04673456,1
TXN15073949,1
TXN77968541,1
TXN29604979,0
TXN13572286,1
TXN19901085,1
TXN19810395,1
TXN53260050,1
TXN77762901,0
TXN43055304,1
TXN84048807,1
TXN02666782,1
TXN02378539,1
TXN85781219,1
TXN46957189,0
TXN67061844,1
TXN05619448,0
TXN67084713,1
TXN24166611,1
TXN92721032,0
TXN39412464,1
TXN53508190,0
TXN94685936,0
TXN18697102,0
TXN73474970,0
TXN38064513,1
TXN66884308,0
TXN71990923,1
TXN88396060,1
TXN66106386,1
TXN45396656,0
TXN35765856,1
TXN44293232,0
TXN37662554,1
TXN07013937,1
TXN53863197,1
TXN75954621,1
TXN90604093,0
TXN35850077,0
TXN41767917,0
TXN18798765,0
TXN33547203,1
TXN49406887,0
TXN02979209,0
TXN59161063,0
TXN44412923,1
TXN66912602,1
TXN56701310,0
TXN80228311,0
TXN23085302,1
TXN74123897,1
TXN45750378,1
TXN27018920,1
TXN40041625,1
TXN69662328,1
TXN67760363,0
TXN81730601,1
TXN71604321,0
TXN76356896,1
TXN37077297,1
TXN13126926,0
TXN24048634,0
TXN01513518,0
TXN79497286,0
TXN00444725,0
TXN43297423,0
TXN65922662,0
TXN94175125,1
TXN75534899,0
TXN71864044,0
TXN68356216,1
TXN97747838,1
TXN58445864,1
TXN98338114,1
TXN98969042,1
TXN97331810,1
TXN30956810,1
TXN43399876,1
TXN70744826,0
TXN36606984,0
TXN10854226,1
TXN73810089,1
TXN62385138,0
TXN06524906,0
TXN12295761,1
TXN47084305,0
TXN88116119,0
TXN86237349,0
TXN73181274,1
TXN99144418,0
TXN17236846,0
TXN00243722,0
TXN05992294,0
TXN64925680,1
TXN61303062,0
TXN41653304,1
TXN65013132,0
TXN69971716,1
TXN44200370,1
TXN29888790,1
TXN18498090,0
TXN47911086,0
TXN95091848,1
TXN06519351,1
TXN79002991,0
TXN18002454,0
TXN79704099,1
TXN28567244,1
TXN18892704,1
TXN67787951,1
TXN34901135,0
TXN80870875,0
TXN95928805,0
TXN98827593,0
TXN92728856,1
TXN34795543,1
TXN93380027,0
TXN65233466,1
TXN70801312,1
TXN00889688,0
TXN41211030,0
TXN02058247,0
TXN37839774,0
TXN86958529,0
TXN76818800,1
TXN27855794,0
TXN29650778,0
TXN24088799,0
TXN94104268,1
TXN95852716,1
TXN62620243,1
TXN10506767,0
TXN16934099,1
TXN41116361,0
TXN91266894,1
TXN51453248,1
TXN81809246,1
TXN81179622,0
TXN67124589,0
TXN78684456,0
TXN47998270,1
TXN60792359,0
TXN60204127,1
TXN36632312,0
TXN00071751,0
TXN93688868,1
TXN08796095,1
TXN28008587,1
TXN27345801,0
TXN38231527,0
TXN54174907,1
TXN72844933,1
TXN03007241,1
TXN46411927,0
TXN61817641,0
TXN47462763,0
TXN28724909,1
TXN96962154,1
TXN87151181,1
TXN74542206,1
TXN27896008,1
TXN90093126,1
TXN76367405,1
TXN51080602,1
TXN25732687,1
TXN41083068,1
TXN10250444,1
TXN36875812,1
TXN59573773,0
TXN86511660,1
TXN23333091,1
TXN35821855,1
TXN48489821,1
TXN35865303,1
TXN94782529,0
TXN64123301,1
TXN11718061,1
TXN10395021,1
TXN34695923,0
TXN33547995,0
TXN09581562,1
TXN26967102,1
TXN30052135,0
TXN20213561,0
TXN35365685,1
TXN27939430,1
TXN08303393,1
TXN30183816,0
TXN96055898,0
TXN20098248,0
TXN38342120,0
TXN53090689,0
TXN53861728,1
TXN10816002,1
TXN65432987,0
TXN94826802,0
TXN42757255,1
TXN36346691,1
TXN29941876,1
TXN07042482,0
TXN05406194,0
TXN34105034,1
TXN57055954,0
TXN84237412,1
TXN75932778,1
TXN27381453,0
TXN90923191,0
TXN67475966,0
TXN76468034,0
TXN59604053,0
TXN18693327,1
TXN43178114,0
TXN37377928,0
TXN73834492,0
TXN02968743,0
TXN78964597,0
TXN51063804,1
TXN36072505,1
TXN08548096,0
TXN57672536,1
TXN46329626,0
TXN78007291,0
TXN01743566,0
TXN43424545,0
TXN84528902,1
TXN92604068,0
TXN04785579,1
TXN40194597,1
TXN13917863,1
TXN83632421,0
TXN58854687,1
TXN85779616,0
TXN08359167,0
TXN99614349,1
TXN15412182,1
TXN28343924,1
TXN00411140,0
TXN62458708,1
TXN41527437,0
TXN97406655,1
TXN25977788,1
TXN31111577,1
TXN60434831,0
TXN70623176,0
TXN23893972,0
TXN64390597,0
TXN34364648,1
TXN77056951,1
TXN10432263,1
TXN90163443,1
TXN90489706,0
TXN32188393,1
TXN74856510,0
TXN07395064,1
TXN80552080,0
TXN70147623,0
TXN97921657,0
TXN64097413,1
TXN78662712,1
TXN63067058,0
TXN86107706,1
TXN73880831,1
TXN00549924,1
TXN51050354,0
TXN91563328,0
TXN30066989,0
TXN18553785,0
TXN62535852,1
TXN62960205,0
TXN68376695,1
TXN85971153,1
TXN49562806,0
TXN17662388,1
TXN55302453,1
TXN14579419,0
TXN66991377,0
TXN78340982,0
TXN42978491,0
TXN96508620,0
TXN76826956,1
TXN48839617,0
TXN71022638,1
TXN22985492,0
TXN22904020,0
TXN88419968,0
TXN80934346,1
TXN07946963,1
TXN04852339,0
TXN78012922,0
TXN36493472,0
TXN69360492,1
TXN31489639,0
TXN37561144,0
TXN92001929,0
TXN19226061,1
TXN66323087,0
TXN30966976,1
TXN97029376,0
TXN25511535,0
TXN13896407,0
TXN11514892,1
TXN82718072,0
TXN60928386,1
TXN42140949,0
TXN04563668,1
TXN44400984,0
TXN22532549,0
TXN90155896,0
TXN12700074,0
TXN59822150,0
TXN90302198,0
TXN42116127,0
TXN58960131,0
TXN17356536,1
TXN07343504,0
TXN69118297,0
TXN01262852,0
TXN47550094,0
TXN03621953,1
TXN91652416,1
TXN85119435,1
TXN83772270,0
TXN46604206,1
TXN69866961,1
TXN72901212,0
TXN98889869,1
TXN62115410,1
TXN01439990,1
TXN21216441,1
TXN22234223,1
TXN22322654,1
TXN68363292,1
TXN47263742,1
TXN91239226,1
TXN37768244,0
TXN64947988,0
TXN86993430,0
TXN65300817,0
TXN22799043,0
TXN14695902,1
TXN87183659,0
TXN39700395,0
TXN57884966,0
TXN59924212,1
TXN50657764,1
TXN38704317,0
TXN39697373,0
TXN62806717,0
TXN78544259,0
TXN41836575,1
TXN25499403,1
TXN15252031,1
TXN34655626,1
TXN47200156,1
TXN31019631,1
TXN27358652,0
TXN51965726,1
TXN79941504,0
TXN34557800,1
TXN01190067,0
TXN32340781,1
TXN30224001,1
TXN82600126,1
TXN73730012,0
TXN89203512,1
TXN99105950,0
TXN04667361,1
TXN28212522,1
TXN12520744,1
TXN98095384,0
TXN79878158,1
TXN44840660,0
TXN77372318,1
TXN88314230,0
TXN94592037,0
TXN87692671,0
TXN18638021,1
TXN51910992,0
TXN30432228,1
TXN89240007,1
TXN45345367,1
TXN08925306,0
TXN03084425,1
TXN45835267,0
TXN38097730,1
TXN47260721,1
TXN09664316,1
TXN57886889,1
TXN50457954,1
TXN44874164,0
TXN47035398,0
TXN92460303,1
TXN56718683,0
TXN09940123,1
TXN22416450,1
TXN08202242,1
TXN53027977,0
TXN70904567,0
TXN16833238,0
TXN40834374,1
TXN97970201,0
TXN44856760,1
TXN31936960,0
TXN03161783,0
TXN95332638,0
TXN17772956,0
TXN82140192,1
TXN41338697,0
TXN14307387,0
TXN01939105,0
TXN37043058,0
TXN86454044,1
TXN53305146,0
TXN38937194,0
TXN05403302,1
TXN64411030,1
TXN63297352,0
TXN24958132,1
TXN90785408,0
TXN30230410,0
TXN01766737,1
TXN43001977,1
TXN93700984,0
TXN73855610,1
TXN29981742,1
TXN83868554,1
TXN12397496,1
TXN03737525,1
TXN36767216,1
TXN07554319,0
TXN47270004,0
TXN33083112,0
TXN02655720,0
TXN61603758,1
TXN29380500,0
TXN86153723,0
TXN64835398,0
TXN03023225,1
TXN16129582,0
TXN85224360,0
TXN18747197,0
TXN07077955,0
TXN59520919,0
TXN52540314,0
TXN38917663,1
TXN35761939,1
TXN22603180,0
TXN81515688,0
TXN05987594,1
TXN11215126,1
TXN99158710,0
TXN25353737,1
TXN14513514,1
TXN13750945,0
TXN01158335,1
TXN19390343,0
TXN87134057,0
TXN53360409,1
TXN77521113,0
TXN17190473,1
TXN42840702,1
TXN39043212,1
TXN56591950,0
TXN69978284,0
TXN87357810,1
TXN27806610,1
TXN21087234,0
TXN30156844,0
TXN02888280,0
TXN95056802,1
TXN19207664,1
TXN48399077,0
TXN17120577,1
TXN72655173,0
TXN09313745,0
TXN30787783,1
TXN41457620,1
TXN32802911,1
TXN06276650,1
TXN34924412,1
TXN60641773,0
TXN24334433,0
TXN45803406,1
TXN99306917,0
TXN52842667,1
TXN47445762,1
TXN61156299,0
TXN74508455,0
TXN15730518,1
TXN16068474,1
TXN36871584,1
TXN86245863,1
TXN04987266,1
TXN78200558,0
TXN89786671,0
TXN71923147,1
TXN06486363,0
TXN81544602,0
TXN09780982,0
TXN27898978,1
TXN42761359,0
TXN56904723,1
TXN95672374,0
TXN08040580,1
TXN18205490,0
TXN88361810,0
TXN98751645,1
TXN49673362,1
TXN79999448,1
TXN67006620,1
TXN09350235,0
TXN44649043,1
TXN59510272,0
TXN99392126,1
TXN65969050,1
TXN63588210,1
TXN27082359,0
TXN26717918,0
TXN73513050,1
TXN64004594,1
TXN96997097,1
TXN06729873,0
TXN88157181,1
TXN90783262,0
TXN09110546,0
TXN83569687,1
TXN19694830,1
TXN52054254,0
TXN00387934,0
TXN82718181,0
TXN27456062,0
TXN90188817,1
TXN45326367,0
TXN69661818,0
TXN61078975,0
TXN46456049,1
TXN12411432,0
TXN31110516,0
TXN84653183,0
TXN43964969,1
TXN52041690,0
TXN17581372,0
TXN70335440,1
TXN54529243,0
TXN79373471,1
TXN99674635,0
TXN61726707,0
TXN85195539,1
TXN08687974,0
TXN96300267,1
TXN68593188,0
TXN50676351,1
TXN49963542,1
TXN92224061,0
TXN50808848,1
TXN40101276,1
TXN93434459,0
TXN08321498,0
TXN47500639,0
TXN85178098,0
TXN41095342,0
TXN14637168,0
TXN76567663,1
TXN41595169,1
TXN01624585,1
TXN61512146,0
TXN14103547,1
TXN58932737,0
TXN33443477,1
TXN23270620,1
TXN55778810,1
TXN70954985,1
TXN94398654,1
TXN32993161,1
TXN46545915,0
TXN62586533,0
TXN96432279,0
TXN29346459,1
TXN25061891,0
TXN93187166,0
TXN96864009,0
TXN83550724,1
TXN65349636,0
TXN08049994,1
TXN17508797,0
TXN56732854,1
TXN79343211,0
TXN72739888,0
TXN44426376,0
TXN36783872,1
TXN40248357,1
TXN34533657,0
TXN77220956,0
TXN78660863,0
TXN43192188,0
TXN74591828,1
TXN33242901,0
TXN52878402,0
TXN66774918,1
TXN30632709,0
TXN38457242,0
TXN09617928,0
TXN65723658,1
TXN18501963,1
TXN26937292,0
TXN43612637,0
TXN64588182,1
TXN41846195,1
TXN06242569,1
TXN54674639,0
TXN86230678,1
TXN78971611,0
TXN72133405,1
TXN55873519,0
TXN71346790,0
TXN14209982,0
TXN44775385,0
TXN89813998,0
TXN92366179,0
TXN04554395,0
TXN53167862,0
TXN47450339,1
TXN60733989,1
TXN88182470,0
TXN02654520,0
TXN22839889,1
TXN74740483,1
TXN61033667,0
TXN58405169,1
TXN69080755,0
TXN21757379,1
TXN69912349,0
TXN88729000,1
TXN34806903,0
TXN45519230,0
TXN01851412,1
TXN16324353,1
TXN53321260,0
TXN10854315,0
TXN65543177,1
TXN75269576,1
TXN79131882,0
TXN05974437,1
TXN48733279,0
TXN06339556,1
TXN76457624,0
TXN53669903,1
TXN54318288,0
TXN61522623,0
TXN01076662,1
TXN18912932,1
TXN55374062,0
TXN33073586,1
TXN26701634,0
TXN05037788,0
TXN78766260,0
TXN59053924,1
TXN32421719,1
TXN65177883,0
TXN62649731,1
TXN05650264,1
TXN64387992,0
TXN65928456,0
TXN89824143,1
TXN97100033,1
TXN49304465,1
TXN31142011,0
TXN57972806,0
TXN41452101,0
TXN45539963,0
TXN54709851,1
TXN22704177,0
TXN81901698,1
TXN05014905,1
TXN37959703,0
TXN32555068,0
TXN50175261,0
TXN27356261,1
TXN46935032,0
TXN02463380,1
TXN83274111,0
TXN35088858,1
TXN79531065,1
TXN69075189,0
TXN65658585,1
TXN45858399,1
TXN14125459,0
TXN75356702,1
TXN67101001,1
TXN13706530,0
TXN53002218,1
TXN87538412,1
TXN23984225,0
TXN64937086,0
TXN07931326,0
TXN78288040,0
TXN35565713,0
TXN17852841,0
TXN74187733,0
TXN72272210,1
TXN55809940,0
TXN96243218,0
TXN92004206,0
TXN46641341,1
TXN32401893,1
TXN53563775,0
TXN90553096,1
TXN20888979,0
TXN64619791,1
TXN86225499,1
TXN82900965,0
TXN73289850,0
TXN44485040,1
TXN67170508,1
TXN77962530,1
TXN34394613,0
TXN26814837,1
TXN74936209,1
TXN52526631,0
TXN61031332,1
TXN04530457,0
TXN91532816,1
TXN30127474,1
TXN07664957,0
TXN77485576,1
TXN34255136,1
TXN09368786,0
TXN48785852,1
TXN99350692,1
TXN03727787,1
TXN49604695,1
TXN61422612,1
TXN43919959,0
TXN48233133,1
TXN98613676,0
TXN78206006,0
TXN17121734,1
TXN06286636,0
TXN84240218,0
TXN43713559,0
TXN24256529,1
TXN82413054,1
TXN23541188,1
TXN89114893,1
TXN15089616,0
TXN24675261,0
TXN46474437,0
TXN83842847,0
TXN94043986,0
TXN34750295,0
TXN37186403,0
TXN92232129,0
TXN92470875,0
TXN38036904,1
TXN42498611,0
TXN32010383,0
TXN90677319,0
TXN74575956,0
TXN32198959,0
TXN60695463,0
TXN30745939,1
TXN28696392,0
TXN91595020,0
TXN73622085,0
TXN98834509,0
TXN63212106,0
TXN99980461,0
TXN03351013,0
TXN02118433,1
TXN16258949,0
TXN62401250,0
TXN66362230,0
TXN75174766,0
TXN18969612,1
TXN85927460,0
TXN41492527,0
TXN37181984,1
TXN69680268,1
TXN05759973,0
TXN70280269,1
TXN43324904,1
TXN27721752,0
TXN87182027,1
TXN88377542,0
TXN95121553,1
TXN29598855,1
TXN12411709,1
TXN85029312,1
TXN29443522,1
TXN01429956,1
TXN40343424,1
TXN88634222,1
TXN72745986,1
TXN56186733,1
TXN21369191,1
TXN39241098,0
TXN03005211,1
TXN81684907,0
TXN10242681,0
TXN18648859,0
TXN48941925,1
TXN33961241,0
TXN55165418,1
TXN55584137,1
TXN59203205,1
TXN81276388,1
TXN22618201,1
TXN62749289,1
TXN57315467,1
TXN13221538,0
TXN57713949,1
TXN80696530,1
TXN81298174,0
TXN91632152,1
TXN37899237,0
TXN66801750,1
TXN01194396,1
TXN64586597,1
TXN82311288,0
TXN90011157,0
TXN28246403,0
TXN61646170,1
TXN83807103,0
TXN80713079,1
TXN88263673,0
TXN54388547,0
TXN32029877,0
TXN36002742,1
TXN05704807,1
TXN15409333,0
TXN36597481,0
TXN66998495,1
TXN94123297,1
TXN25867975,1
TXN85453787,1
TXN02958612,0
TXN02986435,0
TXN65550228,0
TXN81090329,0
TXN50601288,0
TXN06969936,0
TXN00063289,1
TXN86869805,0
TXN02358859,0
TXN46093185,0
TXN51948349,0
TXN17154450,1
TXN67717813,0
TXN11419205,0
TXN51196154,1
TXN75196256,0
TXN51848905,1
TXN13598309,1
TXN87363405,1
TXN86692624,1
TXN42039707,1
TXN78923676,0
TXN43797404,0
TXN45914776,1
TXN26046642,1
TXN30325427,1
TXN76465870,1
TXN21571886,1
TXN07431231,1
TXN01342817,1
TXN20621813,1
TXN25117434,1
TXN07045428,1
TXN20730503,1
TXN37617125,1
TXN81034161,1
TXN02489757,0
TXN58767826,0
TXN68008319,0
TXN86492592,1
TXN76084017,1
TXN61961317,1
TXN48699658,1
TXN85066226,1
TXN15079826,1
TXN20812860,1
TXN80063434,0
TXN91851884,0
TXN21466793,0
TXN21916315,1
TXN42084363,1
TXN57892554,0
TXN46031942,0
TXN32881748,0
TXN09422309,1
TXN90771334,0
TXN81794269,0
TXN45906238,0
TXN24467253,1
TXN73184485,1
TXN49486811,0
TXN54392991,1
TXN75155326,1
TXN84640146,1
TXN64791897,1
TXN20409908,1
TXN55752813,1
TXN19906007,0
TXN41450530,1
TXN58022714,1
TXN88036114,1
TXN60946198,1
TXN58184492,1
TXN00342998,1
TXN93701764,1
TXN11471852,1
TXN48307133,0
TXN49297110,1
TXN27122951,1
TXN30291067,1
TXN73239551,0
TXN71186764,0
TXN89762214,1
TXN05229370,0
TXN89544392,0
TXN30943146,1
TXN99833393,1
TXN37943776,0
TXN98622623,1
TXN63317663,0
TXN24213174,0
TXN97068590,0
TXN30549632,1
TXN44449981,1
TXN03824200,0
TXN20728047,0
TXN33373727,1
TXN11728768,0
TXN22253161,0
TXN19896519,1
TXN50381425,1
TXN36411907,1
TXN90479310,0
TXN14060706,0
TXN67576218,1
TXN51546505,0
TXN70155964,0
TXN42258349,0
TXN72977430,0
TXN47138376,1
TXN49238610,1
TXN20347950,1
TXN08601869,0
TXN27913745,1
TXN41710852,0
TXN84702414,0
TXN61984714,0
TXN98133600,1
TXN14151183,0
TXN72320306,1
TXN18316052,1
TXN70472351,0
TXN72421696,1
TXN87171869,0
TXN66209019,0
TXN22436933,0
TXN17446467,1
TXN20702834,0
TXN99057484,1
TXN52274963,1
TXN05646191,1
TXN99918326,0
TXN98358025,1
TXN06424962,0
TXN92260249,0
TXN22148905,1
TXN92317962,1
TXN53480223,1
TXN92384304,1
TXN91747861,1
TXN87691707,1
TXN85809088,0
TXN13120947,0
TXN87363481,0
TXN76866304,1
TXN67459692,1
TXN19214249,1
TXN59019738,1
TXN11600457,1
TXN85885970,1
TXN78301958,0
TXN38168770,0
TXN83279444,1
TXN51181749,1
TXN35148957,0
TXN08122551,0
TXN35322252,1
TXN49875695,0
TXN04394426,1
TXN99470402,1
TXN76858839,0
TXN18915291,1
TXN73328548,1
TXN91274046,0
TXN06762908,0
TXN64309215,1
TXN33582136,1
TXN79268466,0
TXN18617871,0
TXN07361063,0
TXN97742571,1
TXN73038252,0
TXN58789573,0
TXN80302146,0
TXN53001366,1
TXN36481448,0
TXN84365373,1
TXN42181380,1
TXN64635362,0
TXN58201143,1
TXN69234393,1
TXN17004964,0
TXN19277554,1
TXN78384156,1
TXN69666013,0
TXN79946242,0
TXN72290342,0
TXN65837621,1
TXN12468403,1
TXN52754228,1
TXN61639719,0
TXN12481164,0
TXN66775234,0
TXN63637007,0
TXN63553674,0
TXN72131882,0
TXN08146219,0
TXN80616562,0
TXN61070219,1
TXN29131486,1
TXN22938656,0
TXN85604131,0
TXN08925303,0
TXN11078725,0
TXN95831395,0
TXN40994821,1
TXN92756766,1
TXN80398507,1
TXN48530602,0
TXN99470698,1
TXN38938977,0
TXN10911777,0
TXN91403632,1
TXN44440637,0
TXN02034516,1
TXN17169741,1
TXN11481107,1
TXN54819775,0
TXN33495039,1
TXN51562076,0
TXN49880755,0
TXN70008363,1
TXN44521007,1
TXN35194499,1
TXN05052876,0
TXN18937439,0
TXN53648295,1
TXN82369304,1
TXN09109740,1
TXN65107994,0
TXN33490113,0
TXN76418680,0
TXN34306186,0
TXN96056989,0
TXN20488505,1
TXN81895563,0
TXN15186422,1
TXN45696911,0
TXN90803056,1
TXN31311610,0
TXN96670264,0
TXN17792988,0
TXN49324101,1
TXN88797342,1
TXN25635086,1
TXN44932426,0
TXN45179928,1
TXN50104595,1
TXN81237089,0
TXN76762165,1
TXN75825813,0
TXN02826317,1
TXN55953294,1
TXN23266537,0
TXN11137058,1
TXN37475700,1
TXN08809930,0
TXN25271699,1
TXN95389610,0
TXN00416204,1
TXN18544725,0
TXN35648283,1
TXN80759206,1
TXN63782322,1
TXN04976146,1
TXN68748413,0
TXN61699220,1
TXN06914234,1
TXN21757785,1
TXN35452259,1
TXN68380924,1
TXN12376436,1
TXN32409854,1
TXN34087174,1
TXN70499253,0
TXN44318016,1
TXN04123476,1
TXN77760075,1
TXN25470097,1
TXN68331315,0
TXN92175378,0
TXN06097416,1
TXN30913842,1
TXN42505972,0
TXN22905287,1
TXN12386222,1
TXN50223899,1
TXN06824674,1
TXN58694838,0
TXN03006295,1
TXN97759460,0
TXN29650201,0
TXN67107785,1
TXN36312089,1
TXN03874342,0
TXN11727887,0
TXN28930418,0
TXN53676842,0
TXN45813600,1
TXN77512793,0
TXN46779911,0
TXN59384745,0
TXN24934766,1
TXN52893524,0
TXN68885563,0
TXN19155861,0
TXN22453987,1
TXN78822765,1
TXN41764347,0
TXN75316398,1
TXN93436390,1
TXN14491637,0
TXN33371609,0
TXN74223807,1
TXN34430538,1
TXN69081167,0
TXN44794836,0
TXN70606609,1
TXN20129397,0
TXN37425710,0
TXN85480355,0
TXN58475143,1
TXN41350369,0
TXN79457200,1
TXN94379287,0
TXN00740060,1
TXN56360985,0
TXN14540212,0
TXN17334844,1
TXN43679728,0
TXN61151685,0
TXN83645373,0
TXN57301677,1
TXN00825636,1
TXN98462341,0
TXN02241131,1
TXN54390323,1
TXN53584697,1
TXN37363348,1
TXN96991592,0
TXN63462161,0
TXN33048614,0
TXN11559173,0
TXN60194582,0
TXN70426430,0
TXN83540482,0
TXN01799556,1
TXN37964398,1
TXN51127121,1
TXN63723893,0
TXN75973663,1
TXN99384242,0
TXN86910400,1
TXN19965042,1
TXN16170003,1
TXN27615081,1
TXN15085109,0
TXN84185900,0
TXN61613218,0
TXN06369479,1
TXN23238651,0
TXN47792285,0
TXN99279614,1
TXN14747827,0
TXN14705444,0
TXN69310794,1
TXN67334870,1
TXN23821683,1
TXN19525471,1
TXN38275729,1
TXN33252520,1
TXN99271120,0
TXN46916248,0
TXN39285428,1
TXN90370819,1
TXN89242149,1
TXN90227210,1
TXN51275385,0
TXN18859729,0
TXN05733693,1
TXN86133617,0
TXN65410293,0
TXN76184112,1
TXN98148646,0
TXN00122241,0
TXN54975203,1
TXN18909775,0
TXN90677527,1
TXN39321727,0
TXN84558919,1
TXN61953760,1
TXN38729101,0
TXN85286467,0
TXN48814758,0
TXN47855633,1
TXN14609213,0
TXN93049782,0
TXN16066256,1
TXN49953888,1
TXN19832291,0
TXN68029526,0
TXN17730122,1
TXN34046557,0
TXN71265314,0
TXN72877500,0
TXN57309348,1
TXN09065551,1
TXN73573974,0
TXN01161026,1
TXN59744058,1
TXN88008075,1
TXN43892423,0
TXN63257505,1
TXN17920358,1
TXN62167354,1
TXN97530730,0
TXN56716988,0
TXN30215169,1
TXN61657508,1
TXN68980629,1
TXN01148824,0
TXN67470132,1
TXN98653309,0
TXN09501633,1
TXN85113657,0
TXN94702909,0
TXN76728092,0
TXN14321555,1
TXN02223823,1
TXN64943089,0
TXN31755967,0
TXN10288813,0
TXN07388785,0
TXN93498740,1
TXN59488951,1
TXN50987013,1
TXN98063368,0
TXN94414714,0
TXN84383099,1
TXN14056374,0
TXN22248167,0
TXN37483122,1
TXN75283880,1
TXN26189317,1
TXN94686716,1
TXN87638879,0
TXN19331778,0
TXN81648333,0
TXN64640456,1
TXN22428425,0
TXN76277557,0
TXN44467046,1
TXN51795788,0
TXN29757637,1
TXN99180045,0
TXN99168236,0
TXN32095078,1
TXN27122495,1
TXN26982325,0
TXN77380328,0
TXN79158018,1
TXN49257848,0
TXN74915012,1
TXN69364053,1
TXN74190500,1
TXN84899238,1
TXN64117741,1
TXN18125350,0
TXN82167283,0
TXN47117012,0
TXN23471709,1
TXN90029088,1
TXN23703064,1
TXN16844279,1
TXN04548811,1
TXN00051036,0
TXN97808532,1
TXN20290831,1
TXN39713094,0
TXN84098430,1
TXN65067500,0
TXN96336821,1
TXN12179250,0
TXN59442209,0
TXN33416416,1
TXN93365418,1
TXN65272145,1
TXN36388417,0
TXN76260417,0
TXN27467388,0
TXN74582501,0
TXN24754937,1
TXN81899794,1
TXN13628837,0
TXN36776179,0
TXN99814664,0
TXN64263611,0
TXN75320304,0
TXN09506644,0
TXN35419292,0
TXN39924513,1
TXN26624228,1
TXN81341180,0
TXN96142234,0
TXN84875534,0
TXN76017486,0
TXN10808691,1
TXN19274394,0
TXN98687894,1
TXN75460999,1
TXN94707531,1
TXN79414526,1
TXN56848865,0
TXN25110352,1
TXN82195110,1
TXN06400582,1
TXN25408193,0
TXN53248692,1
TXN74959176,1
TXN14347516,0
TXN09606128,0
TXN77170289,1
TXN14447504,1
TXN50368623,1
TXN32300805,1
TXN73304394,1
TXN34501029,0
TXN48431349,1
TXN37821252,1
TXN98689206,1
TXN59524540,1
TXN03281080,0
TXN31079716,1
TXN85072571,1
TXN19245089,0
TXN03846130,0
TXN99032921,1
TXN28484832,1
TXN35644254,0
TXN54922064,1
TXN93346987,1
TXN97748033,0
TXN14456664,0
TXN04105497,0
TXN44358582,1
TXN12313348,1
TXN85302969,0
TXN03336313,0
TXN64509521,1
TXN68436427,0
TXN78177412,1
TXN96722548,0
TXN22886224,0
TXN59843459,1
TXN09453372,1
TXN94720871,1
TXN29240273,1
TXN95203409,0
TXN93273338,0
TXN50105867,1
TXN39143996,1
TXN25524082,0
TXN38582534,0
TXN51997730,0
TXN37056129,1
TXN04340982,0
TXN61458565,0
TXN85482824,0
TXN38655549,1
TXN37836823,1
TXN58778696,1
TXN25437580,0
TXN19210573,1
TXN46005213,1
TXN08317309,0
TXN50587692,0
TXN33058412,0
TXN44405850,1
TXN97942231,1
TXN63194210,1
TXN84331045,1
TXN73839248,0
TXN04661804,0
TXN84005311,0
TXN08352438,0
TXN51039885,1
TXN50622851,0
TXN51256957,0
TXN99726957,1
TXN90174049,1
TXN57880517,1
TXN49019858,1
TXN71399651,0
TXN36253034,1
TXN72540478,1
TXN90996126,1
TXN22002898,0
TXN59281492,0
TXN40548134,1
TXN94481267,0
TXN87330740,1
TXN98202689,1
TXN10651730,0
TXN10841837,0
TXN01451361,0
TXN31373879,0
TXN76260369,0
TXN68723428,1
TXN87340954,1
TXN09162032,1
TXN84157612,0
TXN73183909,1
TXN61564415,0
TXN49067869,1
TXN79891259,1
TXN86402978,1
TXN67553339,0
TXN41489363,1
TXN40149398,0
TXN25080200,0
TXN04140710,0
TXN18587461,0
TXN98168337,0
TXN41857894,0
TXN13816561,0
TXN78460777,0
TXN06969836,0
TXN89696435,0
TXN67170108,1
TXN69544509,0
TXN05930460,0
TXN89237839,0
TXN83858675,0
TXN97575611,1
TXN60823397,0
TXN30847987,1
TXN08220555,0
TXN24809080,0
TXN91026233,1
TXN36173625,0
TXN69616356,1
TXN85211061,0
TXN47738105,0
TXN14133257,0
TXN37258121,0
TXN73262104,0
TXN89491213,0
TXN58996971,0
TXN21151183,1
TXN27726986,0
TXN63033606,0
TXN68228920,1
TXN28857456,0
TXN60660718,1
TXN05277213,0
TXN69911647,0
TXN49510237,0
TXN65200844,0
TXN63633444,1
TXN81376325,1
TXN61290077,0
TXN54620267,1
TXN35262041,0
TXN20243757,1
TXN07930925,0
TXN81291439,0
TXN27348618,1
TXN12692181,1
TXN73677976,0
TXN74122321,1
TXN89135038,0
TXN09772450,0
TXN46076334,0
TXN47774332,1
TXN11681417,1
TXN78903095,0
TXN58590269,1
TXN22298055,1
TXN08440022,0
TXN79928129,1
TXN87167081,0
TXN34861947,1
TXN59121003,1
TXN92960325,0
TXN27791726,0
TXN50260180,1
TXN80493572,1
TXN76481104,1
TXN74757320,1
TXN72061719,0
TXN89227587,0
TXN80770211,1
TXN85775241,0
TXN85701904,0
TXN53086678,1
TXN74095331,0
TXN13375138,1
TXN07691486,0
TXN96620052,1
TXN03057406,0
TXN24263855,0
TXN54562717,0
TXN82692651,1
TXN73974394,1
TXN19278094,1
TXN32290698,1
TXN35134583,0
TXN58947259,1
TXN41942120,0
TXN84711531,1
TXN65345297,0
TXN58833294,1
TXN82407463,1
TXN92279634,1
TXN86755483,1
TXN32061527,0
TXN39778819,0
TXN52090521,1
TXN29701584,0
TXN62069652,1
TXN96811807,0
TXN63710580,0
TXN58012776,0
TXN30156356,0
TXN84809973,1
TXN10307952,0
TXN07264761,1
TXN29770103,1
TXN11922428,0
TXN96469990,1
TXN00025487,0
TXN69112602,0
TXN77709273,0
TXN09519804,0
TXN23730022,0
TXN73320153,1
TXN87218047,0
TXN09289666,0
TXN38244052,0
TXN57387086,1
TXN01632330,0
TXN03896836,1
TXN75173191,1
TXN82634989,1
TXN49177520,0
TXN33568504,1
TXN73681250,1
TXN73250655,0
TXN21055903,1
TXN86658981,0
TXN89460170,1
TXN32707697,1
TXN91104202,1
TXN30283394,1
TXN21113419,1
TXN32058097,1
TXN72283175,0
TXN09177981,1
TXN98508146,0
TXN30282037,1
TXN98339830,1
TXN88508579,0
TXN28169971,1
TXN95743739,1
TXN76169030,1
TXN80219369,0
TXN35940338,1
TXN96802836,1
TXN08350327,0
TXN06629065,1
TXN21154710,0
TXN18762090,1
TXN86428339,1
TXN00555094,1
TXN13850814,0
TXN53497023,0
TXN76267053,0
TXN80445676,0
TXN04818235,1
TXN51502879,0
TXN80379676,0
TXN01259154,1
TXN68514822,0
TXN17593333,0
TXN87307989,0
TXN70968722,0
TXN35686378,0
TXN31796508,1
TXN15124650,0
TXN01548750,0
TXN38449943,1
TXN18609656,1
TXN03005017,1
TXN10360005,1
TXN39720786,0
TXN83420850,0
TXN55887380,1
TXN29143850,1
TXN78885515,1
TXN88916306,1
TXN90930728,1
TXN99719390,1
TXN72404833,1
TXN29603482,0
TXN87863286,0
TXN30488962,1
TXN68668504,1
TXN19236376,0
TXN00875416,0
TXN33200288,1
TXN24838828,1
TXN36485578,1
TXN48034442,0
TXN87177244,0
TXN97709875,1
TXN00502217,0
TXN93348792,0
TXN12901278,0
TXN63489837,1
TXN15532112,1
TXN22238506,1
TXN50017694,0
TXN67248584,0
TXN08435442,1
TXN27240423,0
TXN82588002,0
TXN12944198,1
TXN68297618,1
TXN60999537,1
TXN41004187,1
TXN41725153,1
TXN41479814,0
TXN36920808,0
TXN46172501,0
TXN41188474,0
TXN06348984,1
TXN55866127,1
TXN62216508,0
TXN65044954,0
TXN00098165,0
TXN01693718,0
TXN64615820,0
TXN61086705,1
TXN29137093,1
TXN33448371,1
TXN60275493,1
TXN54931100,0
TXN29768515,0
TXN86642847,1
TXN76577063,1
TXN75492587,1
TXN09852401,0
TXN71664876,1
TXN38268870,0
TXN43161937,0
TXN67821646,1
TXN98333010,1
TXN71838822,0
TXN32614676,1
TXN49291928,1
TXN73165612,0
TXN29175103,1
TXN36391054,0
TXN00117355,1
TXN96297663,1
TXN67133317,1
TXN80810165,0
TXN33320108,0
TXN99639839,0
TXN48183998,0
TXN73750745,1
TXN70669173,0
TXN90897908,1
TXN27267717,1
TXN07029218,0
TXN59496096,1
TXN83999981,0
TXN01484029,1
TXN17707889,0
TXN60203058,0
TXN65245988,0
TXN58925207,1
TXN94303403,1
TXN79627549,1
TXN51603787,1
TXN44110481,0
TXN21771436,1
TXN90160172,0
TXN00759042,1
TXN90225706,1
TXN84895688,1
TXN08718081,0
TXN46773996,1
TXN09034982,1
TXN81321501,0
TXN04994956,0
TXN29315459,0
TXN64911767,1
TXN40082276,0
TXN90000673,1
TXN49445834,0
TXN88475750,1
TXN29443144,1
TXN92505223,1
TXN77700131,1
TXN23622307,1
TXN20208617,0
TXN58586230,1
TXN35848312,0
TXN08830726,1
TXN85304857,0
TXN41358223,0
TXN24870678,0
TXN93707781,0
TXN09018402,0
TXN91947813,0
TXN36487511,1
TXN60081105,0
TXN79397284,1
TXN01010757,0
TXN50065874,1
TXN70693625,1
TXN53730716,0
TXN75383589,1
TXN40362854,1
TXN19488904,0
TXN24977324,1
TXN18523457,1
TXN20924377,1
TXN84276893,1
TXN76712367,1
TXN20899418,0
TXN36272226,0
TXN67378567,0
TXN88600643,0
TXN98015812,0
TXN18526560,1
TXN96147877,0
TXN87854862,1
TXN18597941,0
TXN80489352,0
TXN21892324,1
TXN08569181,0
TXN63727177,1
TXN75521131,1
TXN99665986,1
TXN90420264,0
TXN62612421,1
TXN54369438,1
TXN63058929,1
TXN82832065,1
TXN20320614,1
TXN13478796,1
TXN63684331,0
TXN03757892,0
TXN25948752,0
TXN67018877,1
TXN21468855,1
TXN65320482,0
TXN87626973,1
TXN01779776,0
TXN28272709,1
TXN85803664,1
TXN20658946,0
TXN56923237,1
TXN44980337,0
TXN13641450,1
TXN83496427,1
TXN43907844,1
TXN09318345,0
TXN34810916,1
TXN58856215,1
TXN36323455,1
TXN23995006,1
TXN34887586,0
TXN46073912,1
TXN13805121,0
TXN66843486,1
TXN92302930,1
TXN66564908,0
TXN22111795,0
TXN77956523,1
TXN63230435,1
TXN85188907,0
TXN31158631,1
TXN33363282,1
TXN38705634,0
TXN84115830,0
TXN30437124,0
TXN50115857,1
TXN31594522,0
TXN78295013,0
TXN48818541,0
TXN71490010,1
TXN97509109,0
TXN47352799,0
TXN71167584,1
TXN33099069,0
TXN30019856,1
TXN25688722,0
TXN08919044,0
TXN57241960,0
TXN94390968,1
TXN23311226,1
TXN36406899,0
TXN75113980,1
TXN60051513,0
TXN60492808,1
TXN67269536,1
TXN81190760,1
TXN46762296,1
TXN15741283,1
TXN03513687,0
TXN43310693,1
TXN47563045,1
TXN86305129,1
TXN06750566,1
TXN22338805,0
TXN22839074,0
TXN61076885,1
TXN33337862,1
TXN66661749,1
TXN49364542,1
TXN59334318,0
TXN35396377,0
TXN82106696,1
TXN59015673,1
TXN14138362,0
TXN76777560,1
TXN97666648,0
TXN97652792,0
TXN63070979,0
TXN08274692,1
TXN20085218,0
TXN83425312,0
TXN71720277,0
TXN94080357,1
TXN98945941,0
TXN08594895,0
TXN94000819,0
TXN27646087,0
TXN70515166,1
TXN86463905,1
TXN46752496,0
TXN53786322,1
TXN19023598,1
TXN72074923,0
TXN17382252,0
TXN17086610,0
TXN03237619,1
TXN75272241,0
TXN78575394,1
TXN27091113,0
TXN62571885,0
TXN34838645,0
TXN76602398,1
TXN11046628,1
TXN54551106,0
TXN09215340,0
TXN92489907,0
TXN79757541,1
TXN03950597,0
TXN53283879,1
TXN35701631,1
TXN49513888,0
TXN00405185,0
TXN26342236,0
TXN50330441,1
TXN88694894,1
TXN69249569,0
TXN89072222,0
TXN22999906,1
TXN94353991,1
TXN65843933,1
TXN73338977,1
TXN01746893,1
TXN01748307,1
TXN55116122,1
TXN91718796,0
TXN79538474,0
TXN10698628,1
TXN18583823,1
TXN65147970,1
TXN56038402,1
TXN90209597,0
TXN87899244,0
TXN70771425,1
TXN21708396,0
TXN26578137,0
TXN19706710,1
TXN93785410,0
TXN39554887,1
TXN73060522,1
TXN75774041,0
TXN56544465,0
TXN82578979,1
TXN25611875,1
TXN31422109,1
TXN90019699,1
TXN31699620,1
TXN52090856,0
TXN26968538,1
TXN40810012,1
TXN48365123,0
TXN71472556,0
TXN77473366,0
TXN85981999,0
TXN30771430,1
TXN62465055,0
TXN20827765,0
TXN85169074,1
TXN77392605,1
TXN64982629,1
TXN21089224,1
TXN10325133,0
TXN50325981,0
TXN28826073,1
TXN48049763,1
TXN00665442,1
TXN13989238,0
TXN36481621,1
TXN05045961,1
TXN73130929,1
TXN65246218,1
TXN27401140,0
TXN60272601,1
TXN21350780,1
TXN54276704,1
TXN83513656,0
TXN17735665,1
TXN78433070,0
TXN87253255,1
TXN70966194,1
TXN98719861,1
TXN86218598,0
TXN61739946,0
TXN16549629,1
TXN16392541,1
TXN92124568,1
TXN56493062,0
TXN57263464,1
TXN66182318,0
TXN05085067,1
TXN87301838,0
TXN63611447,1
TXN14660786,0
TXN21118488,1
TXN31173966,0
TXN83637761,0
TXN11117168,1
TXN08444833,0
TXN36015643,0
TXN03375122,1
TXN40642637,0
TXN52721379,0
TXN04233192,0
TXN88016079,1
TXN48907774,1
TXN27026106,0
TXN19602259,1
TXN85087694,0
TXN67443888,1
TXN92250362,0
TXN23442301,1
TXN28172506,1
TXN43577436,1
TXN41010887,0
TXN72060969,1
TXN91518902,1
TXN75186644,1
TXN09860562,0
TXN20500932,0
TXN84036536,0
TXN49454926,0
TXN39912620,1
TXN39150476,0
TXN84339174,0
TXN86367414,1
TXN32855191,1
TXN92443747,1
TXN27130866,0
TXN77666807,0
TXN54876601,1
TXN46929984,1
TXN07383617,1
TXN01880723,1
TXN77006413,1
TXN66508876,1
TXN73497144,0
TXN35649264,0
TXN42935246,1
TXN54407846,1
TXN80663123,1
TXN16417137,1
TXN20541658,0
TXN51562660,0
TXN37429242,0
TXN13721342,1
TXN91430239,1
TXN43229582,0
TXN28649438,1
TXN93425817,0
TXN13658929,0
TXN95128926,0
TXN73868799,1
TXN68507747,0
TXN33205447,1
TXN90954736,0
TXN09791055,0
TXN46850315,0
TXN13047412,0
TXN31220239,1
TXN98651172,0
TXN25832376,0
TXN42847381,0
TXN39702167,1
TXN05098754,0
TXN00580074,1
TXN63923376,0
TXN60668367,1
TXN75602473,1
TXN11732056,1
TXN48840415,1
TXN45645714,1
TXN12056676,0
TXN48805875,0
TXN43640690,0
TXN40491390,1
TXN43882795,0
TXN93706663,1
TXN47570679,0
TXN26030372,1
TXN11197282,1
TXN81175698,1
TXN36683564,1
TXN58513820,0
TXN48507610,1
TXN35488639,1
TXN28305192,1
TXN09067979,0
TXN14506260,1
TXN57341807,1
TXN23079696,0
TXN83044533,1
TXN56372634,0
TXN05174266,0
TXN52328960,0
TXN48901523,0
TXN31200533,0
TXN96838661,0
TXN37755945,0
TXN89328844,1
TXN84648109,1
TXN95735279,0
TXN28887253,0
TXN31510357,1
TXN69218039,0
TXN13586953,0
TXN26025569,1
TXN12258289,1
TXN26722167,0
TXN65582587,0
TXN14227570,0
TXN85245272,0
TXN97720748,1
TXN62874189,0
TXN11310287,1
TXN45694602,1
TXN57998464,1
TXN61414092,1
TXN02933598,0
TXN63123097,1
TXN96736675,1
TXN00715963,1
TXN52702379,1
TXN28180685,0
TXN02825278,0
TXN05509180,1
TXN72018674,1
TXN70571239,0
TXN73145515,0
TXN14542477,1
TXN32444383,0
TXN58193959,1
TXN93781428,1
TXN93542328,0
TXN80036460,1
TXN69147154,0
TXN94474969,0
TXN29065437,1
TXN81247015,0
TXN85551751,1
TXN51789763,1
TXN64859195,1
TXN86335049,1
TXN62970944,1
TXN12696907,0
TXN52384056,0
TXN46650086,0
TXN14296105,1
TXN79397848,0
TXN61854705,1
TXN30467173,0
TXN10347476,1
TXN28966257,0
TXN56235606,0
TXN73956518,1
TXN53021038,0
TXN43306497,0
TXN80215376,0
TXN20367551,1
TXN09950502,0
TXN30927036,0
TXN82699218,0
TXN57398441,1
TXN42429389,0
TXN49523685,1
TXN43844276,1
TXN31844108,0
TXN99028628,1
TXN93984942,0
TXN63821760,0
TXN15284714,1
TXN02874865,1
TXN22971319,0
TXN00561376,0
TXN91246496,1
TXN59344265,1
TXN90470566,1
TXN83715740,1
TXN69668368,0
TXN87174510,1
TXN93539856,0
TXN99968273,0
TXN98414958,0
TXN75324432,1
TXN53287647,1
TXN49649767,0
TXN72722618,1
TXN65941652,1
TXN32583028,1
TXN52263030,0
TXN79625171,0
TXN87828036,0
TXN81588747,1
TXN58380260,0
TXN74503607,0
TXN16776522,1
TXN25764000,1
TXN36496369,0
TXN35699132,0
TXN74788795,0
TXN81074461,0
TXN73187638,0
TXN69675508,1
TXN75455082,0
TXN27650586,0
TXN88479842,1
TXN10189143,0
TXN22250242,1
TXN17405232,1
TXN00566023,1
TXN62491572,1
TXN81318452,0
TXN65974750,1
TXN88863323,0
TXN35385582,1
TXN80422187,0
TXN55620638,1
TXN44855583,1
TXN43154696,1
TXN15332786,1
TXN06115155,0
TXN78466732,1
TXN77533055,0
TXN42018206,1
TXN47575193,0
TXN58049968,1
TXN23659256,0
TXN76365731,0
TXN67024387,1
TXN41423023,1
TXN80056612,0
TXN81596466,0
TXN96666644,0
TXN31953236,0
TXN05113604,0
TXN17861405,1
TXN35532407,1
TXN96989591,0
TXN43600240,0
TXN11633233,1
TXN81721233,0
TXN06211402,1
TXN42462739,0
TXN37070914,1
TXN02042223,1
TXN90672947,0
TXN71293810,1
TXN50598792,0
TXN53817418,0
TXN89385160,1
TXN41874941,0
TXN60146346,0
TXN81927827,0
TXN51168927,0
TXN95947376,1
TXN22535844,0
TXN31883428,0
TXN94558538,0
TXN91575553,0
TXN65784086,0
TXN61720943,0
TXN22736184,0
TXN10579825,1
TXN57389658,0
TXN98217943,0
TXN37002664,1
TXN54029082,0
TXN53693049,1
TXN42920982,0
TXN16117371,0
TXN78048125,0
TXN31144013,0
TXN53491176,0
TXN15126085,0
TXN31524258,1
TXN22338336,0
TXN63324880,0
TXN32726153,1
TXN75490985,0
TXN47306336,0
TXN90490881,1
TXN48622301,0
TXN92505660,0
TXN69553817,1
TXN34924632,0
TXN27595962,0
TXN22001739,1
TXN43541647,1
TXN72111787,0
TXN43976070,0
TXN40429834,1
TXN71450443,0
TXN83134526,1
TXN44648608,0
TXN09358318,0
TXN71237979,1
TXN50379185,1
TXN91739971,0
TXN90975647,0
TXN06809250,1
TXN21537686,0
TXN39202482,0
TXN15225327,0
TXN24139333,1
TXN96422295,0
TXN19022420,0
TXN70810774,1
TXN99498378,1
TXN14925655,1
TXN31803724,0
TXN99085354,0
TXN26893231,1
TXN10909405,1
TXN09538312,0
TXN67686666,1
TXN31473066,1
TXN09662596,1
TXN73741320,1
TXN44834398,1
TXN54846870,0
TXN85052166,0
TXN41664416,1
TXN96536238,0
TXN86311686,0
TXN26047129,1
TXN24988346,0
TXN64112551,1
TXN90583399,1
TXN28007298,1
TXN84864563,1
TXN23878532,0
TXN61827838,1
TXN45599778,1
TXN38222559,1
TXN26551915,0
